,team,total,home,team_opp,total_opp,home_opp,date,Season,won,mp,fg,fga,fg%,3p,3pa,3p%,ft,fta,ft%,orb,drb,trb,ast,stl,blk,tov,pf,ts%,efg%,3par,ftr,orb%,drb%,trb%,ast%,stl%,blk%,tov%,usg%,ortg,drtg,fg_max,fga_max,fg%_max,3p_max,3pa_max,3p%_max,ft_max,fta_max,ft%_max,orb_max,drb_max,trb_max,ast_max,stl_max,blk_max,tov_max,pf_max,pts_max,+/-_max,ts%_max,efg%_max,3par_max,ftr_max,orb%_max,drb%_max,trb%_max,ast%_max,stl%_max,blk%_max,tov%_max,usg%_max,ortg_max,drtg_max,fg_opp,fga_opp,fg%_opp,3p_opp,3pa_opp,3p%_opp,ft_opp,fta_opp,ft%_opp,orb_opp,drb_opp,trb_opp,ast_opp,stl_opp,blk_opp,tov_opp,pf_opp,ts%_opp,efg%_opp,3par_opp,ftr_opp,orb%_opp,drb%_opp,trb%_opp,ast%_opp,stl%_opp,blk%_opp,tov%_opp,usg%_opp,ortg_opp,drtg_opp,fg_max_opp,fga_max_opp,fg%_max_opp,3p_max_opp,3pa_max_opp,3p%_max_opp,ft_max_opp,fta_max_opp,ft%_max_opp,orb_max_opp,drb_max_opp,trb_max_opp,ast_max_opp,stl_max_opp,blk_max_opp,tov_max_opp,pf_max_opp,pts_max_opp,+/-_max_opp,ts%_max_opp,efg%_max_opp,3par_max_opp,ftr_max_opp,orb%_max_opp,drb%_max_opp,trb%_max_opp,ast%_max_opp,stl%_max_opp,blk%_max_opp,tov%_max_opp,usg%_max_opp,ortg_max_opp,drtg_max_opp,PER_Combined,PER_Combined_opp
0,NYK,109,0,BOS,132,1,2024-10-22,2025,False,240.0,43.0,78.0,0.551,11.0,30.0,0.367,12.0,16.0,0.75,5.0,29.0,34.0,20.0,2.0,3.0,12.0,12.0,0.641,0.622,0.385,0.205,14.7,72.5,45.9,46.5,2.2,8.8,12.4,100.0,121.6,147.3,9.0,14.0,0.8,4.0,7.0,1.0,4.0,6.0,1.0,3.0,7.0,9.0,4.0,1.0,2.0,4.0,3.0,22.0,10.0,0.972,1.0,1.0,1.0,17.4,78.9,42.7,29.5,2.6,23.2,50.0,39.0,172.0,155.0,48.0,95.0,0.505,29.0,61.0,0.475,7.0,8.0,0.875,11.0,29.0,40.0,33.0,6.0,3.0,4.0,15.0,0.67,0.658,0.642,0.084,27.5,85.3,54.1,68.8,6.7,6.3,3.9,100.0,147.3,121.6,14.0,18.0,0.778,8.0,11.0,0.727,4.0,4.0,1.0,3.0,5.0,7.0,10.0,1.0,1.0,1.0,3.0,37.0,26.0,1.0,1.0,1.0,0.222,20.3,31.9,25.7,61.3,2.8,5.2,9.1,32.5,209.0,127.0,95.0,93.9
1,BOS,132,1,NYK,109,0,2024-10-22,2025,True,240.0,48.0,95.0,0.505,29.0,61.0,0.475,7.0,8.0,0.875,11.0,29.0,40.0,33.0,6.0,3.0,4.0,15.0,0.67,0.658,0.642,0.084,27.5,85.3,54.1,68.8,6.7,6.3,3.9,100.0,147.3,121.6,14.0,18.0,0.778,8.0,11.0,0.727,4.0,4.0,1.0,3.0,5.0,7.0,10.0,1.0,1.0,1.0,3.0,37.0,26.0,1.0,1.0,1.0,0.222,20.3,31.9,25.7,61.3,2.8,5.2,9.1,32.5,209.0,127.0,43.0,78.0,0.551,11.0,30.0,0.367,12.0,16.0,0.75,5.0,29.0,34.0,20.0,2.0,3.0,12.0,12.0,0.641,0.622,0.385,0.205,14.7,72.5,45.9,46.5,2.2,8.8,12.4,100.0,121.6,147.3,9.0,14.0,0.8,4.0,7.0,1.0,4.0,6.0,1.0,3.0,7.0,9.0,4.0,1.0,2.0,4.0,3.0,22.0,10.0,0.972,1.0,1.0,1.0,17.4,78.9,42.7,29.5,2.6,23.2,50.0,39.0,172.0,155.0,93.9,95.0
2,MIN,103,0,LAL,110,1,2024-10-22,2025,False,240.0,35.0,85.0,0.412,13.0,41.0,0.317,20.0,27.0,0.741,12.0,35.0,47.0,17.0,4.0,1.0,16.0,22.0,0.532,0.488,0.482,0.318,27.9,70.0,50.5,48.6,4.2,1.5,14.2,100.0,107.4,114.7,10.0,25.0,0.714,5.0,13.0,0.75,5.0,7.0,1.0,3.0,11.0,14.0,4.0,2.0,1.0,4.0,5.0,27.0,13.0,0.888,0.929,1.0,0.7,11.0,29.9,20.5,20.2,3.2,2.1,26.5,31.4,139.0,122.0,42.0,95.0,0.442,5.0,30.0,0.167,21.0,25.0,0.84,15.0,31.0,46.0,22.0,7.0,8.0,7.0,22.0,0.519,0.468,0.316,0.263,30.0,72.1,49.5,52.4,7.3,18.2,6.2,100.0,114.7,107.4,11.0,23.0,0.8,1.0,7.0,0.333,13.0,15.0,1.0,4.0,13.0,16.0,5.0,2.0,3.0,2.0,5.0,36.0,19.0,0.85,0.8,1.0,0.667,35.8,38.6,22.0,19.3,3.2,8.7,50.0,34.6,182.0,118.0,95.4,84.9
3,LAL,110,1,MIN,103,0,2024-10-22,2025,True,240.0,42.0,95.0,0.442,5.0,30.0,0.167,21.0,25.0,0.84,15.0,31.0,46.0,22.0,7.0,8.0,7.0,22.0,0.519,0.468,0.316,0.263,30.0,72.1,49.5,52.4,7.3,18.2,6.2,100.0,114.7,107.4,11.0,23.0,0.8,1.0,7.0,0.333,13.0,15.0,1.0,4.0,13.0,16.0,5.0,2.0,3.0,2.0,5.0,36.0,19.0,0.85,0.8,1.0,0.667,35.8,38.6,22.0,19.3,3.2,8.7,50.0,34.6,182.0,118.0,35.0,85.0,0.412,13.0,41.0,0.317,20.0,27.0,0.741,12.0,35.0,47.0,17.0,4.0,1.0,16.0,22.0,0.532,0.488,0.482,0.318,27.9,70.0,50.5,48.6,4.2,1.5,14.2,100.0,107.4,114.7,10.0,25.0,0.714,5.0,13.0,0.75,5.0,7.0,1.0,3.0,11.0,14.0,4.0,2.0,1.0,4.0,5.0,27.0,13.0,0.888,0.929,1.0,0.7,11.0,29.9,20.5,20.2,3.2,2.1,26.5,31.4,139.0,122.0,84.9,95.4
4,CLE,136,0,TOR,106,1,2024-10-23,2025,True,240.0,51.0,87.0,0.586,14.0,30.0,0.467,20.0,26.0,0.769,8.0,28.0,36.0,29.0,10.0,9.0,13.0,22.0,0.691,0.667,0.345,0.299,25.0,66.7,48.6,56.9,10.0,16.4,11.7,100.0,136.3,106.2,9.0,14.0,1.0,3.0,6.0,1.0,6.0,7.0,1.0,4.0,7.0,9.0,6.0,3.0,4.0,2.0,4.0,25.0,31.0,1.1,1.5,1.0,2.0,22.3,40.6,26.3,42.4,5.2,13.4,51.5,29.7,195.0,119.0,36.0,86.0,0.419,12.0,31.0,0.387,22.0,29.0,0.759,14.0,24.0,38.0,25.0,8.0,6.0,19.0,24.0,0.537,0.488,0.36,0.337,33.3,75.0,51.4,69.4,8.0,10.5,16.1,100.0,106.2,136.3,5.0,14.0,1.0,4.0,6.0,0.8,4.0,6.0,1.0,4.0,6.0,9.0,5.0,2.0,2.0,5.0,5.0,18.0,1.0,1.0,1.0,1.0,2.0,18.1,48.6,29.5,59.9,5.7,5.8,39.2,36.5,200.0,141.0,86.80000000000001,73.8
5,UTA,124,1,MEM,126,0,2024-10-23,2025,False,240.0,40.0,85.0,0.471,10.0,26.0,0.385,34.0,45.0,0.756,14.0,35.0,49.0,21.0,7.0,9.0,17.0,24.0,0.592,0.529,0.306,0.529,33.3,72.9,54.4,52.5,6.8,19.6,14.0,100.0,119.9,121.8,9.0,18.0,0.857,4.0,7.0,0.6,13.0,14.0,1.0,6.0,8.0,14.0,7.0,2.0,5.0,4.0,5.0,35.0,16.0,1.136,0.857,0.714,1.0,23.2,27.0,25.2,50.3,7.5,17.6,53.2,31.1,225.0,130.0,43.0,91.0,0.473,17.0,45.0,0.378,23.0,32.0,0.719,13.0,28.0,41.0,28.0,7.0,5.0,13.0,35.0,0.6,0.566,0.495,0.352,27.1,66.7,45.6,65.1,6.8,8.5,11.0,100.0,121.8,119.9,10.0,20.0,1.0,5.0,10.0,1.0,8.0,9.0,1.0,4.0,5.0,5.0,10.0,3.0,2.0,3.0,6.0,27.0,11.0,1.33,1.5,1.0,2.0,27.1,30.0,18.1,55.5,6.4,7.2,22.5,34.2,258.0,125.0,73.8,86.80000000000001
6,MEM,126,0,UTA,124,1,2024-10-23,2025,True,240.0,43.0,91.0,0.473,17.0,45.0,0.378,23.0,32.0,0.719,13.0,28.0,41.0,28.0,7.0,5.0,13.0,35.0,0.6,0.566,0.495,0.352,27.1,66.7,45.6,65.1,6.8,8.5,11.0,100.0,121.8,119.9,10.0,20.0,1.0,5.0,10.0,1.0,8.0,9.0,1.0,4.0,5.0,5.0,10.0,3.0,2.0,3.0,6.0,27.0,11.0,1.33,1.5,1.0,2.0,27.1,30.0,18.1,55.5,6.4,7.2,22.5,34.2,258.0,125.0,40.0,85.0,0.471,10.0,26.0,0.385,34.0,45.0,0.756,14.0,35.0,49.0,21.0,7.0,9.0,17.0,24.0,0.592,0.529,0.306,0.529,33.3,72.9,54.4,52.5,6.8,19.6,14.0,100.0,119.9,121.8,9.0,18.0,0.857,4.0,7.0,0.6,13.0,14.0,1.0,6.0,8.0,14.0,7.0,2.0,5.0,4.0,5.0,35.0,16.0,1.136,0.857,0.714,1.0,23.2,27.0,25.2,50.3,7.5,17.6,53.2,31.1,225.0,130.0,72.5,50.199999999999996
7,POR,104,1,GSW,140,0,2024-10-23,2025,False,240.0,36.0,92.0,0.391,8.0,34.0,0.235,24.0,30.0,0.8,13.0,29.0,42.0,21.0,10.0,4.0,18.0,22.0,0.494,0.435,0.37,0.326,23.6,65.9,42.4,58.3,9.3,8.9,14.6,100.0,97.0,130.6,7.0,18.0,0.75,2.0,8.0,1.0,8.0,9.0,1.0,4.0,9.0,11.0,4.0,2.0,2.0,5.0,4.0,22.0,-3.0,0.75,0.75,0.583,2.0,26.7,31.7,17.2,69.0,3.6,8.5,33.3,35.8,219.0,140.0,48.0,93.0,0.516,20.0,48.0,0.417,24.0,30.0,0.8,15.0,42.0,57.0,38.0,13.0,5.0,18.0,27.0,0.659,0.624,0.516,0.323,34.1,76.4,57.6,79.2,12.1,8.6,14.5,100.0,130.6,97.0,8.0,15.0,1.0,5.0,8.0,1.0,6.0,6.0,1.0,4.0,9.0,9.0,10.0,3.0,2.0,4.0,3.0,22.0,35.0,1.333,1.333,0.8,2.0,23.2,31.3,20.7,47.5,7.0,8.1,43.6,35.3,267.0,106.0,36.2,84.3
8,GSW,140,0,POR,104,1,2024-10-23,2025,True,240.0,48.0,93.0,0.516,20.0,48.0,0.417,24.0,30.0,0.8,15.0,42.0,57.0,38.0,13.0,5.0,18.0,27.0,0.659,0.624,0.516,0.323,34.1,76.4,57.6,79.2,12.1,8.6,14.5,100.0,130.6,97.0,8.0,15.0,1.0,5.0,8.0,1.0,6.0,6.0,1.0,4.0,9.0,9.0,10.0,3.0,2.0,4.0,3.0,22.0,35.0,1.333,1.333,0.8,2.0,23.2,31.3,20.7,47.5,7.0,8.1,43.6,35.3,267.0,106.0,36.0,92.0,0.391,8.0,34.0,0.235,24.0,30.0,0.8,13.0,29.0,42.0,21.0,10.0,4.0,18.0,22.0,0.494,0.435,0.37,0.326,23.6,65.9,42.4,58.3,9.3,8.9,14.6,100.0,97.0,130.6,7.0,18.0,0.75,2.0,8.0,1.0,8.0,9.0,1.0,4.0,9.0,11.0,4.0,2.0,2.0,5.0,4.0,22.0,-3.0,0.75,0.75,0.583,2.0,26.7,31.7,17.2,69.0,3.6,8.5,33.3,35.8,219.0,140.0,84.3,36.2
9,PHI,109,1,MIL,124,0,2024-10-23,2025,False,240.0,41.0,98.0,0.418,8.0,31.0,0.258,19.0,27.0,0.704,17.0,32.0,49.0,18.0,4.0,2.0,10.0,28.0,0.496,0.459,0.316,0.276,30.9,80.0,51.6,43.9,4.0,4.7,8.3,100.0,109.9,125.0,10.0,31.0,1.0,3.0,9.0,1.0,4.0,6.0,1.0,5.0,8.0,13.0,6.0,3.0,1.0,3.0,6.0,25.0,6.0,1.0,1.0,1.0,2.0,32.9,38.3,26.2,44.2,5.7,3.0,24.4,34.7,205.0,130.0,43.0,80.0,0.538,16.0,37.0,0.432,22.0,31.0,0.71,8.0,38.0,46.0,27.0,4.0,9.0,14.0,23.0,0.662,0.638,0.463,0.388,20.0,69.1,48.4,62.8,4.0,13.4,13.0,100.0,125.0,109.9,9.0,19.0,0.857,6.0,12.0,1.0,9.0,16.0,1.0,3.0,13.0,14.0,7.0,2.0,6.0,4.0,5.0,30.0,19.0,1.143,1.143,0.833,1.455,54.1,36.4,22.8,35.1,11.9,12.1,27.7,60.4,237.0,120.0,94.80000000000001,52.400000000000006
10,MIL,124,0,PHI,109,1,2024-10-23,2025,True,240.0,43.0,80.0,0.538,16.0,37.0,0.432,22.0,31.0,0.71,8.0,38.0,46.0,27.0,4.0,9.0,14.0,23.0,0.662,0.638,0.463,0.388,20.0,69.1,48.4,62.8,4.0,13.4,13.0,100.0,125.0,109.9,9.0,19.0,0.857,6.0,12.0,1.0,9.0,16.0,1.0,3.0,13.0,14.0,7.0,2.0,6.0,4.0,5.0,30.0,19.0,1.143,1.143,0.833,1.455,54.1,36.4,22.8,35.1,11.9,12.1,27.7,60.4,237.0,120.0,41.0,98.0,0.418,8.0,31.0,0.258,19.0,27.0,0.704,17.0,32.0,49.0,18.0,4.0,2.0,10.0,28.0,0.496,0.459,0.316,0.276,30.9,80.0,51.6,43.9,4.0,4.7,8.3,100.0,109.9,125.0,10.0,31.0,1.0,3.0,9.0,1.0,4.0,6.0,1.0,5.0,8.0,13.0,6.0,3.0,1.0,3.0,6.0,25.0,6.0,1.0,1.0,1.0,2.0,32.9,38.3,26.2,44.2,5.7,3.0,24.4,34.7,205.0,130.0,52.400000000000006,94.80000000000001
11,NOP,123,1,CHI,111,0,2024-10-23,2025,True,240.0,45.0,97.0,0.464,14.0,37.0,0.378,19.0,21.0,0.905,7.0,35.0,42.0,29.0,15.0,10.0,12.0,17.0,0.579,0.536,0.381,0.216,15.6,79.5,47.2,64.4,13.9,19.2,10.1,100.0,113.8,102.7,13.0,23.0,1.0,5.0,11.0,0.667,6.0,7.0,1.0,3.0,8.0,8.0,10.0,4.0,3.0,3.0,4.0,33.0,18.0,1.0,1.0,1.0,1.333,100.0,29.1,53.9,41.5,7.0,92.3,25.4,100.0,231.0,115.0,42.0,86.0,0.488,10.0,34.0,0.294,17.0,25.0,0.68,9.0,38.0,47.0,26.0,4.0,2.0,21.0,16.0,0.572,0.547,0.395,0.291,20.5,84.4,52.8,61.9,3.7,3.3,17.8,100.0,102.7,113.8,10.0,17.0,1.0,5.0,8.0,1.0,4.0,7.0,1.0,3.0,9.0,11.0,6.0,1.0,1.0,7.0,4.0,27.0,8.0,1.5,1.5,1.0,2.0,18.9,45.4,23.0,40.2,25.1,3.3,34.7,28.0,300.0,119.0,71.5,63.3
12,CHI,111,0,NOP,123,1,2024-10-23,2025,False,240.0,42.0,86.0,0.488,10.0,34.0,0.294,17.0,25.0,0.68,9.0,38.0,47.0,26.0,4.0,2.0,21.0,16.0,0.572,0.547,0.395,0.291,20.5,84.4,52.8,61.9,3.7,3.3,17.8,100.0,102.7,113.8,10.0,17.0,1.0,5.0,8.0,1.0,4.0,7.0,1.0,3.0,9.0,11.0,6.0,1.0,1.0,7.0,4.0,27.0,8.0,1.5,1.5,1.0,2.0,18.9,45.4,23.0,40.2,25.1,3.3,34.7,28.0,300.0,119.0,45.0,97.0,0.464,14.0,37.0,0.378,19.0,21.0,0.905,7.0,35.0,42.0,29.0,15.0,10.0,12.0,17.0,0.579,0.536,0.381,0.216,15.6,79.5,47.2,64.4,13.9,19.2,10.1,100.0,113.8,102.7,13.0,23.0,1.0,5.0,11.0,0.667,6.0,7.0,1.0,3.0,8.0,8.0,10.0,4.0,3.0,3.0,4.0,33.0,18.0,1.0,1.0,1.0,1.333,100.0,29.1,53.9,41.5,7.0,92.3,25.4,100.0,231.0,115.0,63.3,71.5
13,TOR,106,1,CLE,136,0,2024-10-23,2025,False,240.0,36.0,86.0,0.419,12.0,31.0,0.387,22.0,29.0,0.759,14.0,24.0,38.0,25.0,8.0,6.0,19.0,24.0,0.537,0.488,0.36,0.337,33.3,75.0,51.4,69.4,8.0,10.5,16.1,100.0,106.2,136.3,5.0,14.0,1.0,4.0,6.0,0.8,4.0,6.0,1.0,4.0,6.0,9.0,5.0,2.0,2.0,5.0,5.0,18.0,1.0,1.0,1.0,1.0,2.0,18.1,48.6,29.5,59.9,5.7,5.8,39.2,36.5,200.0,141.0,51.0,87.0,0.586,14.0,30.0,0.467,20.0,26.0,0.769,8.0,28.0,36.0,29.0,10.0,9.0,13.0,22.0,0.691,0.667,0.345,0.299,25.0,66.7,48.6,56.9,10.0,16.4,11.7,100.0,136.3,106.2,9.0,14.0,1.0,3.0,6.0,1.0,6.0,7.0,1.0,4.0,7.0,9.0,6.0,3.0,4.0,2.0,4.0,25.0,31.0,1.1,1.5,1.0,2.0,22.3,40.6,26.3,42.4,5.2,13.4,51.5,29.7,195.0,119.0,50.199999999999996,72.5
14,ORL,116,0,MIA,97,1,2024-10-23,2025,True,240.0,41.0,96.0,0.427,18.0,49.0,0.367,16.0,22.0,0.727,18.0,39.0,57.0,28.0,8.0,8.0,14.0,21.0,0.549,0.521,0.51,0.229,36.0,81.3,58.2,68.3,8.3,16.7,11.7,100.0,120.7,100.9,12.0,24.0,0.75,6.0,9.0,0.667,5.0,6.0,1.0,4.0,10.0,14.0,6.0,2.0,2.0,2.0,3.0,33.0,42.0,1.0,1.0,1.0,1.0,16.8,37.6,25.8,51.9,4.4,17.5,66.7,34.2,178.0,113.0,32.0,82.0,0.39,11.0,34.0,0.324,22.0,29.0,0.759,9.0,32.0,41.0,24.0,5.0,8.0,11.0,19.0,0.512,0.457,0.415,0.354,18.8,64.0,41.8,75.0,5.2,17.0,10.4,100.0,100.9,120.7,7.0,15.0,1.0,2.0,7.0,1.0,7.0,10.0,1.0,3.0,6.0,6.0,5.0,2.0,2.0,3.0,4.0,19.0,13.0,1.215,1.25,1.0,2.0,16.0,18.0,12.8,34.1,8.0,16.3,50.0,31.2,200.0,128.0,83.0,77.1
15,LAC,113,1,PHO,116,0,2024-10-23,2025,False,265.0,42.0,92.0,0.457,8.0,29.0,0.276,21.0,30.0,0.7,13.0,38.0,51.0,27.0,9.0,1.0,22.0,29.0,0.537,0.5,0.315,0.326,25.5,90.5,54.8,64.3,8.1,2.5,17.3,100.0,101.9,104.6,10.0,28.0,1.0,2.0,9.0,1.0,7.0,9.0,1.0,3.0,9.0,12.0,8.0,2.0,1.0,8.0,6.0,29.0,7.0,1.127,1.25,1.0,1.0,16.0,29.9,17.6,37.0,4.7,3.3,25.8,41.8,216.0,109.0,38.0,78.0,0.487,15.0,38.0,0.395,25.0,34.0,0.735,4.0,38.0,42.0,25.0,12.0,9.0,22.0,23.0,0.624,0.583,0.487,0.436,9.5,74.5,45.2,65.8,10.8,14.3,19.1,100.0,104.6,101.9,8.0,17.0,1.0,4.0,6.0,0.8,7.0,9.0,1.0,2.0,9.0,9.0,8.0,3.0,1.0,7.0,6.0,25.0,14.0,1.0,1.0,0.857,3.0,20.6,41.9,28.0,39.7,4.3,9.6,37.5,29.5,216.0,106.0,88.60000000000001,76.3
16,PHO,116,0,LAC,113,1,2024-10-23,2025,True,265.0,38.0,78.0,0.487,15.0,38.0,0.395,25.0,34.0,0.735,4.0,38.0,42.0,25.0,12.0,9.0,22.0,23.0,0.624,0.583,0.487,0.436,9.5,74.5,45.2,65.8,10.8,14.3,19.1,100.0,104.6,101.9,8.0,17.0,1.0,4.0,6.0,0.8,7.0,9.0,1.0,2.0,9.0,9.0,8.0,3.0,1.0,7.0,6.0,25.0,14.0,1.0,1.0,0.857,3.0,20.6,41.9,28.0,39.7,4.3,9.6,37.5,29.5,216.0,106.0,42.0,92.0,0.457,8.0,29.0,0.276,21.0,30.0,0.7,13.0,38.0,51.0,27.0,9.0,1.0,22.0,29.0,0.537,0.5,0.315,0.326,25.5,90.5,54.8,64.3,8.1,2.5,17.3,100.0,101.9,104.6,10.0,28.0,1.0,2.0,9.0,1.0,7.0,9.0,1.0,3.0,9.0,12.0,8.0,2.0,1.0,8.0,6.0,29.0,7.0,1.127,1.25,1.0,1.0,16.0,29.9,17.6,37.0,4.7,3.3,25.8,41.8,216.0,109.0,76.3,88.60000000000001
17,HOU,105,1,CHA,110,0,2024-10-23,2025,False,240.0,38.0,103.0,0.369,13.0,43.0,0.302,16.0,20.0,0.8,16.0,27.0,43.0,19.0,8.0,4.0,8.0,18.0,0.47,0.432,0.417,0.194,28.1,64.3,43.4,50.0,8.3,8.7,6.7,100.0,108.7,113.9,10.0,23.0,0.5,5.0,15.0,1.0,5.0,5.0,1.0,6.0,12.0,18.0,6.0,4.0,1.0,3.0,4.0,28.0,14.0,0.625,0.625,0.714,0.429,24.1,40.5,25.8,31.8,7.7,6.7,37.5,31.7,160.0,125.0,38.0,85.0,0.447,15.0,39.0,0.385,19.0,24.0,0.792,15.0,41.0,56.0,20.0,6.0,10.0,17.0,21.0,0.576,0.535,0.459,0.282,35.7,71.9,56.6,52.6,6.2,16.7,15.1,100.0,113.9,108.7,10.0,20.0,0.75,4.0,12.0,0.667,10.0,10.0,1.0,3.0,9.0,9.0,11.0,1.0,2.0,4.0,5.0,34.0,14.0,0.697,0.75,0.667,0.667,15.3,23.5,16.5,55.0,4.6,10.7,26.7,30.9,157.0,116.0,70.1,107.5
18,CHA,110,0,HOU,105,1,2024-10-23,2025,True,240.0,38.0,85.0,0.447,15.0,39.0,0.385,19.0,24.0,0.792,15.0,41.0,56.0,20.0,6.0,10.0,17.0,21.0,0.576,0.535,0.459,0.282,35.7,71.9,56.6,52.6,6.2,16.7,15.1,100.0,113.9,108.7,10.0,20.0,0.75,4.0,12.0,0.667,10.0,10.0,1.0,3.0,9.0,9.0,11.0,1.0,2.0,4.0,5.0,34.0,14.0,0.697,0.75,0.667,0.667,15.3,23.5,16.5,55.0,4.6,10.7,26.7,30.9,157.0,116.0,38.0,103.0,0.369,13.0,43.0,0.302,16.0,20.0,0.8,16.0,27.0,43.0,19.0,8.0,4.0,8.0,18.0,0.47,0.432,0.417,0.194,28.1,64.3,43.4,50.0,8.3,8.7,6.7,100.0,108.7,113.9,10.0,23.0,0.5,5.0,15.0,1.0,5.0,5.0,1.0,6.0,12.0,18.0,6.0,4.0,1.0,3.0,4.0,28.0,14.0,0.625,0.625,0.714,0.429,24.1,40.5,25.8,31.8,7.7,6.7,37.5,31.7,160.0,125.0,107.5,70.1
19,DET,109,1,IND,115,0,2024-10-23,2025,False,240.0,38.0,88.0,0.432,9.0,33.0,0.273,24.0,28.0,0.857,12.0,26.0,38.0,22.0,6.0,2.0,14.0,21.0,0.543,0.483,0.375,0.318,27.3,78.8,49.4,57.9,6.1,3.8,12.2,100.0,110.5,116.6,10.0,23.0,1.0,4.0,7.0,0.571,7.0,9.0,1.0,4.0,9.0,13.0,8.0,2.0,1.0,2.0,3.0,28.0,9.0,1.0,1.0,0.778,1.5,14.5,46.7,27.0,68.1,6.4,5.4,50.0,31.8,205.0,123.0,42.0,83.0,0.506,9.0,31.0,0.29,22.0,25.0,0.88,7.0,32.0,39.0,32.0,10.0,8.0,15.0,23.0,0.612,0.56,0.373,0.301,21.2,72.7,50.6,76.2,10.1,14.5,13.8,100.0,116.6,110.5,8.0,18.0,0.875,3.0,9.0,0.667,7.0,9.0,1.0,3.0,9.0,9.0,9.0,3.0,4.0,4.0,4.0,20.0,20.0,1.136,0.875,1.0,1.125,22.9,34.6,19.8,58.6,5.2,13.9,53.2,46.4,152.0,122.0,78.4,81.39999999999999
20,ATL,120,1,BRK,116,0,2024-10-23,2025,True,240.0,39.0,80.0,0.488,9.0,28.0,0.321,33.0,46.0,0.717,12.0,33.0,45.0,25.0,12.0,9.0,16.0,20.0,0.599,0.544,0.35,0.575,27.9,73.3,51.1,64.1,11.6,18.8,13.8,100.0,115.6,111.8,11.0,16.0,0.917,2.0,6.0,0.5,14.0,16.0,1.0,4.0,9.0,10.0,12.0,5.0,3.0,6.0,5.0,30.0,12.0,0.956,0.917,1.0,1.0,15.7,32.8,19.6,52.7,6.7,10.5,32.4,29.3,169.0,124.0,40.0,91.0,0.44,17.0,43.0,0.395,19.0,25.0,0.76,12.0,31.0,43.0,21.0,8.0,6.0,19.0,32.0,0.569,0.533,0.473,0.275,26.7,72.1,48.9,52.5,7.7,11.5,15.7,100.0,111.8,115.6,14.0,27.0,0.75,7.0,13.0,0.667,8.0,8.0,1.0,3.0,5.0,8.0,8.0,3.0,2.0,6.0,5.0,36.0,8.0,0.76,0.75,0.714,1.143,21.9,36.2,22.4,46.6,4.1,6.3,60.0,34.6,154.0,125.0,81.39999999999999,78.4
21,BRK,116,0,ATL,120,1,2024-10-23,2025,False,240.0,40.0,91.0,0.44,17.0,43.0,0.395,19.0,25.0,0.76,12.0,31.0,43.0,21.0,8.0,6.0,19.0,32.0,0.569,0.533,0.473,0.275,26.7,72.1,48.9,52.5,7.7,11.5,15.7,100.0,111.8,115.6,14.0,27.0,0.75,7.0,13.0,0.667,8.0,8.0,1.0,3.0,5.0,8.0,8.0,3.0,2.0,6.0,5.0,36.0,8.0,0.76,0.75,0.714,1.143,21.9,36.2,22.4,46.6,4.1,6.3,60.0,34.6,154.0,125.0,39.0,80.0,0.488,9.0,28.0,0.321,33.0,46.0,0.717,12.0,33.0,45.0,25.0,12.0,9.0,16.0,20.0,0.599,0.544,0.35,0.575,27.9,73.3,51.1,64.1,11.6,18.8,13.8,100.0,115.6,111.8,11.0,16.0,0.917,2.0,6.0,0.5,14.0,16.0,1.0,4.0,9.0,10.0,12.0,5.0,3.0,6.0,5.0,30.0,12.0,0.956,0.917,1.0,1.0,15.7,32.8,19.6,52.7,6.7,10.5,32.4,29.3,169.0,124.0,80.4,75.49999999999999
22,MIA,97,1,ORL,116,0,2024-10-23,2025,False,240.0,32.0,82.0,0.39,11.0,34.0,0.324,22.0,29.0,0.759,9.0,32.0,41.0,24.0,5.0,8.0,11.0,19.0,0.512,0.457,0.415,0.354,18.8,64.0,41.8,75.0,5.2,17.0,10.4,100.0,100.9,120.7,7.0,15.0,1.0,2.0,7.0,1.0,7.0,10.0,1.0,3.0,6.0,6.0,5.0,2.0,2.0,3.0,4.0,19.0,13.0,1.215,1.25,1.0,2.0,16.0,18.0,12.8,34.1,8.0,16.3,50.0,31.2,200.0,128.0,41.0,96.0,0.427,18.0,49.0,0.367,16.0,22.0,0.727,18.0,39.0,57.0,28.0,8.0,8.0,14.0,21.0,0.549,0.521,0.51,0.229,36.0,81.3,58.2,68.3,8.3,16.7,11.7,100.0,120.7,100.9,12.0,24.0,0.75,6.0,9.0,0.667,5.0,6.0,1.0,4.0,10.0,14.0,6.0,2.0,2.0,2.0,3.0,33.0,42.0,1.0,1.0,1.0,1.0,16.8,37.6,25.8,51.9,4.4,17.5,66.7,34.2,178.0,113.0,75.49999999999999,80.4
23,IND,115,0,DET,109,1,2024-10-23,2025,True,240.0,42.0,83.0,0.506,9.0,31.0,0.29,22.0,25.0,0.88,7.0,32.0,39.0,32.0,10.0,8.0,15.0,23.0,0.612,0.56,0.373,0.301,21.2,72.7,50.6,76.2,10.1,14.5,13.8,100.0,116.6,110.5,8.0,18.0,0.875,3.0,9.0,0.667,7.0,9.0,1.0,3.0,9.0,9.0,9.0,3.0,4.0,4.0,4.0,20.0,20.0,1.136,0.875,1.0,1.125,22.9,34.6,19.8,58.6,5.2,13.9,53.2,46.4,152.0,122.0,38.0,88.0,0.432,9.0,33.0,0.273,24.0,28.0,0.857,12.0,26.0,38.0,22.0,6.0,2.0,14.0,21.0,0.543,0.483,0.375,0.318,27.3,78.8,49.4,57.9,6.1,3.8,12.2,100.0,110.5,116.6,10.0,23.0,1.0,4.0,7.0,0.571,7.0,9.0,1.0,4.0,9.0,13.0,8.0,2.0,1.0,2.0,3.0,28.0,9.0,1.0,1.0,0.778,1.5,14.5,46.7,27.0,68.1,6.4,5.4,50.0,31.8,205.0,123.0,77.1,83.0
24,SAC,115,1,MIN,117,0,2024-10-24,2025,False,240.0,38.0,82.0,0.463,11.0,29.0,0.379,28.0,35.0,0.8,4.0,34.0,38.0,21.0,7.0,2.0,9.0,18.0,0.59,0.53,0.354,0.427,10.0,85.0,47.5,55.3,6.9,5.6,8.5,100.0,113.4,115.3,8.0,18.0,1.0,5.0,10.0,0.75,12.0,14.0,1.0,2.0,9.0,11.0,11.0,2.0,1.0,4.0,4.0,26.0,9.0,0.798,1.0,1.0,2.0,5.6,42.4,21.2,47.0,8.5,23.5,34.7,27.7,159.0,122.0,41.0,86.0,0.477,20.0,50.0,0.4,15.0,17.0,0.882,6.0,36.0,42.0,24.0,3.0,2.0,17.0,24.0,0.626,0.593,0.581,0.198,15.0,90.0,52.5,58.5,3.0,3.8,15.4,100.0,115.3,113.4,13.0,24.0,0.765,5.0,15.0,0.833,7.0,7.0,1.0,2.0,13.0,13.0,4.0,2.0,1.0,3.0,4.0,33.0,13.0,0.901,0.912,1.0,1.0,8.7,58.8,29.4,23.9,2.7,3.3,51.0,33.3,249.0,118.0,82.7,61.599999999999994
25,WAS,102,1,BOS,122,0,2024-10-24,2025,False,240.0,41.0,95.0,0.432,7.0,36.0,0.194,13.0,18.0,0.722,10.0,30.0,40.0,27.0,9.0,6.0,15.0,19.0,0.496,0.468,0.379,0.189,21.3,71.4,44.9,65.9,8.8,13.3,12.7,100.0,99.5,119.0,9.0,17.0,0.615,6.0,11.0,0.545,6.0,8.0,1.0,4.0,5.0,6.0,6.0,4.0,2.0,4.0,3.0,26.0,11.0,0.727,0.706,1.0,4.0,42.5,29.3,33.6,58.2,14.7,9.8,35.2,38.4,215.0,130.0,42.0,90.0,0.467,17.0,45.0,0.378,21.0,27.0,0.778,12.0,37.0,49.0,21.0,7.0,3.0,14.0,19.0,0.599,0.561,0.5,0.3,28.6,78.7,55.1,50.0,6.8,5.1,12.1,100.0,119.0,99.5,10.0,20.0,0.75,5.0,11.0,0.667,5.0,7.0,1.0,4.0,9.0,11.0,6.0,4.0,2.0,3.0,4.0,27.0,33.0,1.0,1.0,1.0,2.0,41.2,32.1,29.2,37.3,12.0,41.7,100.0,34.8,158.0,106.0,61.599999999999994,82.7
26,BOS,122,0,WAS,102,1,2024-10-24,2025,True,240.0,42.0,90.0,0.467,17.0,45.0,0.378,21.0,27.0,0.778,12.0,37.0,49.0,21.0,7.0,3.0,14.0,19.0,0.599,0.561,0.5,0.3,28.6,78.7,55.1,50.0,6.8,5.1,12.1,100.0,119.0,99.5,10.0,20.0,0.75,5.0,11.0,0.667,5.0,7.0,1.0,4.0,9.0,11.0,6.0,4.0,2.0,3.0,4.0,27.0,33.0,1.0,1.0,1.0,2.0,41.2,32.1,29.2,37.3,12.0,41.7,100.0,34.8,158.0,106.0,41.0,95.0,0.432,7.0,36.0,0.194,13.0,18.0,0.722,10.0,30.0,40.0,27.0,9.0,6.0,15.0,19.0,0.496,0.468,0.379,0.189,21.3,71.4,44.9,65.9,8.8,13.3,12.7,100.0,99.5,119.0,9.0,17.0,0.615,6.0,11.0,0.545,6.0,8.0,1.0,4.0,5.0,6.0,6.0,4.0,2.0,4.0,3.0,26.0,11.0,0.727,0.706,1.0,4.0,42.5,29.3,33.6,58.2,14.7,9.8,35.2,38.4,215.0,130.0,91.19999999999999,103.1
27,MIN,117,0,SAC,115,1,2024-10-24,2025,True,240.0,41.0,86.0,0.477,20.0,50.0,0.4,15.0,17.0,0.882,6.0,36.0,42.0,24.0,3.0,2.0,17.0,24.0,0.626,0.593,0.581,0.198,15.0,90.0,52.5,58.5,3.0,3.8,15.4,100.0,115.3,113.4,13.0,24.0,0.765,5.0,15.0,0.833,7.0,7.0,1.0,2.0,13.0,13.0,4.0,2.0,1.0,3.0,4.0,33.0,13.0,0.901,0.912,1.0,1.0,8.7,58.8,29.4,23.9,2.7,3.3,51.0,33.3,249.0,118.0,38.0,82.0,0.463,11.0,29.0,0.379,28.0,35.0,0.8,4.0,34.0,38.0,21.0,7.0,2.0,9.0,18.0,0.59,0.53,0.354,0.427,10.0,85.0,47.5,55.3,6.9,5.6,8.5,100.0,113.4,115.3,8.0,18.0,1.0,5.0,10.0,0.75,12.0,14.0,1.0,2.0,9.0,11.0,11.0,2.0,1.0,4.0,4.0,26.0,9.0,0.798,1.0,1.0,2.0,5.6,42.4,21.2,47.0,8.5,23.5,34.7,27.7,159.0,122.0,103.1,91.19999999999999
28,DEN,87,1,OKC,102,0,2024-10-24,2025,False,240.0,35.0,98.0,0.357,7.0,38.0,0.184,10.0,14.0,0.714,17.0,40.0,57.0,29.0,11.0,7.0,16.0,12.0,0.418,0.393,0.388,0.143,32.1,75.5,53.8,82.9,11.0,10.8,13.3,100.0,86.8,101.7,8.0,17.0,0.533,3.0,10.0,0.4,3.0,4.0,1.0,5.0,8.0,12.0,13.0,2.0,2.0,3.0,3.0,16.0,8.0,0.542,0.533,1.0,0.4,13.9,55.4,27.7,66.1,4.3,10.0,17.8,25.9,117.0,113.0,43.0,101.0,0.426,8.0,36.0,0.222,8.0,12.0,0.667,13.0,36.0,49.0,23.0,9.0,13.0,12.0,15.0,0.48,0.465,0.356,0.119,24.5,67.9,46.2,53.5,9.0,21.7,10.1,100.0,101.7,86.8,11.0,24.0,0.778,2.0,8.0,0.667,4.0,5.0,1.0,4.0,10.0,14.0,8.0,3.0,4.0,5.0,3.0,28.0,19.0,0.833,0.833,1.0,0.278,10.1,76.5,38.3,37.3,5.0,8.9,33.3,34.3,147.0,102.0,96.1,84.9
29,SAS,109,0,DAL,120,1,2024-10-24,2025,False,240.0,39.0,86.0,0.453,12.0,36.0,0.333,19.0,24.0,0.792,12.0,40.0,52.0,30.0,6.0,5.0,19.0,18.0,0.564,0.523,0.419,0.279,26.7,70.2,51.0,76.9,5.9,8.6,16.4,100.0,107.3,118.1,7.0,18.0,0.7,4.0,8.0,1.0,6.0,7.0,1.0,2.0,7.0,9.0,8.0,1.0,2.0,4.0,4.0,18.0,13.0,0.833,0.833,0.667,2.0,15.7,42.2,23.6,41.7,7.9,13.8,100.0,36.0,231.0,129.0,42.0,102.0,0.412,19.0,44.0,0.432,17.0,23.0,0.739,17.0,33.0,50.0,27.0,9.0,5.0,10.0,21.0,0.535,0.505,0.431,0.225,29.8,73.3,49.0,64.3,8.9,10.0,8.2,100.0,118.1,107.3,9.0,25.0,1.0,6.0,11.0,1.0,6.0,8.0,1.0,4.0,9.0,11.0,8.0,3.0,1.0,4.0,5.0,28.0,18.0,1.0,1.0,0.833,0.667,49.5,36.2,27.7,35.2,5.4,6.2,22.5,35.2,214.0,117.0,95.0,97.4
30,OKC,102,0,DEN,87,1,2024-10-24,2025,True,240.0,43.0,101.0,0.426,8.0,36.0,0.222,8.0,12.0,0.667,13.0,36.0,49.0,23.0,9.0,13.0,12.0,15.0,0.48,0.465,0.356,0.119,24.5,67.9,46.2,53.5,9.0,21.7,10.1,100.0,101.7,86.8,11.0,24.0,0.778,2.0,8.0,0.667,4.0,5.0,1.0,4.0,10.0,14.0,8.0,3.0,4.0,5.0,3.0,28.0,19.0,0.833,0.833,1.0,0.278,10.1,76.5,38.3,37.3,5.0,8.9,33.3,34.3,147.0,102.0,35.0,98.0,0.357,7.0,38.0,0.184,10.0,14.0,0.714,17.0,40.0,57.0,29.0,11.0,7.0,16.0,12.0,0.418,0.393,0.388,0.143,32.1,75.5,53.8,82.9,11.0,10.8,13.3,100.0,86.8,101.7,8.0,17.0,0.533,3.0,10.0,0.4,3.0,4.0,1.0,5.0,8.0,12.0,13.0,2.0,2.0,3.0,3.0,16.0,8.0,0.542,0.533,1.0,0.4,13.9,55.4,27.7,66.1,4.3,10.0,17.8,25.9,117.0,113.0,97.4,95.0
31,DAL,120,1,SAS,109,0,2024-10-24,2025,True,240.0,42.0,102.0,0.412,19.0,44.0,0.432,17.0,23.0,0.739,17.0,33.0,50.0,27.0,9.0,5.0,10.0,21.0,0.535,0.505,0.431,0.225,29.8,73.3,49.0,64.3,8.9,10.0,8.2,100.0,118.1,107.3,9.0,25.0,1.0,6.0,11.0,1.0,6.0,8.0,1.0,4.0,9.0,11.0,8.0,3.0,1.0,4.0,5.0,28.0,18.0,1.0,1.0,0.833,0.667,49.5,36.2,27.7,35.2,5.4,6.2,22.5,35.2,214.0,117.0,39.0,86.0,0.453,12.0,36.0,0.333,19.0,24.0,0.792,12.0,40.0,52.0,30.0,6.0,5.0,19.0,18.0,0.564,0.523,0.419,0.279,26.7,70.2,51.0,76.9,5.9,8.6,16.4,100.0,107.3,118.1,7.0,18.0,0.7,4.0,8.0,1.0,6.0,7.0,1.0,2.0,7.0,9.0,8.0,1.0,2.0,4.0,4.0,18.0,13.0,0.833,0.833,0.667,2.0,15.7,42.2,23.6,41.7,7.9,13.8,100.0,36.0,231.0,129.0,84.9,96.1
32,ORL,116,1,BRK,101,0,2024-10-25,2025,True,240.0,39.0,75.0,0.52,15.0,30.0,0.5,23.0,33.0,0.697,5.0,34.0,39.0,28.0,10.0,7.0,13.0,19.0,0.648,0.62,0.4,0.44,14.7,81.0,51.3,71.8,10.2,15.2,12.7,100.0,118.3,103.0,10.0,19.0,1.0,3.0,6.0,1.0,6.0,11.0,1.0,2.0,10.0,11.0,9.0,3.0,2.0,3.0,5.0,29.0,16.0,1.5,1.5,1.0,1.0,22.1,36.3,22.1,34.3,7.5,8.1,30.4,39.6,300.0,114.0,35.0,83.0,0.422,14.0,37.0,0.378,17.0,21.0,0.81,8.0,29.0,37.0,22.0,7.0,3.0,19.0,31.0,0.547,0.506,0.446,0.253,19.0,85.3,48.7,62.9,7.1,6.7,17.1,100.0,103.0,118.3,7.0,17.0,0.6,3.0,10.0,0.75,7.0,8.0,1.0,3.0,6.0,7.0,6.0,1.0,1.0,4.0,5.0,24.0,11.0,0.75,0.75,1.0,0.8,13.0,45.3,23.6,36.0,3.7,5.2,40.0,62.6,167.0,124.0,94.80000000000001,63.3
33,PHI,107,0,TOR,115,1,2024-10-25,2025,False,240.0,29.0,76.0,0.382,9.0,29.0,0.31,40.0,53.0,0.755,10.0,18.0,28.0,19.0,11.0,5.0,16.0,32.0,0.539,0.441,0.382,0.697,21.7,50.0,34.1,65.5,10.9,9.4,13.9,100.0,106.1,114.0,9.0,23.0,1.0,3.0,12.0,0.6,10.0,12.0,1.0,6.0,4.0,9.0,4.0,4.0,2.0,4.0,5.0,28.0,5.0,1.0,1.0,1.0,1.75,28.0,33.9,23.6,42.1,8.5,8.1,50.0,30.7,231.0,124.0,35.0,76.0,0.461,6.0,23.0,0.261,39.0,46.0,0.848,18.0,36.0,54.0,25.0,11.0,13.0,27.0,34.0,0.597,0.5,0.303,0.605,50.0,78.3,65.9,71.4,10.9,27.7,21.9,100.0,114.0,106.1,8.0,11.0,0.8,2.0,4.0,0.667,11.0,13.0,1.0,5.0,8.0,9.0,5.0,2.0,4.0,7.0,6.0,27.0,21.0,0.888,1.0,0.8,1.375,70.0,30.5,46.1,34.9,6.1,21.2,51.0,30.1,178.0,119.0,73.8,86.80000000000001
34,BRK,101,0,ORL,116,1,2024-10-25,2025,False,240.0,35.0,83.0,0.422,14.0,37.0,0.378,17.0,21.0,0.81,8.0,29.0,37.0,22.0,7.0,3.0,19.0,31.0,0.547,0.506,0.446,0.253,19.0,85.3,48.7,62.9,7.1,6.7,17.1,100.0,103.0,118.3,7.0,17.0,0.6,3.0,10.0,0.75,7.0,8.0,1.0,3.0,6.0,7.0,6.0,1.0,1.0,4.0,5.0,24.0,11.0,0.75,0.75,1.0,0.8,13.0,45.3,23.6,36.0,3.7,5.2,40.0,62.6,167.0,124.0,39.0,75.0,0.52,15.0,30.0,0.5,23.0,33.0,0.697,5.0,34.0,39.0,28.0,10.0,7.0,13.0,19.0,0.648,0.62,0.4,0.44,14.7,81.0,51.3,71.8,10.2,15.2,12.7,100.0,118.3,103.0,10.0,19.0,1.0,3.0,6.0,1.0,6.0,11.0,1.0,2.0,10.0,11.0,9.0,3.0,2.0,3.0,5.0,29.0,16.0,1.5,1.5,1.0,1.0,22.1,36.3,22.1,34.3,7.5,8.1,30.4,39.6,300.0,114.0,86.80000000000001,73.8
35,NOP,105,0,POR,103,1,2024-10-25,2025,True,240.0,36.0,86.0,0.419,12.0,32.0,0.375,21.0,31.0,0.677,11.0,33.0,44.0,25.0,12.0,8.0,14.0,22.0,0.527,0.488,0.372,0.36,22.4,76.7,47.8,69.4,11.7,15.1,12.3,100.0,102.3,100.4,8.0,20.0,0.667,4.0,9.0,0.571,8.0,14.0,1.0,3.0,8.0,11.0,7.0,4.0,3.0,4.0,4.0,24.0,14.0,0.872,0.833,0.583,1.2,10.1,52.7,24.6,40.4,10.6,9.3,100.0,32.2,170.0,111.0,37.0,90.0,0.411,13.0,37.0,0.351,16.0,20.0,0.8,10.0,38.0,48.0,26.0,7.0,11.0,20.0,22.0,0.521,0.483,0.411,0.222,23.3,77.6,52.2,70.3,6.8,20.4,16.8,100.0,100.4,102.3,11.0,23.0,1.0,8.0,17.0,1.0,10.0,11.0,1.0,4.0,13.0,15.0,7.0,3.0,4.0,5.0,4.0,34.0,4.0,0.862,1.0,0.739,3.0,17.9,38.7,23.8,40.0,4.9,24.6,46.3,32.2,152.0,110.0,50.199999999999996,72.5
36,POR,103,1,NOP,105,0,2024-10-25,2025,False,240.0,37.0,90.0,0.411,13.0,37.0,0.351,16.0,20.0,0.8,10.0,38.0,48.0,26.0,7.0,11.0,20.0,22.0,0.521,0.483,0.411,0.222,23.3,77.6,52.2,70.3,6.8,20.4,16.8,100.0,100.4,102.3,11.0,23.0,1.0,8.0,17.0,1.0,10.0,11.0,1.0,4.0,13.0,15.0,7.0,3.0,4.0,5.0,4.0,34.0,4.0,0.862,1.0,0.739,3.0,17.9,38.7,23.8,40.0,4.9,24.6,46.3,32.2,152.0,110.0,36.0,86.0,0.419,12.0,32.0,0.375,21.0,31.0,0.677,11.0,33.0,44.0,25.0,12.0,8.0,14.0,22.0,0.527,0.488,0.372,0.36,22.4,76.7,47.8,69.4,11.7,15.1,12.3,100.0,102.3,100.4,8.0,20.0,0.667,4.0,9.0,0.571,8.0,14.0,1.0,3.0,8.0,11.0,7.0,4.0,3.0,4.0,4.0,24.0,14.0,0.872,0.833,0.583,1.2,10.1,52.7,24.6,40.4,10.6,9.3,100.0,32.2,170.0,111.0,72.5,50.199999999999996
37,NYK,123,1,IND,98,0,2024-10-25,2025,True,240.0,44.0,84.0,0.524,12.0,27.0,0.444,23.0,29.0,0.793,11.0,32.0,43.0,19.0,5.0,4.0,12.0,18.0,0.636,0.595,0.321,0.345,31.4,78.0,56.6,43.2,5.2,7.5,11.0,100.0,128.6,102.5,10.0,19.0,1.0,3.0,6.0,1.0,9.0,10.0,1.0,4.0,11.0,15.0,5.0,1.0,2.0,3.0,4.0,26.0,36.0,1.136,1.0,0.556,0.909,17.0,39.9,29.3,28.7,2.3,31.7,100.0,32.5,200.0,109.0,41.0,83.0,0.494,3.0,30.0,0.1,13.0,20.0,0.65,9.0,24.0,33.0,28.0,8.0,6.0,16.0,24.0,0.534,0.512,0.361,0.241,22.0,68.6,43.4,68.3,8.4,10.5,14.8,100.0,102.5,128.6,8.0,13.0,1.0,2.0,7.0,0.4,3.0,5.0,1.0,2.0,6.0,7.0,5.0,2.0,3.0,3.0,6.0,20.0,5.0,1.0,1.0,1.0,2.0,26.6,35.4,20.7,53.2,11.4,22.5,50.0,29.7,202.0,138.0,36.2,84.3
38,TOR,115,1,PHI,107,0,2024-10-25,2025,True,240.0,35.0,76.0,0.461,6.0,23.0,0.261,39.0,46.0,0.848,18.0,36.0,54.0,25.0,11.0,13.0,27.0,34.0,0.597,0.5,0.303,0.605,50.0,78.3,65.9,71.4,10.9,27.7,21.9,100.0,114.0,106.1,8.0,11.0,0.8,2.0,4.0,0.667,11.0,13.0,1.0,5.0,8.0,9.0,5.0,2.0,4.0,7.0,6.0,27.0,21.0,0.888,1.0,0.8,1.375,70.0,30.5,46.1,34.9,6.1,21.2,51.0,30.1,178.0,119.0,29.0,76.0,0.382,9.0,29.0,0.31,40.0,53.0,0.755,10.0,18.0,28.0,19.0,11.0,5.0,16.0,32.0,0.539,0.441,0.382,0.697,21.7,50.0,34.1,65.5,10.9,9.4,13.9,100.0,106.1,114.0,9.0,23.0,1.0,3.0,12.0,0.6,10.0,12.0,1.0,6.0,4.0,9.0,4.0,4.0,2.0,4.0,5.0,28.0,5.0,1.0,1.0,1.0,1.75,28.0,33.9,23.6,42.1,8.5,8.1,50.0,30.7,231.0,124.0,84.3,36.2
39,UTA,86,1,GSW,127,0,2024-10-25,2025,False,240.0,29.0,92.0,0.315,9.0,42.0,0.214,19.0,26.0,0.731,14.0,31.0,45.0,18.0,8.0,5.0,22.0,11.0,0.416,0.364,0.457,0.283,25.5,62.0,42.9,62.1,7.7,8.9,17.5,100.0,82.6,122.0,4.0,17.0,1.0,3.0,8.0,1.0,5.0,7.0,1.0,3.0,6.0,9.0,4.0,2.0,2.0,5.0,3.0,14.0,3.0,1.064,1.5,1.0,2.0,31.7,28.4,20.3,86.1,3.7,6.9,66.7,35.7,220.0,133.0,51.0,106.0,0.481,20.0,50.0,0.4,5.0,6.0,0.833,19.0,41.0,60.0,35.0,15.0,6.0,15.0,25.0,0.584,0.575,0.472,0.057,38.0,74.5,57.1,68.6,14.4,12.0,12.1,100.0,122.0,82.6,10.0,20.0,1.0,7.0,13.0,0.778,2.0,2.0,1.0,7.0,8.0,13.0,6.0,3.0,2.0,3.0,5.0,27.0,24.0,1.0,1.0,1.0,0.333,50.1,44.1,34.1,53.8,10.8,8.2,100.0,33.8,202.0,94.0,95.4,55.5
40,IND,98,0,NYK,123,1,2024-10-25,2025,False,240.0,41.0,83.0,0.494,3.0,30.0,0.1,13.0,20.0,0.65,9.0,24.0,33.0,28.0,8.0,6.0,16.0,24.0,0.534,0.512,0.361,0.241,22.0,68.6,43.4,68.3,8.4,10.5,14.8,100.0,102.5,128.6,8.0,13.0,1.0,2.0,7.0,0.4,3.0,5.0,1.0,2.0,6.0,7.0,5.0,2.0,3.0,3.0,6.0,20.0,5.0,1.0,1.0,1.0,2.0,26.6,35.4,20.7,53.2,11.4,22.5,50.0,29.7,202.0,138.0,44.0,84.0,0.524,12.0,27.0,0.444,23.0,29.0,0.793,11.0,32.0,43.0,19.0,5.0,4.0,12.0,18.0,0.636,0.595,0.321,0.345,31.4,78.0,56.6,43.2,5.2,7.5,11.0,100.0,128.6,102.5,10.0,19.0,1.0,3.0,6.0,1.0,9.0,10.0,1.0,4.0,11.0,15.0,5.0,1.0,2.0,3.0,4.0,26.0,36.0,1.136,1.0,0.556,0.909,17.0,39.9,29.3,28.7,2.3,31.7,100.0,32.5,200.0,109.0,63.3,94.80000000000001
41,GSW,127,0,UTA,86,1,2024-10-25,2025,True,240.0,51.0,106.0,0.481,20.0,50.0,0.4,5.0,6.0,0.833,19.0,41.0,60.0,35.0,15.0,6.0,15.0,25.0,0.584,0.575,0.472,0.057,38.0,74.5,57.1,68.6,14.4,12.0,12.1,100.0,122.0,82.6,10.0,20.0,1.0,7.0,13.0,0.778,2.0,2.0,1.0,7.0,8.0,13.0,6.0,3.0,2.0,3.0,5.0,27.0,24.0,1.0,1.0,1.0,0.333,50.1,44.1,34.1,53.8,10.8,8.2,100.0,33.8,202.0,94.0,29.0,92.0,0.315,9.0,42.0,0.214,19.0,26.0,0.731,14.0,31.0,45.0,18.0,8.0,5.0,22.0,11.0,0.416,0.364,0.457,0.283,25.5,62.0,42.9,62.1,7.7,8.9,17.5,100.0,82.6,122.0,4.0,17.0,1.0,3.0,8.0,1.0,5.0,7.0,1.0,3.0,6.0,9.0,4.0,2.0,2.0,5.0,3.0,14.0,3.0,1.064,1.5,1.0,2.0,31.7,28.4,20.3,86.1,3.7,6.9,66.7,35.7,220.0,133.0,55.5,95.4
42,CHI,133,0,MIL,122,1,2024-10-25,2025,True,240.0,46.0,96.0,0.479,21.0,47.0,0.447,20.0,23.0,0.87,9.0,37.0,46.0,30.0,10.0,4.0,10.0,17.0,0.627,0.589,0.49,0.24,18.8,82.2,49.5,65.2,9.3,7.5,8.6,100.0,124.2,113.9,12.0,20.0,0.6,7.0,13.0,1.0,5.0,6.0,1.0,3.0,8.0,10.0,9.0,4.0,2.0,3.0,4.0,35.0,16.0,0.804,0.775,1.0,4.0,20.2,26.7,17.4,51.6,5.2,7.3,12.1,29.8,160.0,122.0,46.0,93.0,0.495,13.0,40.0,0.325,17.0,25.0,0.68,8.0,39.0,47.0,24.0,5.0,3.0,15.0,14.0,0.587,0.565,0.43,0.269,17.8,81.3,50.5,52.2,4.7,6.1,12.6,100.0,113.9,124.2,15.0,23.0,0.75,3.0,12.0,1.0,8.0,16.0,1.0,3.0,10.0,12.0,8.0,2.0,3.0,5.0,4.0,38.0,2.0,1.136,1.125,1.0,0.696,12.9,55.0,28.4,34.3,3.4,10.0,50.0,44.4,250.0,132.0,77.1,93.9
43,DET,101,0,CLE,113,1,2024-10-25,2025,False,240.0,38.0,81.0,0.469,13.0,32.0,0.406,12.0,17.0,0.706,8.0,34.0,42.0,25.0,3.0,5.0,22.0,22.0,0.571,0.549,0.395,0.21,19.0,87.2,51.9,65.8,3.0,10.4,19.9,100.0,101.1,113.1,14.0,24.0,0.583,3.0,6.0,0.667,4.0,6.0,1.0,3.0,7.0,7.0,6.0,1.0,1.0,9.0,5.0,33.0,9.0,0.75,0.75,1.0,1.0,78.8,50.1,40.9,87.1,4.2,8.7,100.0,42.7,231.0,119.0,42.0,82.0,0.512,13.0,34.0,0.382,16.0,23.0,0.696,5.0,34.0,39.0,28.0,13.0,4.0,13.0,15.0,0.613,0.591,0.415,0.28,12.8,81.0,48.1,66.7,13.0,8.2,12.4,100.0,113.1,101.1,8.0,21.0,1.0,5.0,8.0,0.714,7.0,8.0,1.0,1.0,11.0,11.0,6.0,4.0,2.0,4.0,3.0,19.0,14.0,1.006,1.056,1.0,1.143,7.8,40.3,20.9,40.6,7.4,6.2,25.0,37.5,214.0,111.0,93.9,77.1
44,MEM,108,0,HOU,128,1,2024-10-25,2025,False,240.0,38.0,91.0,0.418,10.0,28.0,0.357,22.0,36.0,0.611,14.0,29.0,43.0,24.0,8.0,8.0,19.0,25.0,0.505,0.473,0.308,0.396,25.5,55.8,40.2,63.2,7.4,14.5,15.1,100.0,100.3,118.9,8.0,17.0,0.667,2.0,5.0,1.0,6.0,9.0,1.0,4.0,5.0,9.0,4.0,2.0,2.0,6.0,4.0,24.0,3.0,0.902,1.0,1.0,1.25,15.5,20.6,17.9,35.4,5.7,11.2,41.0,43.2,226.0,131.0,43.0,98.0,0.439,17.0,43.0,0.395,25.0,36.0,0.694,23.0,41.0,64.0,20.0,10.0,4.0,19.0,32.0,0.562,0.526,0.439,0.367,44.2,74.5,59.8,46.5,9.3,6.3,14.3,100.0,118.9,100.3,8.0,21.0,1.0,5.0,9.0,1.0,6.0,8.0,1.0,6.0,10.0,16.0,4.0,3.0,2.0,8.0,5.0,22.0,19.0,1.5,1.5,1.0,1.25,15.8,78.7,40.5,50.4,5.6,4.8,56.3,38.3,300.0,110.0,80.4,69.39999999999999
45,LAL,123,1,PHO,116,0,2024-10-25,2025,True,240.0,40.0,75.0,0.533,14.0,27.0,0.519,29.0,39.0,0.744,6.0,31.0,37.0,33.0,10.0,5.0,13.0,18.0,0.667,0.627,0.36,0.52,17.1,86.1,52.1,82.5,10.2,11.1,12.4,100.0,124.9,117.7,11.0,18.0,1.0,5.0,7.0,1.0,13.0,17.0,1.0,2.0,7.0,8.0,8.0,3.0,2.0,4.0,4.0,35.0,14.0,1.5,1.5,1.0,0.944,7.8,38.0,23.1,36.5,7.1,6.1,50.0,32.2,167.0,124.0,42.0,82.0,0.512,17.0,37.0,0.459,15.0,17.0,0.882,5.0,29.0,34.0,35.0,8.0,4.0,17.0,26.0,0.648,0.616,0.451,0.207,13.9,82.9,47.9,83.3,8.1,8.3,16.0,100.0,117.7,124.9,11.0,21.0,0.75,4.0,10.0,0.667,6.0,7.0,1.0,2.0,6.0,7.0,9.0,2.0,1.0,4.0,4.0,30.0,14.0,1.031,1.0,1.0,0.667,10.1,44.7,25.7,36.0,7.4,5.4,100.0,30.5,209.0,129.0,69.1,78.4
46,PHO,116,0,LAL,123,1,2024-10-25,2025,False,240.0,42.0,82.0,0.512,17.0,37.0,0.459,15.0,17.0,0.882,5.0,29.0,34.0,35.0,8.0,4.0,17.0,26.0,0.648,0.616,0.451,0.207,13.9,82.9,47.9,83.3,8.1,8.3,16.0,100.0,117.7,124.9,11.0,21.0,0.75,4.0,10.0,0.667,6.0,7.0,1.0,2.0,6.0,7.0,9.0,2.0,1.0,4.0,4.0,30.0,14.0,1.031,1.0,1.0,0.667,10.1,44.7,25.7,36.0,7.4,5.4,100.0,30.5,209.0,129.0,40.0,75.0,0.533,14.0,27.0,0.519,29.0,39.0,0.744,6.0,31.0,37.0,33.0,10.0,5.0,13.0,18.0,0.667,0.627,0.36,0.52,17.1,86.1,52.1,82.5,10.2,11.1,12.4,100.0,124.9,117.7,11.0,18.0,1.0,5.0,7.0,1.0,13.0,17.0,1.0,2.0,7.0,8.0,8.0,3.0,2.0,4.0,4.0,35.0,14.0,1.5,1.5,1.0,0.944,7.8,38.0,23.1,36.5,7.1,6.1,50.0,32.2,167.0,124.0,78.4,69.1
47,MIL,122,1,CHI,133,0,2024-10-25,2025,False,240.0,46.0,93.0,0.495,13.0,40.0,0.325,17.0,25.0,0.68,8.0,39.0,47.0,24.0,5.0,3.0,15.0,14.0,0.587,0.565,0.43,0.269,17.8,81.3,50.5,52.2,4.7,6.1,12.6,100.0,113.9,124.2,15.0,23.0,0.75,3.0,12.0,1.0,8.0,16.0,1.0,3.0,10.0,12.0,8.0,2.0,3.0,5.0,4.0,38.0,2.0,1.136,1.125,1.0,0.696,12.9,55.0,28.4,34.3,3.4,10.0,50.0,44.4,250.0,132.0,46.0,96.0,0.479,21.0,47.0,0.447,20.0,23.0,0.87,9.0,37.0,46.0,30.0,10.0,4.0,10.0,17.0,0.627,0.589,0.49,0.24,18.8,82.2,49.5,65.2,9.3,7.5,8.6,100.0,124.2,113.9,12.0,20.0,0.6,7.0,13.0,1.0,5.0,6.0,1.0,3.0,8.0,10.0,9.0,4.0,2.0,3.0,4.0,35.0,16.0,0.804,0.775,1.0,4.0,20.2,26.7,17.4,51.6,5.2,7.3,12.1,29.8,160.0,122.0,69.39999999999999,80.4
48,CHA,120,0,ATL,125,1,2024-10-25,2025,False,240.0,37.0,96.0,0.385,21.0,51.0,0.412,25.0,31.0,0.806,22.0,31.0,53.0,22.0,7.0,4.0,18.0,28.0,0.547,0.495,0.531,0.323,40.7,81.6,57.6,59.5,6.9,9.3,14.1,100.0,118.5,123.4,10.0,20.0,0.5,9.0,14.0,0.643,8.0,8.0,1.0,6.0,7.0,13.0,6.0,3.0,1.0,10.0,6.0,34.0,14.0,0.751,0.725,0.857,1.333,17.7,38.5,22.6,33.0,5.2,6.3,30.6,42.7,154.0,127.0,39.0,81.0,0.481,14.0,38.0,0.368,33.0,38.0,0.868,7.0,32.0,39.0,25.0,11.0,9.0,14.0,28.0,0.64,0.568,0.469,0.469,18.4,59.3,42.4,64.1,10.9,20.0,12.5,100.0,123.4,118.5,11.0,24.0,1.0,5.0,14.0,0.667,11.0,13.0,1.0,3.0,8.0,8.0,10.0,4.0,2.0,7.0,5.0,38.0,12.0,1.042,1.0,1.0,1.0,9.1,26.9,16.9,44.1,4.6,9.9,41.0,38.0,199.0,132.0,70.1,107.5
49,CLE,113,1,DET,101,0,2024-10-25,2025,True,240.0,42.0,82.0,0.512,13.0,34.0,0.382,16.0,23.0,0.696,5.0,34.0,39.0,28.0,13.0,4.0,13.0,15.0,0.613,0.591,0.415,0.28,12.8,81.0,48.1,66.7,13.0,8.2,12.4,100.0,113.1,101.1,8.0,21.0,1.0,5.0,8.0,0.714,7.0,8.0,1.0,1.0,11.0,11.0,6.0,4.0,2.0,4.0,3.0,19.0,14.0,1.006,1.056,1.0,1.143,7.8,40.3,20.9,40.6,7.4,6.2,25.0,37.5,214.0,111.0,38.0,81.0,0.469,13.0,32.0,0.406,12.0,17.0,0.706,8.0,34.0,42.0,25.0,3.0,5.0,22.0,22.0,0.571,0.549,0.395,0.21,19.0,87.2,51.9,65.8,3.0,10.4,19.9,100.0,101.1,113.1,14.0,24.0,0.583,3.0,6.0,0.667,4.0,6.0,1.0,3.0,7.0,7.0,6.0,1.0,1.0,9.0,5.0,33.0,9.0,0.75,0.75,1.0,1.0,78.8,50.1,40.9,87.1,4.2,8.7,100.0,42.7,231.0,119.0,76.3,88.60000000000001
50,ATL,125,1,CHA,120,0,2024-10-25,2025,True,240.0,39.0,81.0,0.481,14.0,38.0,0.368,33.0,38.0,0.868,7.0,32.0,39.0,25.0,11.0,9.0,14.0,28.0,0.64,0.568,0.469,0.469,18.4,59.3,42.4,64.1,10.9,20.0,12.5,100.0,123.4,118.5,11.0,24.0,1.0,5.0,14.0,0.667,11.0,13.0,1.0,3.0,8.0,8.0,10.0,4.0,2.0,7.0,5.0,38.0,12.0,1.042,1.0,1.0,1.0,9.1,26.9,16.9,44.1,4.6,9.9,41.0,38.0,199.0,132.0,37.0,96.0,0.385,21.0,51.0,0.412,25.0,31.0,0.806,22.0,31.0,53.0,22.0,7.0,4.0,18.0,28.0,0.547,0.495,0.531,0.323,40.7,81.6,57.6,59.5,6.9,9.3,14.1,100.0,118.5,123.4,10.0,20.0,0.5,9.0,14.0,0.643,8.0,8.0,1.0,6.0,7.0,13.0,6.0,3.0,1.0,10.0,6.0,34.0,14.0,0.751,0.725,0.857,1.333,17.7,38.5,22.6,33.0,5.2,6.3,30.6,42.7,154.0,127.0,88.60000000000001,76.3
51,HOU,128,1,MEM,108,0,2024-10-25,2025,True,240.0,43.0,98.0,0.439,17.0,43.0,0.395,25.0,36.0,0.694,23.0,41.0,64.0,20.0,10.0,4.0,19.0,32.0,0.562,0.526,0.439,0.367,44.2,74.5,59.8,46.5,9.3,6.3,14.3,100.0,118.9,100.3,8.0,21.0,1.0,5.0,9.0,1.0,6.0,8.0,1.0,6.0,10.0,16.0,4.0,3.0,2.0,8.0,5.0,22.0,19.0,1.5,1.5,1.0,1.25,15.8,78.7,40.5,50.4,5.6,4.8,56.3,38.3,300.0,110.0,38.0,91.0,0.418,10.0,28.0,0.357,22.0,36.0,0.611,14.0,29.0,43.0,24.0,8.0,8.0,19.0,25.0,0.505,0.473,0.308,0.396,25.5,55.8,40.2,63.2,7.4,14.5,15.1,100.0,100.3,118.9,8.0,17.0,0.667,2.0,5.0,1.0,6.0,9.0,1.0,4.0,5.0,9.0,4.0,2.0,2.0,6.0,4.0,24.0,3.0,0.902,1.0,1.0,1.25,15.5,20.6,17.9,35.4,5.7,11.2,41.0,43.2,226.0,131.0,107.5,70.1
52,DAL,102,0,PHO,114,1,2024-10-26,2025,False,240.0,37.0,93.0,0.398,13.0,41.0,0.317,15.0,18.0,0.833,12.0,34.0,46.0,22.0,6.0,2.0,9.0,28.0,0.505,0.468,0.441,0.194,23.1,82.9,49.5,59.5,6.2,4.9,8.2,100.0,105.6,118.1,12.0,25.0,1.0,5.0,13.0,0.417,11.0,12.0,1.0,4.0,9.0,11.0,5.0,3.0,1.0,2.0,4.0,40.0,0.0,0.868,1.0,0.75,1.0,20.3,40.6,26.7,36.4,3.9,3.3,100.0,43.0,159.0,125.0,36.0,80.0,0.45,14.0,39.0,0.359,28.0,37.0,0.757,7.0,40.0,47.0,26.0,3.0,4.0,11.0,17.0,0.592,0.538,0.488,0.463,17.1,76.9,50.5,72.2,3.1,7.7,10.3,100.0,118.1,105.6,10.0,21.0,1.0,4.0,8.0,1.0,11.0,12.0,1.0,3.0,11.0,14.0,7.0,1.0,1.0,5.0,5.0,31.0,18.0,0.813,1.0,0.833,2.0,11.5,33.3,23.7,34.8,1.6,3.5,50.0,30.1,170.0,115.0,73.8,61.599999999999994
53,TOR,101,0,MIN,112,1,2024-10-26,2025,False,240.0,41.0,90.0,0.456,10.0,29.0,0.345,9.0,13.0,0.692,12.0,34.0,46.0,29.0,9.0,4.0,20.0,22.0,0.528,0.511,0.322,0.144,27.3,79.1,52.9,70.7,9.1,8.7,17.3,100.0,102.3,113.4,9.0,19.0,0.667,4.0,9.0,0.6,3.0,3.0,1.0,3.0,8.0,10.0,8.0,2.0,2.0,6.0,4.0,25.0,6.0,0.764,0.792,0.563,0.5,17.7,55.9,31.1,35.4,10.9,16.9,55.1,29.2,136.0,123.0,39.0,83.0,0.47,14.0,37.0,0.378,20.0,26.0,0.769,9.0,32.0,41.0,29.0,9.0,8.0,13.0,16.0,0.593,0.554,0.446,0.313,20.9,72.7,47.1,74.4,9.1,13.1,12.1,100.0,113.4,102.3,9.0,21.0,0.8,5.0,12.0,1.0,5.0,7.0,1.0,3.0,10.0,12.0,6.0,4.0,4.0,4.0,3.0,24.0,20.0,0.9,0.9,0.733,1.0,19.9,28.0,17.0,87.9,7.5,8.1,17.3,34.2,234.0,111.0,86.0,86.8
54,WAS,116,1,CLE,135,0,2024-10-26,2025,False,240.0,37.0,96.0,0.385,15.0,43.0,0.349,27.0,32.0,0.844,18.0,28.0,46.0,25.0,6.0,9.0,15.0,25.0,0.527,0.464,0.448,0.333,32.7,71.8,48.9,67.6,5.7,18.4,12.0,100.0,110.8,129.0,9.0,16.0,0.75,4.0,9.0,1.0,8.0,10.0,1.0,4.0,5.0,8.0,6.0,3.0,4.0,3.0,5.0,23.0,3.0,0.82,0.875,0.778,1.0,26.8,46.3,31.4,53.4,5.8,18.4,27.6,36.1,177.0,135.0,47.0,88.0,0.534,18.0,39.0,0.462,23.0,34.0,0.676,11.0,37.0,48.0,27.0,13.0,10.0,17.0,27.0,0.656,0.636,0.443,0.386,28.2,67.3,51.1,57.4,12.4,18.9,14.2,100.0,129.0,110.8,11.0,18.0,1.0,6.0,11.0,1.0,5.0,7.0,1.0,3.0,12.0,13.0,5.0,4.0,2.0,5.0,5.0,30.0,18.0,1.025,1.0,0.875,1.25,19.5,51.8,30.3,34.6,6.3,53.8,36.2,33.2,238.0,122.0,61.599999999999994,73.8
55,MEM,124,1,ORL,111,0,2024-10-26,2025,True,240.0,46.0,86.0,0.535,13.0,34.0,0.382,19.0,24.0,0.792,6.0,36.0,42.0,38.0,10.0,5.0,18.0,24.0,0.642,0.61,0.395,0.279,17.1,75.0,50.6,82.6,9.5,12.8,15.7,100.0,118.0,105.7,9.0,12.0,1.0,4.0,6.0,1.0,8.0,9.0,1.0,2.0,7.0,7.0,12.0,2.0,1.0,5.0,5.0,22.0,26.0,0.953,1.0,1.0,2.0,12.0,28.5,17.6,70.7,5.2,6.4,41.7,60.8,173.0,117.0,37.0,87.0,0.425,17.0,48.0,0.354,20.0,28.0,0.714,12.0,29.0,41.0,21.0,10.0,6.0,19.0,20.0,0.559,0.523,0.552,0.322,25.0,82.9,49.4,56.8,9.5,11.5,16.1,100.0,105.7,118.0,7.0,17.0,1.0,5.0,13.0,1.0,7.0,13.0,1.0,5.0,7.0,10.0,3.0,4.0,1.0,6.0,4.0,23.0,11.0,1.5,1.5,1.0,1.083,19.7,31.3,18.8,53.1,6.0,18.2,100.0,29.1,285.0,126.0,82.7,91.19999999999999
56,CLE,135,0,WAS,116,1,2024-10-26,2025,True,240.0,47.0,88.0,0.534,18.0,39.0,0.462,23.0,34.0,0.676,11.0,37.0,48.0,27.0,13.0,10.0,17.0,27.0,0.656,0.636,0.443,0.386,28.2,67.3,51.1,57.4,12.4,18.9,14.2,100.0,129.0,110.8,11.0,18.0,1.0,6.0,11.0,1.0,5.0,7.0,1.0,3.0,12.0,13.0,5.0,4.0,2.0,5.0,5.0,30.0,18.0,1.025,1.0,0.875,1.25,19.5,51.8,30.3,34.6,6.3,53.8,36.2,33.2,238.0,122.0,37.0,96.0,0.385,15.0,43.0,0.349,27.0,32.0,0.844,18.0,28.0,46.0,25.0,6.0,9.0,15.0,25.0,0.527,0.464,0.448,0.333,32.7,71.8,48.9,67.6,5.7,18.4,12.0,100.0,110.8,129.0,9.0,16.0,0.75,4.0,9.0,1.0,8.0,10.0,1.0,4.0,5.0,8.0,6.0,3.0,4.0,3.0,5.0,23.0,3.0,0.82,0.875,0.778,1.0,26.8,46.3,31.4,53.4,5.8,18.4,27.6,36.1,177.0,135.0,91.19999999999999,82.7
57,SAS,109,1,HOU,106,0,2024-10-26,2025,True,240.0,39.0,79.0,0.494,8.0,20.0,0.4,23.0,28.0,0.821,10.0,39.0,49.0,23.0,6.0,7.0,17.0,18.0,0.597,0.544,0.253,0.354,27.8,83.0,59.0,59.0,6.1,13.7,15.7,100.0,110.7,107.7,10.0,17.0,0.667,2.0,5.0,0.667,7.0,8.0,1.0,3.0,9.0,12.0,9.0,2.0,3.0,4.0,3.0,29.0,5.0,0.854,0.833,0.667,0.75,15.9,34.4,26.0,51.1,3.7,13.8,57.1,34.5,174.0,113.0,38.0,92.0,0.413,13.0,41.0,0.317,17.0,21.0,0.81,8.0,26.0,34.0,21.0,10.0,3.0,11.0,24.0,0.524,0.484,0.446,0.228,17.0,72.2,41.0,55.3,10.2,5.1,9.8,100.0,107.7,110.7,10.0,22.0,0.714,4.0,10.0,0.571,6.0,6.0,1.0,2.0,5.0,7.0,7.0,3.0,1.0,2.0,5.0,29.0,9.0,0.742,0.714,0.833,0.667,10.3,24.2,13.1,30.9,8.0,4.4,33.3,34.5,145.0,117.0,84.3,55.8
58,PHO,114,1,DAL,102,0,2024-10-26,2025,True,240.0,36.0,80.0,0.45,14.0,39.0,0.359,28.0,37.0,0.757,7.0,40.0,47.0,26.0,3.0,4.0,11.0,17.0,0.592,0.538,0.488,0.463,17.1,76.9,50.5,72.2,3.1,7.7,10.3,100.0,118.1,105.6,10.0,21.0,1.0,4.0,8.0,1.0,11.0,12.0,1.0,3.0,11.0,14.0,7.0,1.0,1.0,5.0,5.0,31.0,18.0,0.813,1.0,0.833,2.0,11.5,33.3,23.7,34.8,1.6,3.5,50.0,30.1,170.0,115.0,37.0,93.0,0.398,13.0,41.0,0.317,15.0,18.0,0.833,12.0,34.0,46.0,22.0,6.0,2.0,9.0,28.0,0.505,0.468,0.441,0.194,23.1,82.9,49.5,59.5,6.2,4.9,8.2,100.0,105.6,118.1,12.0,25.0,1.0,5.0,13.0,0.417,11.0,12.0,1.0,4.0,9.0,11.0,5.0,3.0,1.0,2.0,4.0,40.0,0.0,0.868,1.0,0.75,1.0,20.3,40.6,26.7,36.4,3.9,3.3,100.0,43.0,159.0,125.0,103.1,84.9
59,MIN,112,1,TOR,101,0,2024-10-26,2025,True,240.0,39.0,83.0,0.47,14.0,37.0,0.378,20.0,26.0,0.769,9.0,32.0,41.0,29.0,9.0,8.0,13.0,16.0,0.593,0.554,0.446,0.313,20.9,72.7,47.1,74.4,9.1,13.1,12.1,100.0,113.4,102.3,9.0,21.0,0.8,5.0,12.0,1.0,5.0,7.0,1.0,3.0,10.0,12.0,6.0,4.0,4.0,4.0,3.0,24.0,20.0,0.9,0.9,0.733,1.0,19.9,28.0,17.0,87.9,7.5,8.1,17.3,34.2,234.0,111.0,41.0,90.0,0.456,10.0,29.0,0.345,9.0,13.0,0.692,12.0,34.0,46.0,29.0,9.0,4.0,20.0,22.0,0.528,0.511,0.322,0.144,27.3,79.1,52.9,70.7,9.1,8.7,17.3,100.0,102.3,113.4,9.0,19.0,0.667,4.0,9.0,0.6,3.0,3.0,1.0,3.0,8.0,10.0,8.0,2.0,2.0,6.0,4.0,25.0,6.0,0.764,0.792,0.563,0.5,17.7,55.9,31.1,35.4,10.9,16.9,55.1,29.2,136.0,123.0,84.9,103.1
60,ORL,111,0,MEM,124,1,2024-10-26,2025,False,240.0,37.0,87.0,0.425,17.0,48.0,0.354,20.0,28.0,0.714,12.0,29.0,41.0,21.0,10.0,6.0,19.0,20.0,0.559,0.523,0.552,0.322,25.0,82.9,49.4,56.8,9.5,11.5,16.1,100.0,105.7,118.0,7.0,17.0,1.0,5.0,13.0,1.0,7.0,13.0,1.0,5.0,7.0,10.0,3.0,4.0,1.0,6.0,4.0,23.0,11.0,1.5,1.5,1.0,1.083,19.7,31.3,18.8,53.1,6.0,18.2,100.0,29.1,285.0,126.0,46.0,86.0,0.535,13.0,34.0,0.382,19.0,24.0,0.792,6.0,36.0,42.0,38.0,10.0,5.0,18.0,24.0,0.642,0.61,0.395,0.279,17.1,75.0,50.6,82.6,9.5,12.8,15.7,100.0,118.0,105.7,9.0,12.0,1.0,4.0,6.0,1.0,8.0,9.0,1.0,2.0,7.0,7.0,12.0,2.0,1.0,5.0,5.0,22.0,26.0,0.953,1.0,1.0,2.0,12.0,28.5,17.6,70.7,5.2,6.4,41.7,60.8,173.0,117.0,86.8,86.0
61,HOU,106,0,SAS,109,1,2024-10-26,2025,False,240.0,38.0,92.0,0.413,13.0,41.0,0.317,17.0,21.0,0.81,8.0,26.0,34.0,21.0,10.0,3.0,11.0,24.0,0.524,0.484,0.446,0.228,17.0,72.2,41.0,55.3,10.2,5.1,9.8,100.0,107.7,110.7,10.0,22.0,0.714,4.0,10.0,0.571,6.0,6.0,1.0,2.0,5.0,7.0,7.0,3.0,1.0,2.0,5.0,29.0,9.0,0.742,0.714,0.833,0.667,10.3,24.2,13.1,30.9,8.0,4.4,33.3,34.5,145.0,117.0,39.0,79.0,0.494,8.0,20.0,0.4,23.0,28.0,0.821,10.0,39.0,49.0,23.0,6.0,7.0,17.0,18.0,0.597,0.544,0.253,0.354,27.8,83.0,59.0,59.0,6.1,13.7,15.7,100.0,110.7,107.7,10.0,17.0,0.667,2.0,5.0,0.667,7.0,8.0,1.0,3.0,9.0,12.0,9.0,2.0,3.0,4.0,3.0,29.0,5.0,0.854,0.833,0.667,0.75,15.9,34.4,26.0,51.1,3.7,13.8,57.1,34.5,174.0,113.0,55.8,84.3
62,SAC,127,0,LAL,131,1,2024-10-26,2025,False,240.0,45.0,88.0,0.511,15.0,44.0,0.341,22.0,25.0,0.88,5.0,27.0,32.0,32.0,12.0,5.0,14.0,19.0,0.641,0.597,0.5,0.284,13.5,67.5,41.6,71.1,11.4,8.6,12.4,100.0,120.3,124.1,10.0,20.0,0.75,4.0,10.0,0.667,8.0,9.0,1.0,3.0,9.0,12.0,10.0,3.0,2.0,6.0,3.0,29.0,20.0,0.836,0.833,1.0,0.643,10.6,29.4,20.4,40.9,3.7,8.9,50.0,30.6,162.0,134.0,48.0,92.0,0.522,14.0,34.0,0.412,21.0,24.0,0.875,13.0,32.0,45.0,32.0,8.0,3.0,19.0,19.0,0.639,0.598,0.37,0.261,32.5,86.5,58.4,66.7,7.6,6.8,15.6,100.0,124.1,120.3,12.0,22.0,1.0,4.0,9.0,1.0,10.0,13.0,1.0,4.0,14.0,14.0,10.0,3.0,2.0,6.0,3.0,32.0,24.0,1.0,1.0,0.714,0.867,14.3,53.8,25.8,45.9,5.1,5.8,33.3,33.6,210.0,127.0,83.0,93.9
63,BOS,124,0,DET,118,1,2024-10-26,2025,True,240.0,38.0,90.0,0.422,22.0,48.0,0.458,26.0,30.0,0.867,13.0,24.0,37.0,19.0,10.0,6.0,10.0,16.0,0.601,0.544,0.533,0.333,27.1,72.7,45.7,50.0,10.2,12.2,8.8,100.0,126.8,120.7,12.0,26.0,0.625,6.0,13.0,0.714,9.0,10.0,1.0,3.0,7.0,10.0,5.0,3.0,3.0,3.0,5.0,37.0,21.0,0.973,0.938,1.0,0.5,15.5,26.7,15.5,20.7,5.4,7.5,66.7,34.4,194.0,127.0,43.0,88.0,0.489,14.0,39.0,0.359,18.0,22.0,0.818,9.0,35.0,44.0,27.0,4.0,7.0,15.0,22.0,0.604,0.568,0.443,0.25,27.3,72.9,54.3,62.8,4.1,16.7,13.3,100.0,120.7,126.8,10.0,22.0,1.0,5.0,8.0,0.625,4.0,5.0,1.0,3.0,9.0,11.0,10.0,1.0,4.0,7.0,6.0,26.0,8.0,1.0,1.0,0.833,0.571,15.4,28.6,20.7,36.6,2.6,11.3,25.0,31.9,165.0,135.0,70.1,76.3
64,DEN,104,1,LAC,109,0,2024-10-26,2025,False,240.0,35.0,87.0,0.402,14.0,35.0,0.4,20.0,24.0,0.833,10.0,27.0,37.0,20.0,13.0,4.0,10.0,22.0,0.533,0.483,0.402,0.276,23.3,71.1,45.7,57.1,13.8,8.2,9.3,100.0,110.6,115.9,14.0,26.0,0.667,7.0,12.0,1.0,6.0,8.0,1.0,3.0,7.0,9.0,5.0,2.0,2.0,5.0,5.0,41.0,7.0,0.8,0.8,0.462,0.667,9.9,23.3,14.5,34.0,6.3,5.7,16.7,41.9,145.0,124.0,40.0,82.0,0.488,12.0,33.0,0.364,17.0,21.0,0.81,11.0,33.0,44.0,30.0,4.0,5.0,17.0,24.0,0.597,0.561,0.402,0.256,28.9,76.7,54.3,75.0,4.3,9.6,15.7,100.0,115.9,110.6,14.0,21.0,0.667,7.0,11.0,0.636,12.0,13.0,0.923,4.0,11.0,15.0,16.0,1.0,1.0,7.0,5.0,37.0,22.0,0.917,0.917,0.833,1.182,33.8,31.4,31.7,60.5,2.2,24.7,29.5,36.0,227.0,118.0,76.3,70.1
65,CHA,106,1,MIA,114,0,2024-10-26,2025,False,240.0,39.0,89.0,0.438,13.0,41.0,0.317,15.0,21.0,0.714,15.0,31.0,46.0,20.0,6.0,5.0,20.0,24.0,0.539,0.511,0.461,0.236,33.3,70.5,51.7,51.3,6.1,9.6,16.9,100.0,108.0,116.2,9.0,22.0,1.0,3.0,10.0,0.5,7.0,8.0,1.0,4.0,8.0,12.0,7.0,1.0,3.0,5.0,5.0,27.0,6.0,0.868,1.0,1.0,1.0,27.1,25.2,18.7,33.9,5.7,8.0,50.0,33.9,145.0,125.0,40.0,86.0,0.465,14.0,34.0,0.412,20.0,28.0,0.714,13.0,30.0,43.0,33.0,8.0,6.0,14.0,19.0,0.58,0.547,0.395,0.326,29.5,66.7,48.3,82.5,8.2,12.5,12.5,100.0,116.2,108.0,7.0,17.0,0.75,3.0,7.0,1.0,11.0,17.0,1.0,4.0,7.0,11.0,8.0,2.0,2.0,4.0,3.0,26.0,13.0,1.125,1.125,1.0,1.133,38.3,22.9,18.9,42.1,4.2,13.0,100.0,27.2,196.0,114.0,96.1,97.4
66,MIA,114,0,CHA,106,1,2024-10-26,2025,True,240.0,40.0,86.0,0.465,14.0,34.0,0.412,20.0,28.0,0.714,13.0,30.0,43.0,33.0,8.0,6.0,14.0,19.0,0.58,0.547,0.395,0.326,29.5,66.7,48.3,82.5,8.2,12.5,12.5,100.0,116.2,108.0,7.0,17.0,0.75,3.0,7.0,1.0,11.0,17.0,1.0,4.0,7.0,11.0,8.0,2.0,2.0,4.0,3.0,26.0,13.0,1.125,1.125,1.0,1.133,38.3,22.9,18.9,42.1,4.2,13.0,100.0,27.2,196.0,114.0,39.0,89.0,0.438,13.0,41.0,0.317,15.0,21.0,0.714,15.0,31.0,46.0,20.0,6.0,5.0,20.0,24.0,0.539,0.511,0.461,0.236,33.3,70.5,51.7,51.3,6.1,9.6,16.9,100.0,108.0,116.2,9.0,22.0,1.0,3.0,10.0,0.5,7.0,8.0,1.0,4.0,8.0,12.0,7.0,1.0,3.0,5.0,5.0,27.0,6.0,0.868,1.0,1.0,1.0,27.1,25.2,18.7,33.9,5.7,8.0,50.0,33.9,145.0,125.0,97.4,96.1
67,CHI,95,1,OKC,114,0,2024-10-26,2025,False,240.0,32.0,92.0,0.348,15.0,53.0,0.283,16.0,22.0,0.727,11.0,50.0,61.0,23.0,6.0,2.0,26.0,19.0,0.467,0.429,0.576,0.239,19.6,84.7,53.0,71.9,5.2,3.0,20.4,100.0,82.9,99.5,7.0,14.0,1.0,4.0,9.0,1.0,6.0,7.0,1.0,3.0,10.0,13.0,6.0,2.0,1.0,7.0,4.0,22.0,3.0,1.5,1.5,1.0,0.667,19.3,29.5,22.7,51.1,9.5,2.2,69.4,25.8,285.0,106.0,45.0,107.0,0.421,8.0,40.0,0.2,16.0,20.0,0.8,9.0,45.0,54.0,21.0,15.0,5.0,10.0,18.0,0.492,0.458,0.374,0.187,15.3,80.4,47.0,46.7,13.1,12.8,7.9,100.0,99.5,82.9,10.0,22.0,1.0,2.0,9.0,1.0,5.0,8.0,1.0,3.0,13.0,16.0,8.0,4.0,2.0,2.0,5.0,24.0,23.0,1.5,1.5,1.0,0.444,8.5,38.7,23.2,39.9,13.1,11.4,100.0,31.2,300.0,97.0,69.1,107.5
68,OKC,114,0,CHI,95,1,2024-10-26,2025,True,240.0,45.0,107.0,0.421,8.0,40.0,0.2,16.0,20.0,0.8,9.0,45.0,54.0,21.0,15.0,5.0,10.0,18.0,0.492,0.458,0.374,0.187,15.3,80.4,47.0,46.7,13.1,12.8,7.9,100.0,99.5,82.9,10.0,22.0,1.0,2.0,9.0,1.0,5.0,8.0,1.0,3.0,13.0,16.0,8.0,4.0,2.0,2.0,5.0,24.0,23.0,1.5,1.5,1.0,0.444,8.5,38.7,23.2,39.9,13.1,11.4,100.0,31.2,300.0,97.0,32.0,92.0,0.348,15.0,53.0,0.283,16.0,22.0,0.727,11.0,50.0,61.0,23.0,6.0,2.0,26.0,19.0,0.467,0.429,0.576,0.239,19.6,84.7,53.0,71.9,5.2,3.0,20.4,100.0,82.9,99.5,7.0,14.0,1.0,4.0,9.0,1.0,6.0,7.0,1.0,3.0,10.0,13.0,6.0,2.0,1.0,7.0,4.0,22.0,3.0,1.5,1.5,1.0,0.667,19.3,29.5,22.7,51.1,9.5,2.2,69.4,25.8,285.0,106.0,107.5,69.1
69,DET,118,1,BOS,124,0,2024-10-26,2025,False,240.0,43.0,88.0,0.489,14.0,39.0,0.359,18.0,22.0,0.818,9.0,35.0,44.0,27.0,4.0,7.0,15.0,22.0,0.604,0.568,0.443,0.25,27.3,72.9,54.3,62.8,4.1,16.7,13.3,100.0,120.7,126.8,10.0,22.0,1.0,5.0,8.0,0.625,4.0,5.0,1.0,3.0,9.0,11.0,10.0,1.0,4.0,7.0,6.0,26.0,8.0,1.0,1.0,0.833,0.571,15.4,28.6,20.7,36.6,2.6,11.3,25.0,31.9,165.0,135.0,38.0,90.0,0.422,22.0,48.0,0.458,26.0,30.0,0.867,13.0,24.0,37.0,19.0,10.0,6.0,10.0,16.0,0.601,0.544,0.533,0.333,27.1,72.7,45.7,50.0,10.2,12.2,8.8,100.0,126.8,120.7,12.0,26.0,0.625,6.0,13.0,0.714,9.0,10.0,1.0,3.0,7.0,10.0,5.0,3.0,3.0,3.0,5.0,37.0,21.0,0.973,0.938,1.0,0.5,15.5,26.7,15.5,20.7,5.4,7.5,66.7,34.4,194.0,127.0,95.0,78.4
70,LAL,131,1,SAC,127,0,2024-10-26,2025,True,240.0,48.0,92.0,0.522,14.0,34.0,0.412,21.0,24.0,0.875,13.0,32.0,45.0,32.0,8.0,3.0,19.0,19.0,0.639,0.598,0.37,0.261,32.5,86.5,58.4,66.7,7.6,6.8,15.6,100.0,124.1,120.3,12.0,22.0,1.0,4.0,9.0,1.0,10.0,13.0,1.0,4.0,14.0,14.0,10.0,3.0,2.0,6.0,3.0,32.0,24.0,1.0,1.0,0.714,0.867,14.3,53.8,25.8,45.9,5.1,5.8,33.3,33.6,210.0,127.0,45.0,88.0,0.511,15.0,44.0,0.341,22.0,25.0,0.88,5.0,27.0,32.0,32.0,12.0,5.0,14.0,19.0,0.641,0.597,0.5,0.284,13.5,67.5,41.6,71.1,11.4,8.6,12.4,100.0,120.3,124.1,10.0,20.0,0.75,4.0,10.0,0.667,8.0,9.0,1.0,3.0,9.0,12.0,10.0,3.0,2.0,6.0,3.0,29.0,20.0,0.836,0.833,1.0,0.643,10.6,29.4,20.4,40.9,3.7,8.9,50.0,30.6,162.0,134.0,78.4,95.0
71,LAC,109,0,DEN,104,1,2024-10-26,2025,True,240.0,40.0,82.0,0.488,12.0,33.0,0.364,17.0,21.0,0.81,11.0,33.0,44.0,30.0,4.0,5.0,17.0,24.0,0.597,0.561,0.402,0.256,28.9,76.7,54.3,75.0,4.3,9.6,15.7,100.0,115.9,110.6,14.0,21.0,0.667,7.0,11.0,0.636,12.0,13.0,0.923,4.0,11.0,15.0,16.0,1.0,1.0,7.0,5.0,37.0,22.0,0.917,0.917,0.833,1.182,33.8,31.4,31.7,60.5,2.2,24.7,29.5,36.0,227.0,118.0,35.0,87.0,0.402,14.0,35.0,0.4,20.0,24.0,0.833,10.0,27.0,37.0,20.0,13.0,4.0,10.0,22.0,0.533,0.483,0.402,0.276,23.3,71.1,45.7,57.1,13.8,8.2,9.3,100.0,110.6,115.9,14.0,26.0,0.667,7.0,12.0,1.0,6.0,8.0,1.0,3.0,7.0,9.0,5.0,2.0,2.0,5.0,5.0,41.0,7.0,0.8,0.8,0.462,0.667,9.9,23.3,14.5,34.0,6.3,5.7,16.7,41.9,145.0,124.0,93.9,83.0
72,ATL,104,0,OKC,128,1,2024-10-27,2025,False,240.0,36.0,91.0,0.396,10.0,31.0,0.323,22.0,29.0,0.759,17.0,32.0,49.0,24.0,7.0,4.0,20.0,23.0,0.501,0.451,0.341,0.319,33.3,74.4,52.1,66.7,6.9,8.2,16.2,100.0,102.7,126.4,7.0,14.0,0.8,4.0,8.0,1.0,8.0,9.0,1.0,5.0,8.0,10.0,8.0,2.0,1.0,10.0,5.0,24.0,-1.0,0.791,0.9,0.889,2.0,21.8,36.6,23.7,38.5,4.4,4.5,36.3,28.8,168.0,135.0,44.0,89.0,0.494,16.0,40.0,0.4,24.0,32.0,0.75,11.0,34.0,45.0,26.0,13.0,12.0,10.0,23.0,0.621,0.584,0.449,0.36,25.6,66.7,47.9,59.1,12.8,20.0,8.8,100.0,126.4,102.7,11.0,24.0,1.0,4.0,8.0,1.0,10.0,11.0,1.0,2.0,9.0,11.0,9.0,3.0,6.0,3.0,5.0,35.0,24.0,1.5,1.5,1.0,0.667,59.3,50.0,27.1,40.9,6.7,14.4,36.8,45.1,300.0,117.0,50.199999999999996,36.2
73,POR,125,1,NOP,103,0,2024-10-27,2025,True,240.0,43.0,93.0,0.462,14.0,35.0,0.4,25.0,32.0,0.781,22.0,29.0,51.0,25.0,9.0,8.0,16.0,21.0,0.584,0.538,0.376,0.344,47.8,65.9,56.7,58.1,9.3,13.6,13.0,100.0,129.8,107.0,9.0,17.0,0.778,5.0,10.0,1.0,8.0,12.0,1.0,6.0,6.0,12.0,7.0,2.0,4.0,4.0,4.0,28.0,25.0,0.86,0.833,0.667,0.706,47.6,31.5,36.5,32.2,26.8,12.4,100.0,34.5,233.0,118.0,38.0,88.0,0.432,8.0,29.0,0.276,19.0,24.0,0.792,15.0,24.0,39.0,24.0,9.0,8.0,17.0,22.0,0.523,0.477,0.33,0.273,34.1,52.2,43.3,63.2,9.3,13.8,14.7,100.0,107.0,129.8,10.0,21.0,1.0,3.0,10.0,0.5,8.0,10.0,1.0,3.0,7.0,8.0,6.0,4.0,2.0,3.0,5.0,27.0,6.0,1.0,1.0,0.8,0.833,58.7,28.1,43.0,35.0,5.6,10.7,66.7,33.5,194.0,141.0,36.2,50.199999999999996
74,NOP,103,0,POR,125,1,2024-10-27,2025,False,240.0,38.0,88.0,0.432,8.0,29.0,0.276,19.0,24.0,0.792,15.0,24.0,39.0,24.0,9.0,8.0,17.0,22.0,0.523,0.477,0.33,0.273,34.1,52.2,43.3,63.2,9.3,13.8,14.7,100.0,107.0,129.8,10.0,21.0,1.0,3.0,10.0,0.5,8.0,10.0,1.0,3.0,7.0,8.0,6.0,4.0,2.0,3.0,5.0,27.0,6.0,1.0,1.0,0.8,0.833,58.7,28.1,43.0,35.0,5.6,10.7,66.7,33.5,194.0,141.0,43.0,93.0,0.462,14.0,35.0,0.4,25.0,32.0,0.781,22.0,29.0,51.0,25.0,9.0,8.0,16.0,21.0,0.584,0.538,0.376,0.344,47.8,65.9,56.7,58.1,9.3,13.6,13.0,100.0,129.8,107.0,9.0,17.0,0.778,5.0,10.0,1.0,8.0,12.0,1.0,6.0,6.0,12.0,7.0,2.0,4.0,4.0,4.0,28.0,25.0,0.86,0.833,0.667,0.706,47.6,31.5,36.5,32.2,26.8,12.4,100.0,34.5,233.0,118.0,55.5,103.1
75,OKC,128,1,ATL,104,0,2024-10-27,2025,True,240.0,44.0,89.0,0.494,16.0,40.0,0.4,24.0,32.0,0.75,11.0,34.0,45.0,26.0,13.0,12.0,10.0,23.0,0.621,0.584,0.449,0.36,25.6,66.7,47.9,59.1,12.8,20.0,8.8,100.0,126.4,102.7,11.0,24.0,1.0,4.0,8.0,1.0,10.0,11.0,1.0,2.0,9.0,11.0,9.0,3.0,6.0,3.0,5.0,35.0,24.0,1.5,1.5,1.0,0.667,59.3,50.0,27.1,40.9,6.7,14.4,36.8,45.1,300.0,117.0,36.0,91.0,0.396,10.0,31.0,0.323,22.0,29.0,0.759,17.0,32.0,49.0,24.0,7.0,4.0,20.0,23.0,0.501,0.451,0.341,0.319,33.3,74.4,52.1,66.7,6.9,8.2,16.2,100.0,102.7,126.4,7.0,14.0,0.8,4.0,8.0,1.0,8.0,9.0,1.0,5.0,8.0,10.0,8.0,2.0,1.0,10.0,5.0,24.0,-1.0,0.791,0.9,0.889,2.0,21.8,36.6,23.7,38.5,4.4,4.5,36.3,28.8,168.0,135.0,103.1,55.5
76,IND,114,1,PHI,118,0,2024-10-27,2025,False,265.0,39.0,84.0,0.464,13.0,32.0,0.406,23.0,34.0,0.676,7.0,30.0,37.0,28.0,8.0,4.0,20.0,26.0,0.576,0.542,0.381,0.405,17.1,60.0,40.7,71.8,7.4,7.1,16.8,100.0,105.6,109.4,8.0,18.0,1.0,4.0,9.0,1.0,6.0,8.0,1.0,2.0,6.0,7.0,8.0,4.0,1.0,6.0,6.0,22.0,14.0,1.042,1.0,0.667,1.25,12.1,24.7,14.3,39.8,5.3,16.5,50.0,27.7,222.0,117.0,42.0,98.0,0.429,11.0,42.0,0.262,23.0,31.0,0.742,20.0,34.0,54.0,15.0,9.0,4.0,20.0,26.0,0.528,0.485,0.429,0.316,40.0,82.9,59.3,35.7,8.3,7.7,15.2,100.0,109.4,105.6,14.0,32.0,1.0,5.0,17.0,1.0,12.0,15.0,1.0,5.0,12.0,17.0,4.0,2.0,2.0,5.0,5.0,45.0,17.0,1.031,1.167,0.75,0.667,30.7,41.7,26.6,29.2,2.9,4.3,38.3,36.7,208.0,112.0,94.80000000000001,83.0
77,PHI,118,0,IND,114,1,2024-10-27,2025,True,265.0,42.0,98.0,0.429,11.0,42.0,0.262,23.0,31.0,0.742,20.0,34.0,54.0,15.0,9.0,4.0,20.0,26.0,0.528,0.485,0.429,0.316,40.0,82.9,59.3,35.7,8.3,7.7,15.2,100.0,109.4,105.6,14.0,32.0,1.0,5.0,17.0,1.0,12.0,15.0,1.0,5.0,12.0,17.0,4.0,2.0,2.0,5.0,5.0,45.0,17.0,1.031,1.167,0.75,0.667,30.7,41.7,26.6,29.2,2.9,4.3,38.3,36.7,208.0,112.0,39.0,84.0,0.464,13.0,32.0,0.406,23.0,34.0,0.676,7.0,30.0,37.0,28.0,8.0,4.0,20.0,26.0,0.576,0.542,0.381,0.405,17.1,60.0,40.7,71.8,7.4,7.1,16.8,100.0,105.6,109.4,8.0,18.0,1.0,4.0,9.0,1.0,6.0,8.0,1.0,2.0,6.0,7.0,8.0,4.0,1.0,6.0,6.0,22.0,14.0,1.042,1.0,0.667,1.25,12.1,24.7,14.3,39.8,5.3,16.5,50.0,27.7,222.0,117.0,83.0,94.80000000000001
78,BRK,115,1,MIL,102,0,2024-10-27,2025,True,240.0,39.0,91.0,0.429,16.0,45.0,0.356,21.0,23.0,0.913,12.0,35.0,47.0,23.0,9.0,3.0,12.0,26.0,0.569,0.516,0.495,0.253,25.0,83.3,52.2,59.0,9.2,7.3,10.6,100.0,117.7,104.4,10.0,21.0,1.0,5.0,9.0,1.0,10.0,11.0,1.0,5.0,6.0,11.0,6.0,2.0,2.0,2.0,4.0,32.0,27.0,1.5,1.5,1.0,0.533,23.0,58.1,27.1,62.6,4.0,10.7,100.0,43.2,300.0,113.0,33.0,74.0,0.446,10.0,33.0,0.303,26.0,31.0,0.839,7.0,36.0,43.0,20.0,7.0,3.0,18.0,17.0,0.582,0.514,0.446,0.419,16.7,75.0,47.8,60.6,7.2,6.5,17.0,100.0,104.4,117.7,7.0,14.0,1.0,3.0,7.0,0.6,10.0,11.0,1.0,2.0,11.0,12.0,7.0,2.0,1.0,4.0,4.0,22.0,4.0,1.0,1.0,1.0,1.0,8.5,33.0,19.9,44.0,28.6,7.9,34.0,77.8,230.0,127.0,77.1,88.60000000000001
79,MIL,102,0,BRK,115,1,2024-10-27,2025,False,240.0,33.0,74.0,0.446,10.0,33.0,0.303,26.0,31.0,0.839,7.0,36.0,43.0,20.0,7.0,3.0,18.0,17.0,0.582,0.514,0.446,0.419,16.7,75.0,47.8,60.6,7.2,6.5,17.0,100.0,104.4,117.7,7.0,14.0,1.0,3.0,7.0,0.6,10.0,11.0,1.0,2.0,11.0,12.0,7.0,2.0,1.0,4.0,4.0,22.0,4.0,1.0,1.0,1.0,1.0,8.5,33.0,19.9,44.0,28.6,7.9,34.0,77.8,230.0,127.0,39.0,91.0,0.429,16.0,45.0,0.356,21.0,23.0,0.913,12.0,35.0,47.0,23.0,9.0,3.0,12.0,26.0,0.569,0.516,0.495,0.253,25.0,83.3,52.2,59.0,9.2,7.3,10.6,100.0,117.7,104.4,10.0,21.0,1.0,5.0,9.0,1.0,10.0,11.0,1.0,5.0,6.0,11.0,6.0,2.0,2.0,2.0,4.0,32.0,27.0,1.5,1.5,1.0,0.533,23.0,58.1,27.1,62.6,4.0,10.7,100.0,43.2,300.0,113.0,80.4,49.0
80,GSW,104,1,LAC,112,0,2024-10-27,2025,False,240.0,38.0,88.0,0.432,14.0,43.0,0.326,14.0,22.0,0.636,14.0,33.0,47.0,19.0,10.0,5.0,21.0,22.0,0.532,0.511,0.489,0.25,29.2,70.2,49.5,50.0,9.8,8.6,17.7,100.0,101.9,109.8,11.0,15.0,0.733,5.0,9.0,0.625,3.0,6.0,1.0,5.0,6.0,11.0,6.0,3.0,1.0,6.0,4.0,29.0,2.0,0.888,0.9,0.8,1.0,26.5,30.5,27.7,39.6,7.0,5.2,100.0,27.1,161.0,120.0,42.0,90.0,0.467,10.0,32.0,0.313,18.0,23.0,0.783,14.0,34.0,48.0,27.0,11.0,2.0,18.0,21.0,0.559,0.522,0.356,0.256,29.8,70.8,50.5,64.3,10.8,4.4,15.2,100.0,109.8,101.9,10.0,19.0,0.7,3.0,12.0,1.0,9.0,9.0,1.0,6.0,12.0,18.0,11.0,4.0,1.0,5.0,4.0,23.0,20.0,0.827,0.85,0.75,0.474,16.3,32.0,24.2,43.7,6.6,3.8,26.9,31.9,142.0,109.0,49.0,80.4
81,LAC,112,0,GSW,104,1,2024-10-27,2025,True,240.0,42.0,90.0,0.467,10.0,32.0,0.313,18.0,23.0,0.783,14.0,34.0,48.0,27.0,11.0,2.0,18.0,21.0,0.559,0.522,0.356,0.256,29.8,70.8,50.5,64.3,10.8,4.4,15.2,100.0,109.8,101.9,10.0,19.0,0.7,3.0,12.0,1.0,9.0,9.0,1.0,6.0,12.0,18.0,11.0,4.0,1.0,5.0,4.0,23.0,20.0,0.827,0.85,0.75,0.474,16.3,32.0,24.2,43.7,6.6,3.8,26.9,31.9,142.0,109.0,38.0,88.0,0.432,14.0,43.0,0.326,14.0,22.0,0.636,14.0,33.0,47.0,19.0,10.0,5.0,21.0,22.0,0.532,0.511,0.489,0.25,29.2,70.2,49.5,50.0,9.8,8.6,17.7,100.0,101.9,109.8,11.0,15.0,0.733,5.0,9.0,0.625,3.0,6.0,1.0,5.0,6.0,11.0,6.0,3.0,1.0,6.0,4.0,29.0,2.0,0.888,0.9,0.8,1.0,26.5,30.5,27.7,39.6,7.0,5.2,100.0,27.1,161.0,120.0,88.60000000000001,77.1
82,ORL,119,1,IND,115,0,2024-10-28,2025,True,240.0,39.0,83.0,0.47,13.0,41.0,0.317,28.0,38.0,0.737,11.0,35.0,46.0,26.0,7.0,6.0,15.0,25.0,0.597,0.548,0.494,0.458,27.5,70.0,51.1,66.7,7.1,10.2,13.1,100.0,120.1,116.1,16.0,26.0,0.615,6.0,13.0,0.667,15.0,22.0,1.0,4.0,9.0,13.0,9.0,2.0,2.0,4.0,4.0,50.0,11.0,0.72,0.7,1.0,1.2,21.4,27.0,23.8,55.6,4.5,7.3,50.0,41.9,161.0,122.0,41.0,88.0,0.466,13.0,29.0,0.448,20.0,30.0,0.667,15.0,29.0,44.0,25.0,7.0,4.0,13.0,28.0,0.568,0.54,0.33,0.341,30.0,72.5,48.9,61.0,7.1,9.5,11.4,100.0,116.1,120.1,10.0,18.0,1.0,4.0,9.0,1.0,4.0,6.0,1.0,7.0,7.0,9.0,10.0,2.0,4.0,2.0,6.0,26.0,6.0,1.33,1.5,1.0,2.0,30.3,24.8,21.7,41.7,20.6,20.6,100.0,37.5,151.0,128.0,94.80000000000001,95.4
83,IND,115,0,ORL,119,1,2024-10-28,2025,False,240.0,41.0,88.0,0.466,13.0,29.0,0.448,20.0,30.0,0.667,15.0,29.0,44.0,25.0,7.0,4.0,13.0,28.0,0.568,0.54,0.33,0.341,30.0,72.5,48.9,61.0,7.1,9.5,11.4,100.0,116.1,120.1,10.0,18.0,1.0,4.0,9.0,1.0,4.0,6.0,1.0,7.0,7.0,9.0,10.0,2.0,4.0,2.0,6.0,26.0,6.0,1.33,1.5,1.0,2.0,30.3,24.8,21.7,41.7,20.6,20.6,100.0,37.5,151.0,128.0,39.0,83.0,0.47,13.0,41.0,0.317,28.0,38.0,0.737,11.0,35.0,46.0,26.0,7.0,6.0,15.0,25.0,0.597,0.548,0.494,0.458,27.5,70.0,51.1,66.7,7.1,10.2,13.1,100.0,120.1,116.1,16.0,26.0,0.615,6.0,13.0,0.667,15.0,22.0,1.0,4.0,9.0,13.0,9.0,2.0,2.0,4.0,4.0,50.0,11.0,0.72,0.7,1.0,1.2,21.4,27.0,23.8,55.6,4.5,7.3,50.0,41.9,161.0,122.0,61.599999999999994,86.80000000000001
84,TOR,125,1,DEN,127,0,2024-10-28,2025,False,265.0,49.0,109.0,0.45,10.0,35.0,0.286,17.0,21.0,0.81,18.0,36.0,54.0,30.0,7.0,7.0,15.0,27.0,0.529,0.495,0.321,0.193,32.7,70.6,50.9,61.2,6.4,9.2,11.3,100.0,113.7,115.5,9.0,21.0,0.538,3.0,7.0,0.5,4.0,4.0,1.0,8.0,11.0,19.0,9.0,5.0,1.0,4.0,5.0,21.0,3.0,0.798,0.65,0.667,2.0,19.2,29.4,23.6,39.3,6.8,5.7,25.4,31.9,139.0,124.0,47.0,96.0,0.49,9.0,20.0,0.45,24.0,30.0,0.8,15.0,37.0,52.0,29.0,6.0,6.0,16.0,20.0,0.582,0.536,0.208,0.313,29.4,67.3,49.1,61.7,5.5,8.1,12.8,100.0,115.5,113.7,18.0,27.0,1.0,3.0,5.0,1.0,6.0,8.0,1.0,5.0,8.0,11.0,8.0,2.0,2.0,5.0,4.0,40.0,11.0,1.16,1.333,0.667,1.0,12.3,21.1,13.1,24.7,2.7,4.6,40.0,46.3,149.0,119.0,86.80000000000001,61.599999999999994
85,DEN,127,0,TOR,125,1,2024-10-28,2025,True,265.0,47.0,96.0,0.49,9.0,20.0,0.45,24.0,30.0,0.8,15.0,37.0,52.0,29.0,6.0,6.0,16.0,20.0,0.582,0.536,0.208,0.313,29.4,67.3,49.1,61.7,5.5,8.1,12.8,100.0,115.5,113.7,18.0,27.0,1.0,3.0,5.0,1.0,6.0,8.0,1.0,5.0,8.0,11.0,8.0,2.0,2.0,5.0,4.0,40.0,11.0,1.16,1.333,0.667,1.0,12.3,21.1,13.1,24.7,2.7,4.6,40.0,46.3,149.0,119.0,49.0,109.0,0.45,10.0,35.0,0.286,17.0,21.0,0.81,18.0,36.0,54.0,30.0,7.0,7.0,15.0,27.0,0.529,0.495,0.321,0.193,32.7,70.6,50.9,61.2,6.4,9.2,11.3,100.0,113.7,115.5,9.0,21.0,0.538,3.0,7.0,0.5,4.0,4.0,1.0,8.0,11.0,19.0,9.0,5.0,1.0,4.0,5.0,21.0,3.0,0.798,0.65,0.667,2.0,19.2,29.4,23.6,39.3,6.8,5.7,25.4,31.9,139.0,124.0,82.7,73.8
86,SAS,101,1,HOU,106,0,2024-10-28,2025,False,240.0,37.0,87.0,0.425,10.0,33.0,0.303,17.0,21.0,0.81,17.0,32.0,49.0,22.0,6.0,6.0,17.0,21.0,0.525,0.483,0.379,0.241,36.2,71.1,53.3,59.5,6.5,12.5,15.0,100.0,109.7,115.1,9.0,19.0,0.75,3.0,6.0,0.75,4.0,5.0,1.0,5.0,15.0,20.0,5.0,2.0,4.0,4.0,4.0,22.0,8.0,0.955,0.875,0.857,1.0,16.7,45.4,29.6,42.5,8.2,11.4,37.5,30.1,206.0,127.0,35.0,85.0,0.412,15.0,37.0,0.405,21.0,24.0,0.875,13.0,30.0,43.0,20.0,6.0,2.0,12.0,23.0,0.555,0.5,0.435,0.282,28.9,63.8,46.7,57.1,6.5,3.7,11.2,100.0,115.1,109.7,11.0,22.0,1.0,7.0,13.0,1.0,7.0,7.0,1.0,5.0,7.0,12.0,9.0,2.0,1.0,4.0,5.0,36.0,11.0,0.872,1.0,0.8,0.75,20.4,27.4,24.0,42.2,4.8,4.7,33.8,34.6,243.0,119.0,73.8,82.7
87,SAC,111,1,POR,98,0,2024-10-28,2025,True,240.0,37.0,81.0,0.457,14.0,35.0,0.4,23.0,25.0,0.92,9.0,31.0,40.0,25.0,8.0,6.0,16.0,27.0,0.603,0.543,0.432,0.309,20.9,72.1,46.5,67.6,8.2,9.8,14.8,100.0,113.4,100.1,9.0,20.0,0.667,4.0,9.0,1.0,9.0,10.0,1.0,4.0,11.0,13.0,7.0,3.0,3.0,3.0,5.0,24.0,18.0,1.0,1.0,0.833,0.75,13.4,34.2,20.2,73.1,6.9,7.2,66.7,47.3,165.0,110.0,35.0,83.0,0.422,4.0,22.0,0.182,24.0,30.0,0.8,12.0,34.0,46.0,17.0,5.0,4.0,18.0,22.0,0.509,0.446,0.265,0.361,27.9,79.1,53.5,48.6,5.1,8.7,15.8,100.0,100.1,113.4,10.0,17.0,1.0,1.0,7.0,0.5,7.0,8.0,1.0,3.0,8.0,11.0,5.0,2.0,1.0,4.0,5.0,20.0,6.0,0.694,1.0,0.583,3.0,17.2,57.7,28.9,70.9,4.4,54.0,30.1,86.3,211.0,121.0,50.199999999999996,91.19999999999999
88,POR,98,0,SAC,111,1,2024-10-28,2025,False,240.0,35.0,83.0,0.422,4.0,22.0,0.182,24.0,30.0,0.8,12.0,34.0,46.0,17.0,5.0,4.0,18.0,22.0,0.509,0.446,0.265,0.361,27.9,79.1,53.5,48.6,5.1,8.7,15.8,100.0,100.1,113.4,10.0,17.0,1.0,1.0,7.0,0.5,7.0,8.0,1.0,3.0,8.0,11.0,5.0,2.0,1.0,4.0,5.0,20.0,6.0,0.694,1.0,0.583,3.0,17.2,57.7,28.9,70.9,4.4,54.0,30.1,86.3,211.0,121.0,37.0,81.0,0.457,14.0,35.0,0.4,23.0,25.0,0.92,9.0,31.0,40.0,25.0,8.0,6.0,16.0,27.0,0.603,0.543,0.432,0.309,20.9,72.1,46.5,67.6,8.2,9.8,14.8,100.0,113.4,100.1,9.0,20.0,0.667,4.0,9.0,1.0,9.0,10.0,1.0,4.0,11.0,13.0,7.0,3.0,3.0,3.0,5.0,24.0,18.0,1.0,1.0,0.833,0.75,13.4,34.2,20.2,73.1,6.9,7.2,66.7,47.3,165.0,110.0,84.3,72.5
89,PHO,109,1,LAL,105,0,2024-10-28,2025,True,240.0,40.0,87.0,0.46,11.0,36.0,0.306,18.0,20.0,0.9,9.0,37.0,46.0,21.0,7.0,11.0,11.0,22.0,0.569,0.523,0.414,0.23,20.5,77.1,50.0,52.5,7.2,17.7,10.3,100.0,111.6,107.5,11.0,23.0,0.6,3.0,8.0,0.5,8.0,8.0,1.0,2.0,8.0,10.0,5.0,3.0,4.0,3.0,4.0,33.0,25.0,0.75,0.75,1.0,0.35,8.9,30.5,19.9,24.1,4.8,10.2,31.8,32.5,227.0,118.0,39.0,94.0,0.415,14.0,32.0,0.438,13.0,18.0,0.722,11.0,35.0,46.0,25.0,5.0,6.0,12.0,19.0,0.515,0.489,0.34,0.191,22.9,79.5,50.0,64.1,5.1,11.8,10.5,100.0,107.5,111.6,12.0,24.0,0.533,5.0,9.0,1.0,5.0,6.0,1.0,5.0,10.0,15.0,9.0,2.0,3.0,3.0,5.0,29.0,20.0,0.705,0.7,0.692,0.429,15.9,34.9,22.0,40.8,2.6,8.1,100.0,35.2,139.0,120.0,72.5,84.3
90,LAL,105,0,PHO,109,1,2024-10-28,2025,False,240.0,39.0,94.0,0.415,14.0,32.0,0.438,13.0,18.0,0.722,11.0,35.0,46.0,25.0,5.0,6.0,12.0,19.0,0.515,0.489,0.34,0.191,22.9,79.5,50.0,64.1,5.1,11.8,10.5,100.0,107.5,111.6,12.0,24.0,0.533,5.0,9.0,1.0,5.0,6.0,1.0,5.0,10.0,15.0,9.0,2.0,3.0,3.0,5.0,29.0,20.0,0.705,0.7,0.692,0.429,15.9,34.9,22.0,40.8,2.6,8.1,100.0,35.2,139.0,120.0,40.0,87.0,0.46,11.0,36.0,0.306,18.0,20.0,0.9,9.0,37.0,46.0,21.0,7.0,11.0,11.0,22.0,0.569,0.523,0.414,0.23,20.5,77.1,50.0,52.5,7.2,17.7,10.3,100.0,111.6,107.5,11.0,23.0,0.6,3.0,8.0,0.5,8.0,8.0,1.0,2.0,8.0,10.0,5.0,3.0,4.0,3.0,4.0,33.0,25.0,0.75,0.75,1.0,0.35,8.9,30.5,19.9,24.1,4.8,10.2,31.8,32.5,227.0,118.0,95.4,94.80000000000001
91,NYK,104,1,CLE,110,0,2024-10-28,2025,False,240.0,40.0,90.0,0.444,9.0,28.0,0.321,15.0,18.0,0.833,13.0,30.0,43.0,22.0,8.0,3.0,16.0,21.0,0.531,0.494,0.311,0.2,28.9,76.9,51.2,55.0,8.3,6.5,14.0,100.0,107.9,114.2,9.0,24.0,0.6,2.0,6.0,0.667,6.0,7.0,1.0,4.0,9.0,13.0,7.0,3.0,1.0,5.0,6.0,21.0,3.0,0.666,0.633,0.5,0.6,28.1,34.3,19.6,30.0,3.9,8.8,50.0,32.4,221.0,123.0,39.0,82.0,0.476,12.0,36.0,0.333,20.0,24.0,0.833,9.0,32.0,41.0,21.0,10.0,5.0,14.0,20.0,0.594,0.549,0.439,0.293,23.1,71.1,48.8,53.8,10.4,8.1,13.1,100.0,114.2,107.9,12.0,19.0,0.714,5.0,8.0,1.0,5.0,7.0,1.0,5.0,10.0,15.0,5.0,2.0,3.0,4.0,4.0,34.0,19.0,0.802,0.763,1.0,1.0,19.6,34.0,27.3,27.8,14.9,6.5,25.8,40.4,141.0,116.0,66.2,86.8
92,HOU,106,0,SAS,101,1,2024-10-28,2025,True,240.0,35.0,85.0,0.412,15.0,37.0,0.405,21.0,24.0,0.875,13.0,30.0,43.0,20.0,6.0,2.0,12.0,23.0,0.555,0.5,0.435,0.282,28.9,63.8,46.7,57.1,6.5,3.7,11.2,100.0,115.1,109.7,11.0,22.0,1.0,7.0,13.0,1.0,7.0,7.0,1.0,5.0,7.0,12.0,9.0,2.0,1.0,4.0,5.0,36.0,11.0,0.872,1.0,0.8,0.75,20.4,27.4,24.0,42.2,4.8,4.7,33.8,34.6,243.0,119.0,37.0,87.0,0.425,10.0,33.0,0.303,17.0,21.0,0.81,17.0,32.0,49.0,22.0,6.0,6.0,17.0,21.0,0.525,0.483,0.379,0.241,36.2,71.1,53.3,59.5,6.5,12.5,15.0,100.0,109.7,115.1,9.0,19.0,0.75,3.0,6.0,0.75,4.0,5.0,1.0,5.0,15.0,20.0,5.0,2.0,4.0,4.0,4.0,22.0,8.0,0.955,0.875,0.857,1.0,16.7,45.4,29.6,42.5,8.2,11.4,37.5,30.1,206.0,127.0,91.19999999999999,50.199999999999996
93,MIA,106,1,DET,98,0,2024-10-28,2025,True,240.0,38.0,88.0,0.432,15.0,47.0,0.319,15.0,20.0,0.75,10.0,34.0,44.0,24.0,14.0,3.0,12.0,14.0,0.548,0.517,0.534,0.227,22.2,64.2,44.9,63.2,14.8,5.7,11.0,100.0,111.9,103.5,7.0,20.0,0.636,5.0,12.0,0.667,9.0,11.0,1.0,3.0,9.0,10.0,7.0,4.0,3.0,2.0,3.0,23.0,17.0,0.726,0.636,1.0,1.0,15.8,23.4,14.5,35.5,6.0,7.8,28.6,30.4,168.0,116.0,35.0,91.0,0.385,14.0,38.0,0.368,14.0,17.0,0.824,19.0,35.0,54.0,14.0,6.0,6.0,17.0,19.0,0.498,0.462,0.418,0.187,35.8,77.8,55.1,40.0,6.3,14.6,14.7,100.0,103.5,111.9,9.0,18.0,0.833,5.0,9.0,0.571,7.0,7.0,1.0,7.0,8.0,15.0,6.0,2.0,3.0,5.0,4.0,24.0,7.0,0.833,0.833,0.6,0.7,33.0,44.4,38.2,36.5,3.1,12.2,43.6,29.0,186.0,121.0,77.1,93.9
94,MEM,123,1,CHI,126,0,2024-10-28,2025,False,240.0,51.0,111.0,0.459,14.0,43.0,0.326,7.0,13.0,0.538,18.0,42.0,60.0,37.0,5.0,9.0,10.0,21.0,0.527,0.523,0.387,0.117,31.6,79.2,54.5,72.5,4.8,19.1,7.9,100.0,117.4,120.3,11.0,19.0,0.636,6.0,10.0,0.667,2.0,5.0,1.0,4.0,9.0,13.0,10.0,2.0,3.0,2.0,4.0,30.0,15.0,0.85,0.8,0.727,0.455,12.5,26.8,16.2,37.6,3.7,12.5,20.0,29.2,148.0,126.0,45.0,100.0,0.45,25.0,53.0,0.472,11.0,17.0,0.647,11.0,39.0,50.0,36.0,5.0,6.0,9.0,15.0,0.586,0.575,0.53,0.17,20.8,68.4,45.5,80.0,4.8,8.8,7.7,100.0,120.3,117.4,12.0,22.0,0.8,5.0,12.0,1.0,5.0,9.0,1.0,4.0,9.0,13.0,8.0,1.0,2.0,2.0,4.0,30.0,16.0,0.893,1.1,1.0,1.8,13.0,51.2,26.5,40.4,4.0,5.7,100.0,32.1,182.0,125.0,93.9,77.1
95,CHI,126,0,MEM,123,1,2024-10-28,2025,True,240.0,45.0,100.0,0.45,25.0,53.0,0.472,11.0,17.0,0.647,11.0,39.0,50.0,36.0,5.0,6.0,9.0,15.0,0.586,0.575,0.53,0.17,20.8,68.4,45.5,80.0,4.8,8.8,7.7,100.0,120.3,117.4,12.0,22.0,0.8,5.0,12.0,1.0,5.0,9.0,1.0,4.0,9.0,13.0,8.0,1.0,2.0,2.0,4.0,30.0,16.0,0.893,1.1,1.0,1.8,13.0,51.2,26.5,40.4,4.0,5.7,100.0,32.1,182.0,125.0,51.0,111.0,0.459,14.0,43.0,0.326,7.0,13.0,0.538,18.0,42.0,60.0,37.0,5.0,9.0,10.0,21.0,0.527,0.523,0.387,0.117,31.6,79.2,54.5,72.5,4.8,19.1,7.9,100.0,117.4,120.3,11.0,19.0,0.636,6.0,10.0,0.667,2.0,5.0,1.0,4.0,9.0,13.0,10.0,2.0,3.0,2.0,4.0,30.0,15.0,0.85,0.8,0.727,0.455,12.5,26.8,16.2,37.6,3.7,12.5,20.0,29.2,148.0,126.0,76.3,70.1
96,DAL,110,1,UTA,102,0,2024-10-28,2025,True,240.0,43.0,95.0,0.453,11.0,39.0,0.282,13.0,17.0,0.765,13.0,37.0,50.0,27.0,9.0,12.0,14.0,23.0,0.537,0.511,0.411,0.179,27.1,71.2,50.0,62.8,8.9,21.1,12.0,100.0,109.2,101.3,8.0,22.0,0.7,4.0,11.0,0.75,4.0,6.0,1.0,4.0,10.0,11.0,9.0,4.0,3.0,4.0,5.0,23.0,14.0,0.814,0.9,1.0,0.8,19.6,31.6,19.7,37.6,5.7,12.4,50.0,37.5,153.0,115.0,34.0,92.0,0.37,10.0,35.0,0.286,24.0,29.0,0.828,15.0,35.0,50.0,24.0,7.0,5.0,15.0,17.0,0.487,0.424,0.38,0.315,28.8,72.9,50.0,70.6,7.0,8.9,12.5,100.0,101.3,109.2,9.0,18.0,0.818,3.0,7.0,0.667,6.0,8.0,1.0,4.0,7.0,11.0,5.0,2.0,2.0,3.0,5.0,23.0,4.0,0.901,0.909,1.0,0.727,12.3,23.4,17.6,52.3,4.7,5.7,17.1,34.1,229.0,114.0,70.1,76.3
97,UTA,102,0,DAL,110,1,2024-10-28,2025,False,240.0,34.0,92.0,0.37,10.0,35.0,0.286,24.0,29.0,0.828,15.0,35.0,50.0,24.0,7.0,5.0,15.0,17.0,0.487,0.424,0.38,0.315,28.8,72.9,50.0,70.6,7.0,8.9,12.5,100.0,101.3,109.2,9.0,18.0,0.818,3.0,7.0,0.667,6.0,8.0,1.0,4.0,7.0,11.0,5.0,2.0,2.0,3.0,5.0,23.0,4.0,0.901,0.909,1.0,0.727,12.3,23.4,17.6,52.3,4.7,5.7,17.1,34.1,229.0,114.0,43.0,95.0,0.453,11.0,39.0,0.282,13.0,17.0,0.765,13.0,37.0,50.0,27.0,9.0,12.0,14.0,23.0,0.537,0.511,0.411,0.179,27.1,71.2,50.0,62.8,8.9,21.1,12.0,100.0,109.2,101.3,8.0,22.0,0.7,4.0,11.0,0.75,4.0,6.0,1.0,4.0,10.0,11.0,9.0,4.0,3.0,4.0,5.0,23.0,14.0,0.814,0.9,1.0,0.8,19.6,31.6,19.7,37.6,5.7,12.4,50.0,37.5,153.0,115.0,97.4,96.1
98,CLE,110,0,NYK,104,1,2024-10-28,2025,True,240.0,39.0,82.0,0.476,12.0,36.0,0.333,20.0,24.0,0.833,9.0,32.0,41.0,21.0,10.0,5.0,14.0,20.0,0.594,0.549,0.439,0.293,23.1,71.1,48.8,53.8,10.4,8.1,13.1,100.0,114.2,107.9,12.0,19.0,0.714,5.0,8.0,1.0,5.0,7.0,1.0,5.0,10.0,15.0,5.0,2.0,3.0,4.0,4.0,34.0,19.0,0.802,0.763,1.0,1.0,19.6,34.0,27.3,27.8,14.9,6.5,25.8,40.4,141.0,116.0,40.0,90.0,0.444,9.0,28.0,0.321,15.0,18.0,0.833,13.0,30.0,43.0,22.0,8.0,3.0,16.0,21.0,0.531,0.494,0.311,0.2,28.9,76.9,51.2,55.0,8.3,6.5,14.0,100.0,107.9,114.2,9.0,24.0,0.6,2.0,6.0,0.667,6.0,7.0,1.0,4.0,9.0,13.0,7.0,3.0,1.0,5.0,6.0,21.0,3.0,0.666,0.633,0.5,0.6,28.1,34.3,19.6,30.0,3.9,8.8,50.0,32.4,221.0,123.0,96.1,97.4
99,BOS,119,1,MIL,108,0,2024-10-28,2025,True,240.0,43.0,87.0,0.494,18.0,47.0,0.383,15.0,19.0,0.789,4.0,34.0,38.0,24.0,5.0,5.0,14.0,18.0,0.624,0.598,0.54,0.218,10.3,81.0,46.9,55.8,4.9,9.8,12.8,100.0,115.5,104.9,10.0,19.0,0.8,8.0,12.0,1.0,10.0,14.0,1.0,2.0,8.0,8.0,8.0,2.0,2.0,4.0,5.0,30.0,18.0,1.0,1.0,1.0,0.737,9.7,25.1,14.0,31.9,3.4,9.6,100.0,33.7,242.0,112.0,37.0,82.0,0.451,8.0,31.0,0.258,26.0,31.0,0.839,8.0,35.0,43.0,18.0,7.0,6.0,17.0,24.0,0.565,0.5,0.378,0.378,19.0,89.7,53.1,48.6,6.8,15.0,15.1,100.0,104.9,115.5,14.0,26.0,1.0,2.0,8.0,1.0,17.0,18.0,1.0,4.0,9.0,10.0,7.0,2.0,4.0,7.0,5.0,33.0,4.0,1.33,1.5,1.0,2.0,14.2,45.0,21.7,43.8,2.9,14.9,100.0,38.9,271.0,123.0,86.8,66.2
100,MIL,108,0,BOS,119,1,2024-10-28,2025,False,240.0,37.0,82.0,0.451,8.0,31.0,0.258,26.0,31.0,0.839,8.0,35.0,43.0,18.0,7.0,6.0,17.0,24.0,0.565,0.5,0.378,0.378,19.0,89.7,53.1,48.6,6.8,15.0,15.1,100.0,104.9,115.5,14.0,26.0,1.0,2.0,8.0,1.0,17.0,18.0,1.0,4.0,9.0,10.0,7.0,2.0,4.0,7.0,5.0,33.0,4.0,1.33,1.5,1.0,2.0,14.2,45.0,21.7,43.8,2.9,14.9,100.0,38.9,271.0,123.0,43.0,87.0,0.494,18.0,47.0,0.383,15.0,19.0,0.789,4.0,34.0,38.0,24.0,5.0,5.0,14.0,18.0,0.624,0.598,0.54,0.218,10.3,81.0,46.9,55.8,4.9,9.8,12.8,100.0,115.5,104.9,10.0,19.0,0.8,8.0,12.0,1.0,10.0,14.0,1.0,2.0,8.0,8.0,8.0,2.0,2.0,4.0,5.0,30.0,18.0,1.0,1.0,1.0,0.737,9.7,25.1,14.0,31.9,3.4,9.6,100.0,33.7,242.0,112.0,107.5,78.4
101,ATL,119,1,WAS,121,0,2024-10-28,2025,False,240.0,39.0,81.0,0.481,15.0,40.0,0.375,26.0,36.0,0.722,6.0,33.0,39.0,32.0,12.0,7.0,16.0,22.0,0.614,0.574,0.494,0.444,15.0,78.6,47.6,82.1,11.4,14.9,14.2,100.0,112.8,114.7,11.0,17.0,1.0,4.0,10.0,0.6,8.0,9.0,1.0,3.0,10.0,12.0,13.0,3.0,2.0,6.0,5.0,29.0,14.0,0.926,1.0,0.9,1.333,15.6,35.4,18.1,48.1,4.6,8.0,24.0,29.7,187.0,126.0,41.0,91.0,0.451,21.0,44.0,0.477,18.0,22.0,0.818,9.0,34.0,43.0,24.0,7.0,3.0,18.0,25.0,0.601,0.566,0.484,0.242,21.4,85.0,52.4,58.5,6.6,7.3,15.2,100.0,114.7,112.8,9.0,20.0,1.0,6.0,9.0,0.75,6.0,7.0,1.0,4.0,9.0,11.0,7.0,2.0,2.0,5.0,5.0,26.0,13.0,1.105,1.1,1.0,0.583,16.9,68.2,33.3,26.4,2.8,8.7,35.0,27.7,200.0,116.0,78.4,107.5
102,WAS,121,0,ATL,119,1,2024-10-28,2025,True,240.0,41.0,91.0,0.451,21.0,44.0,0.477,18.0,22.0,0.818,9.0,34.0,43.0,24.0,7.0,3.0,18.0,25.0,0.601,0.566,0.484,0.242,21.4,85.0,52.4,58.5,6.6,7.3,15.2,100.0,114.7,112.8,9.0,20.0,1.0,6.0,9.0,0.75,6.0,7.0,1.0,4.0,9.0,11.0,7.0,2.0,2.0,5.0,5.0,26.0,13.0,1.105,1.1,1.0,0.583,16.9,68.2,33.3,26.4,2.8,8.7,35.0,27.7,200.0,116.0,39.0,81.0,0.481,15.0,40.0,0.375,26.0,36.0,0.722,6.0,33.0,39.0,32.0,12.0,7.0,16.0,22.0,0.614,0.574,0.494,0.444,15.0,78.6,47.6,82.1,11.4,14.9,14.2,100.0,112.8,114.7,11.0,17.0,1.0,4.0,10.0,0.6,8.0,9.0,1.0,3.0,10.0,12.0,13.0,3.0,2.0,6.0,5.0,29.0,14.0,0.926,1.0,0.9,1.333,15.6,35.4,18.1,48.1,4.6,8.0,24.0,29.7,187.0,126.0,49.0,95.0
103,DET,98,0,MIA,106,1,2024-10-28,2025,False,240.0,35.0,91.0,0.385,14.0,38.0,0.368,14.0,17.0,0.824,19.0,35.0,54.0,14.0,6.0,6.0,17.0,19.0,0.498,0.462,0.418,0.187,35.8,77.8,55.1,40.0,6.3,14.6,14.7,100.0,103.5,111.9,9.0,18.0,0.833,5.0,9.0,0.571,7.0,7.0,1.0,7.0,8.0,15.0,6.0,2.0,3.0,5.0,4.0,24.0,7.0,0.833,0.833,0.6,0.7,33.0,44.4,38.2,36.5,3.1,12.2,43.6,29.0,186.0,121.0,38.0,88.0,0.432,15.0,47.0,0.319,15.0,20.0,0.75,10.0,34.0,44.0,24.0,14.0,3.0,12.0,14.0,0.548,0.517,0.534,0.227,22.2,64.2,44.9,63.2,14.8,5.7,11.0,100.0,111.9,103.5,7.0,20.0,0.636,5.0,12.0,0.667,9.0,11.0,1.0,3.0,9.0,10.0,7.0,4.0,3.0,2.0,3.0,23.0,17.0,0.726,0.636,1.0,1.0,15.8,23.4,14.5,35.5,6.0,7.8,28.6,30.4,168.0,116.0,95.0,49.0
104,UTA,96,1,SAC,113,0,2024-10-29,2025,False,240.0,35.0,89.0,0.393,14.0,48.0,0.292,12.0,14.0,0.857,12.0,30.0,42.0,24.0,7.0,4.0,17.0,16.0,0.504,0.472,0.539,0.157,23.1,76.9,46.2,68.6,7.1,6.6,15.2,100.0,97.5,114.7,8.0,16.0,0.667,3.0,10.0,0.6,4.0,4.0,1.0,4.0,6.0,8.0,11.0,2.0,2.0,4.0,4.0,21.0,13.0,0.7,0.7,1.0,0.571,16.1,29.6,16.9,57.3,6.7,6.1,28.6,35.9,123.0,120.0,48.0,92.0,0.522,8.0,31.0,0.258,9.0,14.0,0.643,9.0,40.0,49.0,26.0,9.0,9.0,12.0,19.0,0.576,0.565,0.337,0.152,23.1,76.9,53.8,54.2,9.1,22.0,10.9,100.0,114.7,97.5,13.0,18.0,1.0,2.0,8.0,0.5,2.0,3.0,1.0,3.0,8.0,11.0,8.0,2.0,3.0,3.0,4.0,28.0,23.0,1.0,1.0,1.0,1.0,10.9,70.1,40.1,31.9,5.6,32.5,100.0,52.3,217.0,110.0,86.80000000000001,91.19999999999999
105,SAC,113,0,UTA,96,1,2024-10-29,2025,True,240.0,48.0,92.0,0.522,8.0,31.0,0.258,9.0,14.0,0.643,9.0,40.0,49.0,26.0,9.0,9.0,12.0,19.0,0.576,0.565,0.337,0.152,23.1,76.9,53.8,54.2,9.1,22.0,10.9,100.0,114.7,97.5,13.0,18.0,1.0,2.0,8.0,0.5,2.0,3.0,1.0,3.0,8.0,11.0,8.0,2.0,3.0,3.0,4.0,28.0,23.0,1.0,1.0,1.0,1.0,10.9,70.1,40.1,31.9,5.6,32.5,100.0,52.3,217.0,110.0,35.0,89.0,0.393,14.0,48.0,0.292,12.0,14.0,0.857,12.0,30.0,42.0,24.0,7.0,4.0,17.0,16.0,0.504,0.472,0.539,0.157,23.1,76.9,46.2,68.6,7.1,6.6,15.2,100.0,97.5,114.7,8.0,16.0,0.667,3.0,10.0,0.6,4.0,4.0,1.0,4.0,6.0,8.0,11.0,2.0,2.0,4.0,4.0,21.0,13.0,0.7,0.7,1.0,0.571,16.1,29.6,16.9,57.3,6.7,6.1,28.6,35.9,123.0,120.0,91.19999999999999,86.80000000000001
106,MIN,114,1,DAL,120,0,2024-10-29,2025,False,240.0,39.0,77.0,0.506,19.0,39.0,0.487,17.0,26.0,0.654,11.0,31.0,42.0,33.0,5.0,2.0,20.0,20.0,0.645,0.63,0.506,0.338,28.2,72.1,51.2,84.6,5.2,3.7,18.4,100.0,118.9,125.1,12.0,20.0,0.625,7.0,13.0,1.0,6.0,12.0,1.0,4.0,9.0,9.0,7.0,2.0,1.0,5.0,4.0,37.0,5.0,0.788,0.786,1.0,1.0,15.8,39.1,20.5,38.6,3.8,3.5,36.0,35.9,143.0,133.0,45.0,93.0,0.484,16.0,39.0,0.41,14.0,18.0,0.778,12.0,28.0,40.0,25.0,12.0,2.0,10.0,21.0,0.595,0.57,0.419,0.194,27.9,71.8,48.8,55.6,12.5,5.3,9.0,100.0,125.1,118.9,13.0,27.0,1.0,6.0,8.0,0.75,4.0,5.0,1.0,4.0,7.0,9.0,8.0,3.0,1.0,3.0,5.0,35.0,8.0,1.017,1.0,1.0,1.333,16.6,27.9,19.5,31.8,6.2,6.1,50.0,34.2,212.0,125.0,84.9,70.5
107,DAL,120,0,MIN,114,1,2024-10-29,2025,True,240.0,45.0,93.0,0.484,16.0,39.0,0.41,14.0,18.0,0.778,12.0,28.0,40.0,25.0,12.0,2.0,10.0,21.0,0.595,0.57,0.419,0.194,27.9,71.8,48.8,55.6,12.5,5.3,9.0,100.0,125.1,118.9,13.0,27.0,1.0,6.0,8.0,0.75,4.0,5.0,1.0,4.0,7.0,9.0,8.0,3.0,1.0,3.0,5.0,35.0,8.0,1.017,1.0,1.0,1.333,16.6,27.9,19.5,31.8,6.2,6.1,50.0,34.2,212.0,125.0,39.0,77.0,0.506,19.0,39.0,0.487,17.0,26.0,0.654,11.0,31.0,42.0,33.0,5.0,2.0,20.0,20.0,0.645,0.63,0.506,0.338,28.2,72.1,51.2,84.6,5.2,3.7,18.4,100.0,118.9,125.1,12.0,20.0,0.625,7.0,13.0,1.0,6.0,12.0,1.0,4.0,9.0,9.0,7.0,2.0,1.0,5.0,4.0,37.0,5.0,0.788,0.786,1.0,1.0,15.8,39.1,20.5,38.6,3.8,3.5,36.0,35.9,143.0,133.0,70.5,84.9
108,GSW,124,1,NOP,106,0,2024-10-29,2025,True,240.0,46.0,97.0,0.474,21.0,46.0,0.457,11.0,13.0,0.846,11.0,23.0,34.0,34.0,15.0,9.0,8.0,20.0,0.604,0.582,0.474,0.134,23.9,71.9,43.6,73.9,15.4,17.3,7.2,100.0,127.5,109.0,9.0,18.0,1.0,7.0,11.0,0.833,4.0,4.0,1.0,5.0,5.0,9.0,7.0,5.0,2.0,2.0,4.0,28.0,26.0,1.063,1.063,0.75,2.0,26.2,30.1,27.8,38.4,18.2,11.5,100.0,47.9,246.0,121.0,40.0,74.0,0.541,9.0,22.0,0.409,17.0,24.0,0.708,9.0,35.0,44.0,23.0,4.0,6.0,24.0,13.0,0.627,0.601,0.297,0.324,28.1,76.1,56.4,57.5,4.1,11.8,22.1,100.0,109.0,127.5,12.0,19.0,1.0,3.0,6.0,1.0,6.0,8.0,1.0,2.0,6.0,8.0,5.0,1.0,2.0,7.0,3.0,31.0,7.0,1.5,1.5,1.0,0.833,15.5,29.4,20.2,44.2,2.5,8.6,33.3,42.9,300.0,136.0,34.2,96.1
109,NOP,106,0,GSW,124,1,2024-10-29,2025,False,240.0,40.0,74.0,0.541,9.0,22.0,0.409,17.0,24.0,0.708,9.0,35.0,44.0,23.0,4.0,6.0,24.0,13.0,0.627,0.601,0.297,0.324,28.1,76.1,56.4,57.5,4.1,11.8,22.1,100.0,109.0,127.5,12.0,19.0,1.0,3.0,6.0,1.0,6.0,8.0,1.0,2.0,6.0,8.0,5.0,1.0,2.0,7.0,3.0,31.0,7.0,1.5,1.5,1.0,0.833,15.5,29.4,20.2,44.2,2.5,8.6,33.3,42.9,300.0,136.0,46.0,97.0,0.474,21.0,46.0,0.457,11.0,13.0,0.846,11.0,23.0,34.0,34.0,15.0,9.0,8.0,20.0,0.604,0.582,0.474,0.134,23.9,71.9,43.6,73.9,15.4,17.3,7.2,100.0,127.5,109.0,9.0,18.0,1.0,7.0,11.0,0.833,4.0,4.0,1.0,5.0,5.0,9.0,7.0,5.0,2.0,2.0,4.0,28.0,26.0,1.063,1.063,0.75,2.0,26.2,30.1,27.8,38.4,18.2,11.5,100.0,47.9,246.0,121.0,96.1,34.2
110,BRK,139,1,DEN,144,0,2024-10-29,2025,False,265.0,49.0,96.0,0.51,20.0,52.0,0.385,21.0,27.0,0.778,7.0,34.0,41.0,37.0,4.0,6.0,9.0,32.0,0.644,0.615,0.542,0.281,17.1,79.1,48.8,75.5,3.8,9.7,7.7,100.0,132.1,136.9,10.0,22.0,0.889,6.0,11.0,0.8,9.0,11.0,1.0,2.0,10.0,12.0,14.0,1.0,3.0,3.0,6.0,28.0,8.0,1.125,1.125,1.0,1.0,12.3,47.2,29.0,49.1,3.0,9.8,20.0,32.9,184.0,144.0,46.0,89.0,0.517,13.0,27.0,0.481,39.0,47.0,0.83,9.0,34.0,43.0,31.0,3.0,4.0,5.0,22.0,0.656,0.59,0.303,0.528,20.9,82.9,51.2,67.4,2.9,9.1,4.4,100.0,136.9,132.1,9.0,19.0,0.727,4.0,7.0,1.0,11.0,13.0,1.0,6.0,12.0,18.0,16.0,1.0,2.0,1.0,5.0,29.0,9.0,0.852,0.773,0.636,1.0,18.3,38.3,28.0,61.1,2.4,6.2,14.3,39.1,164.0,136.0,80.4,97.4
111,DEN,144,0,BRK,139,1,2024-10-29,2025,True,265.0,46.0,89.0,0.517,13.0,27.0,0.481,39.0,47.0,0.83,9.0,34.0,43.0,31.0,3.0,4.0,5.0,22.0,0.656,0.59,0.303,0.528,20.9,82.9,51.2,67.4,2.9,9.1,4.4,100.0,136.9,132.1,9.0,19.0,0.727,4.0,7.0,1.0,11.0,13.0,1.0,6.0,12.0,18.0,16.0,1.0,2.0,1.0,5.0,29.0,9.0,0.852,0.773,0.636,1.0,18.3,38.3,28.0,61.1,2.4,6.2,14.3,39.1,164.0,136.0,49.0,96.0,0.51,20.0,52.0,0.385,21.0,27.0,0.778,7.0,34.0,41.0,37.0,4.0,6.0,9.0,32.0,0.644,0.615,0.542,0.281,17.1,79.1,48.8,75.5,3.8,9.7,7.7,100.0,132.1,136.9,10.0,22.0,0.889,6.0,11.0,0.8,9.0,11.0,1.0,2.0,10.0,12.0,14.0,1.0,3.0,3.0,6.0,28.0,8.0,1.125,1.125,1.0,1.0,12.3,47.2,29.0,49.1,3.0,9.8,20.0,32.9,184.0,144.0,97.4,80.4
112,LAC,105,1,POR,106,0,2024-10-30,2025,False,240.0,41.0,90.0,0.456,13.0,36.0,0.361,10.0,18.0,0.556,13.0,36.0,49.0,26.0,10.0,5.0,14.0,19.0,0.536,0.528,0.4,0.2,27.1,75.0,51.0,63.4,10.4,8.5,12.5,100.0,108.7,109.8,11.0,22.0,1.0,5.0,11.0,0.5,3.0,6.0,1.0,4.0,8.0,12.0,10.0,3.0,2.0,5.0,4.0,30.0,8.0,1.0,1.0,0.75,2.5,18.0,33.2,19.9,47.4,7.6,9.8,31.3,45.6,183.0,121.0,41.0,92.0,0.446,14.0,33.0,0.424,10.0,12.0,0.833,12.0,35.0,47.0,19.0,9.0,6.0,13.0,18.0,0.545,0.522,0.359,0.13,25.0,72.9,49.0,46.3,9.3,11.1,11.8,100.0,109.8,108.7,10.0,24.0,0.75,3.0,9.0,1.0,6.0,6.0,1.0,3.0,10.0,12.0,6.0,3.0,2.0,3.0,4.0,25.0,14.0,0.788,0.875,0.5,0.75,27.0,34.4,27.0,38.5,5.3,8.0,24.4,31.0,151.0,119.0,61.599999999999994,56.7
113,WAS,133,1,ATL,120,0,2024-10-30,2025,True,240.0,47.0,88.0,0.534,16.0,38.0,0.421,23.0,25.0,0.92,6.0,31.0,37.0,32.0,10.0,5.0,16.0,21.0,0.672,0.625,0.432,0.284,17.1,72.1,47.4,68.1,9.4,8.9,13.9,100.0,125.5,113.2,11.0,17.0,0.8,4.0,11.0,1.0,8.0,8.0,1.0,4.0,7.0,9.0,9.0,3.0,4.0,5.0,4.0,27.0,23.0,0.907,0.893,0.786,0.625,15.9,31.4,19.8,36.7,4.3,14.8,33.3,33.0,156.0,123.0,45.0,95.0,0.474,12.0,39.0,0.308,18.0,21.0,0.857,12.0,29.0,41.0,28.0,10.0,2.0,17.0,19.0,0.576,0.537,0.411,0.221,27.9,82.9,52.6,62.2,9.4,4.0,14.0,100.0,113.2,125.5,12.0,28.0,1.0,4.0,13.0,1.0,7.0,7.0,1.0,6.0,11.0,17.0,15.0,3.0,2.0,4.0,5.0,35.0,2.0,1.333,1.333,0.8,0.6,16.6,37.4,25.9,58.0,3.9,5.5,24.0,33.4,257.0,133.0,56.7,61.599999999999994
114,ATL,120,0,WAS,133,1,2024-10-30,2025,False,240.0,45.0,95.0,0.474,12.0,39.0,0.308,18.0,21.0,0.857,12.0,29.0,41.0,28.0,10.0,2.0,17.0,19.0,0.576,0.537,0.411,0.221,27.9,82.9,52.6,62.2,9.4,4.0,14.0,100.0,113.2,125.5,12.0,28.0,1.0,4.0,13.0,1.0,7.0,7.0,1.0,6.0,11.0,17.0,15.0,3.0,2.0,4.0,5.0,35.0,2.0,1.333,1.333,0.8,0.6,16.6,37.4,25.9,58.0,3.9,5.5,24.0,33.4,257.0,133.0,47.0,88.0,0.534,16.0,38.0,0.421,23.0,25.0,0.92,6.0,31.0,37.0,32.0,10.0,5.0,16.0,21.0,0.672,0.625,0.432,0.284,17.1,72.1,47.4,68.1,9.4,8.9,13.9,100.0,125.5,113.2,11.0,17.0,0.8,4.0,11.0,1.0,8.0,8.0,1.0,4.0,7.0,9.0,9.0,3.0,4.0,5.0,4.0,27.0,23.0,0.907,0.893,0.786,0.625,15.9,31.4,19.8,36.7,4.3,14.8,33.3,33.0,156.0,123.0,82.7,50.199999999999996
115,PHI,95,1,DET,105,0,2024-10-30,2025,False,240.0,33.0,79.0,0.418,8.0,28.0,0.286,21.0,28.0,0.75,8.0,29.0,37.0,17.0,7.0,4.0,9.0,21.0,0.52,0.468,0.354,0.354,17.8,70.7,43.0,51.5,7.7,9.5,9.0,100.0,104.9,116.0,12.0,25.0,0.75,2.0,10.0,0.667,6.0,7.0,1.0,4.0,7.0,11.0,7.0,2.0,1.0,2.0,4.0,32.0,7.0,1.0,1.0,0.75,1.2,15.3,29.4,22.1,45.0,5.6,34.8,33.3,34.7,128.0,125.0,36.0,78.0,0.462,15.0,36.0,0.417,18.0,22.0,0.818,12.0,37.0,49.0,23.0,4.0,5.0,17.0,25.0,0.599,0.558,0.462,0.282,29.3,82.2,57.0,63.9,4.4,9.8,16.2,100.0,116.0,104.9,9.0,18.0,0.75,5.0,10.0,0.714,6.0,6.0,1.0,5.0,14.0,14.0,7.0,2.0,3.0,5.0,6.0,23.0,18.0,0.81,0.833,1.0,2.0,32.8,42.6,31.2,32.6,2.9,8.2,69.4,28.4,159.0,113.0,50.199999999999996,82.7
116,DET,105,0,PHI,95,1,2024-10-30,2025,True,240.0,36.0,78.0,0.462,15.0,36.0,0.417,18.0,22.0,0.818,12.0,37.0,49.0,23.0,4.0,5.0,17.0,25.0,0.599,0.558,0.462,0.282,29.3,82.2,57.0,63.9,4.4,9.8,16.2,100.0,116.0,104.9,9.0,18.0,0.75,5.0,10.0,0.714,6.0,6.0,1.0,5.0,14.0,14.0,7.0,2.0,3.0,5.0,6.0,23.0,18.0,0.81,0.833,1.0,2.0,32.8,42.6,31.2,32.6,2.9,8.2,69.4,28.4,159.0,113.0,33.0,79.0,0.418,8.0,28.0,0.286,21.0,28.0,0.75,8.0,29.0,37.0,17.0,7.0,4.0,9.0,21.0,0.52,0.468,0.354,0.354,17.8,70.7,43.0,51.5,7.7,9.5,9.0,100.0,104.9,116.0,12.0,25.0,0.75,2.0,10.0,0.667,6.0,7.0,1.0,4.0,7.0,11.0,7.0,2.0,1.0,2.0,4.0,32.0,7.0,1.0,1.0,0.75,1.2,15.3,29.4,22.1,45.0,5.6,34.8,33.3,34.7,128.0,125.0,36.2,84.3
117,OKC,105,1,SAS,93,0,2024-10-30,2025,True,240.0,41.0,89.0,0.461,17.0,41.0,0.415,6.0,8.0,0.75,5.0,34.0,39.0,28.0,18.0,6.0,14.0,15.0,0.567,0.556,0.461,0.09,11.4,72.3,42.9,68.3,18.2,12.2,13.1,100.0,106.2,94.1,7.0,20.0,0.833,6.0,10.0,1.0,2.0,2.0,1.0,3.0,7.0,7.0,8.0,4.0,2.0,5.0,3.0,20.0,19.0,1.111,1.111,1.0,0.333,13.0,36.9,19.1,44.9,8.9,7.8,31.5,35.7,200.0,110.0,35.0,85.0,0.412,12.0,36.0,0.333,11.0,13.0,0.846,13.0,39.0,52.0,22.0,6.0,6.0,22.0,8.0,0.513,0.482,0.424,0.153,27.7,88.6,57.1,62.9,6.1,12.5,19.5,100.0,94.1,106.2,7.0,16.0,0.583,3.0,7.0,0.75,4.0,4.0,1.0,4.0,7.0,9.0,9.0,2.0,3.0,4.0,3.0,18.0,6.0,0.742,0.722,0.8,0.8,16.4,55.7,33.7,63.8,3.3,11.0,40.0,27.2,234.0,112.0,84.3,36.2
118,SAS,93,0,OKC,105,1,2024-10-30,2025,False,240.0,35.0,85.0,0.412,12.0,36.0,0.333,11.0,13.0,0.846,13.0,39.0,52.0,22.0,6.0,6.0,22.0,8.0,0.513,0.482,0.424,0.153,27.7,88.6,57.1,62.9,6.1,12.5,19.5,100.0,94.1,106.2,7.0,16.0,0.583,3.0,7.0,0.75,4.0,4.0,1.0,4.0,7.0,9.0,9.0,2.0,3.0,4.0,3.0,18.0,6.0,0.742,0.722,0.8,0.8,16.4,55.7,33.7,63.8,3.3,11.0,40.0,27.2,234.0,112.0,41.0,89.0,0.461,17.0,41.0,0.415,6.0,8.0,0.75,5.0,34.0,39.0,28.0,18.0,6.0,14.0,15.0,0.567,0.556,0.461,0.09,11.4,72.3,42.9,68.3,18.2,12.2,13.1,100.0,106.2,94.1,7.0,20.0,0.833,6.0,10.0,1.0,2.0,2.0,1.0,3.0,7.0,7.0,8.0,4.0,2.0,5.0,3.0,20.0,19.0,1.111,1.111,1.0,0.333,13.0,36.9,19.1,44.9,8.9,7.8,31.5,35.7,200.0,110.0,103.1,95.4
119,MIA,107,1,NYK,116,0,2024-10-30,2025,False,240.0,37.0,81.0,0.457,17.0,40.0,0.425,16.0,24.0,0.667,7.0,32.0,39.0,27.0,6.0,3.0,10.0,17.0,0.584,0.562,0.494,0.296,16.7,82.1,48.1,73.0,6.5,7.1,9.8,100.0,115.2,124.9,12.0,20.0,0.667,8.0,13.0,0.667,5.0,8.0,1.0,2.0,6.0,8.0,7.0,2.0,3.0,4.0,4.0,34.0,2.0,1.0,1.0,1.0,0.857,8.4,30.1,17.4,46.0,3.0,20.9,27.1,29.3,180.0,129.0,40.0,82.0,0.488,18.0,40.0,0.45,18.0,20.0,0.9,7.0,35.0,42.0,30.0,8.0,4.0,11.0,16.0,0.639,0.598,0.488,0.244,17.9,83.3,51.9,75.0,8.6,9.8,10.8,100.0,124.9,115.2,17.0,25.0,1.0,4.0,11.0,0.8,7.0,8.0,1.0,3.0,13.0,14.0,9.0,2.0,2.0,3.0,5.0,44.0,15.0,1.0,1.0,1.0,0.444,13.4,35.2,19.9,51.6,4.4,10.1,30.4,36.0,217.0,123.0,95.4,103.1
120,NYK,116,0,MIA,107,1,2024-10-30,2025,True,240.0,40.0,82.0,0.488,18.0,40.0,0.45,18.0,20.0,0.9,7.0,35.0,42.0,30.0,8.0,4.0,11.0,16.0,0.639,0.598,0.488,0.244,17.9,83.3,51.9,75.0,8.6,9.8,10.8,100.0,124.9,115.2,17.0,25.0,1.0,4.0,11.0,0.8,7.0,8.0,1.0,3.0,13.0,14.0,9.0,2.0,2.0,3.0,5.0,44.0,15.0,1.0,1.0,1.0,0.444,13.4,35.2,19.9,51.6,4.4,10.1,30.4,36.0,217.0,123.0,37.0,81.0,0.457,17.0,40.0,0.425,16.0,24.0,0.667,7.0,32.0,39.0,27.0,6.0,3.0,10.0,17.0,0.584,0.562,0.494,0.296,16.7,82.1,48.1,73.0,6.5,7.1,9.8,100.0,115.2,124.9,12.0,20.0,0.667,8.0,13.0,0.667,5.0,8.0,1.0,2.0,6.0,8.0,7.0,2.0,3.0,4.0,4.0,34.0,2.0,1.0,1.0,1.0,0.857,8.4,30.1,17.4,46.0,3.0,20.9,27.1,29.3,180.0,129.0,53.5,71.5
121,MEM,106,1,BRK,119,0,2024-10-30,2025,False,240.0,38.0,81.0,0.469,8.0,27.0,0.296,22.0,29.0,0.759,12.0,26.0,38.0,27.0,9.0,3.0,22.0,21.0,0.565,0.519,0.333,0.358,31.6,76.5,52.8,71.1,9.0,7.7,19.0,100.0,106.4,119.4,10.0,16.0,1.0,3.0,6.0,1.0,7.0,10.0,1.0,5.0,6.0,8.0,11.0,3.0,1.0,5.0,4.0,30.0,5.0,1.028,1.0,1.0,0.833,24.6,42.2,23.9,60.9,5.1,6.4,36.1,32.4,221.0,128.0,41.0,80.0,0.513,15.0,41.0,0.366,22.0,25.0,0.88,8.0,26.0,34.0,27.0,10.0,2.0,19.0,25.0,0.654,0.606,0.513,0.313,23.5,68.4,47.2,65.9,10.0,3.7,17.3,100.0,119.4,106.4,11.0,14.0,0.8,6.0,9.0,0.667,10.0,11.0,1.0,3.0,5.0,7.0,8.0,4.0,1.0,3.0,5.0,33.0,25.0,1.019,1.0,0.667,0.917,17.8,100.0,59.7,44.5,8.0,3.7,28.6,27.5,182.0,116.0,71.5,53.5
122,BRK,119,0,MEM,106,1,2024-10-30,2025,True,240.0,41.0,80.0,0.513,15.0,41.0,0.366,22.0,25.0,0.88,8.0,26.0,34.0,27.0,10.0,2.0,19.0,25.0,0.654,0.606,0.513,0.313,23.5,68.4,47.2,65.9,10.0,3.7,17.3,100.0,119.4,106.4,11.0,14.0,0.8,6.0,9.0,0.667,10.0,11.0,1.0,3.0,5.0,7.0,8.0,4.0,1.0,3.0,5.0,33.0,25.0,1.019,1.0,0.667,0.917,17.8,100.0,59.7,44.5,8.0,3.7,28.6,27.5,182.0,116.0,38.0,81.0,0.469,8.0,27.0,0.296,22.0,29.0,0.759,12.0,26.0,38.0,27.0,9.0,3.0,22.0,21.0,0.565,0.519,0.333,0.358,31.6,76.5,52.8,71.1,9.0,7.7,19.0,100.0,106.4,119.4,10.0,16.0,1.0,3.0,6.0,1.0,7.0,10.0,1.0,5.0,6.0,8.0,11.0,3.0,1.0,5.0,4.0,30.0,5.0,1.028,1.0,1.0,0.833,24.6,42.2,23.9,60.9,5.1,6.4,36.1,32.4,221.0,128.0,93.9,86.0
123,BOS,132,0,IND,135,1,2024-10-30,2025,False,265.0,44.0,109.0,0.404,19.0,57.0,0.333,25.0,31.0,0.806,18.0,33.0,51.0,23.0,11.0,5.0,14.0,19.0,0.538,0.491,0.523,0.284,30.5,67.3,47.2,52.3,9.7,7.6,10.2,100.0,115.8,118.5,11.0,30.0,0.889,5.0,18.0,1.0,12.0,15.0,1.0,7.0,7.0,9.0,5.0,4.0,2.0,3.0,4.0,37.0,18.0,1.164,1.167,0.786,1.2,40.1,39.6,32.4,22.9,6.1,5.9,23.3,31.3,179.0,126.0,50.0,104.0,0.481,15.0,38.0,0.395,20.0,24.0,0.833,16.0,41.0,57.0,33.0,10.0,5.0,19.0,26.0,0.589,0.553,0.365,0.231,32.7,69.5,52.8,66.0,8.8,9.6,14.2,100.0,118.5,115.8,11.0,20.0,1.0,6.0,10.0,0.75,10.0,11.0,1.0,5.0,8.0,11.0,12.0,2.0,2.0,4.0,6.0,30.0,10.0,1.0,1.0,0.526,0.8,14.4,20.7,14.3,39.3,11.0,8.1,80.0,25.0,143.0,121.0,83.0,62.699999999999996
124,GSW,104,1,NOP,89,0,2024-10-30,2025,True,240.0,41.0,87.0,0.471,13.0,38.0,0.342,9.0,13.0,0.692,13.0,29.0,42.0,32.0,5.0,9.0,14.0,22.0,0.561,0.546,0.437,0.149,29.5,61.7,46.2,78.0,5.5,16.7,13.1,100.0,114.7,98.2,8.0,19.0,1.0,4.0,12.0,1.0,4.0,5.0,1.0,2.0,8.0,9.0,7.0,1.0,5.0,4.0,5.0,21.0,18.0,1.025,1.125,1.0,0.5,79.8,40.4,38.6,85.7,1.9,14.8,100.0,32.9,232.0,112.0,33.0,90.0,0.367,11.0,36.0,0.306,12.0,20.0,0.6,18.0,31.0,49.0,24.0,7.0,6.0,15.0,17.0,0.45,0.428,0.4,0.222,38.3,70.5,53.8,72.7,7.7,12.2,13.2,100.0,98.2,114.7,9.0,21.0,0.75,4.0,14.0,0.5,3.0,7.0,1.0,6.0,6.0,12.0,6.0,3.0,2.0,4.0,4.0,23.0,6.0,0.846,0.75,0.8,0.75,100.0,62.1,77.2,34.8,10.3,7.6,33.3,61.7,159.0,125.0,62.699999999999996,83.0
125,NOP,89,0,GSW,104,1,2024-10-30,2025,False,240.0,33.0,90.0,0.367,11.0,36.0,0.306,12.0,20.0,0.6,18.0,31.0,49.0,24.0,7.0,6.0,15.0,17.0,0.45,0.428,0.4,0.222,38.3,70.5,53.8,72.7,7.7,12.2,13.2,100.0,98.2,114.7,9.0,21.0,0.75,4.0,14.0,0.5,3.0,7.0,1.0,6.0,6.0,12.0,6.0,3.0,2.0,4.0,4.0,23.0,6.0,0.846,0.75,0.8,0.75,100.0,62.1,77.2,34.8,10.3,7.6,33.3,61.7,159.0,125.0,41.0,87.0,0.471,13.0,38.0,0.342,9.0,13.0,0.692,13.0,29.0,42.0,32.0,5.0,9.0,14.0,22.0,0.561,0.546,0.437,0.149,29.5,61.7,46.2,78.0,5.5,16.7,13.1,100.0,114.7,98.2,8.0,19.0,1.0,4.0,12.0,1.0,4.0,5.0,1.0,2.0,8.0,9.0,7.0,1.0,5.0,4.0,5.0,21.0,18.0,1.025,1.125,1.0,0.5,79.8,40.4,38.6,85.7,1.9,14.8,100.0,32.9,232.0,112.0,70.1,34.2
126,CLE,134,1,LAL,110,0,2024-10-30,2025,True,240.0,56.0,97.0,0.577,17.0,41.0,0.415,5.0,8.0,0.625,6.0,30.0,36.0,37.0,14.0,2.0,12.0,26.0,0.667,0.665,0.423,0.082,15.8,85.7,49.3,66.1,13.3,4.1,10.7,100.0,127.3,104.5,12.0,20.0,1.0,4.0,10.0,0.667,2.0,2.0,1.0,3.0,14.0,17.0,10.0,3.0,2.0,3.0,5.0,25.0,25.0,1.0,1.0,1.0,0.5,12.4,78.1,37.5,47.9,5.2,6.4,33.3,44.2,230.0,110.0,38.0,77.0,0.494,6.0,28.0,0.214,28.0,33.0,0.848,5.0,32.0,37.0,21.0,6.0,0.0,21.0,7.0,0.601,0.532,0.364,0.429,14.3,84.2,50.7,55.3,5.7,0.0,18.7,100.0,104.5,127.3,9.0,17.0,1.0,2.0,7.0,0.333,7.0,8.0,1.0,2.0,12.0,13.0,5.0,2.0,0.0,6.0,2.0,26.0,1.0,1.042,1.0,0.833,1.0,14.4,48.4,27.3,63.1,8.7,0.0,50.0,33.4,168.0,132.0,34.2,70.1
127,LAL,110,0,CLE,134,1,2024-10-30,2025,False,240.0,38.0,77.0,0.494,6.0,28.0,0.214,28.0,33.0,0.848,5.0,32.0,37.0,21.0,6.0,0.0,21.0,7.0,0.601,0.532,0.364,0.429,14.3,84.2,50.7,55.3,5.7,0.0,18.7,100.0,104.5,127.3,9.0,17.0,1.0,2.0,7.0,0.333,7.0,8.0,1.0,2.0,12.0,13.0,5.0,2.0,0.0,6.0,2.0,26.0,1.0,1.042,1.0,0.833,1.0,14.4,48.4,27.3,63.1,8.7,0.0,50.0,33.4,168.0,132.0,56.0,97.0,0.577,17.0,41.0,0.415,5.0,8.0,0.625,6.0,30.0,36.0,37.0,14.0,2.0,12.0,26.0,0.667,0.665,0.423,0.082,15.8,85.7,49.3,66.1,13.3,4.1,10.7,100.0,127.3,104.5,12.0,20.0,1.0,4.0,10.0,0.667,2.0,2.0,1.0,3.0,14.0,17.0,10.0,3.0,2.0,3.0,5.0,25.0,25.0,1.0,1.0,1.0,0.5,12.4,78.1,37.5,47.9,5.2,6.4,33.3,44.2,230.0,110.0,69.1,107.5
128,CHA,138,1,TOR,133,0,2024-10-30,2025,True,240.0,49.0,94.0,0.521,20.0,45.0,0.444,20.0,25.0,0.8,14.0,24.0,38.0,31.0,9.0,8.0,16.0,24.0,0.657,0.628,0.479,0.266,33.3,64.9,48.1,63.3,8.7,12.7,13.2,100.0,133.8,128.9,10.0,20.0,0.833,4.0,12.0,0.75,4.0,7.0,1.0,7.0,7.0,14.0,6.0,2.0,4.0,6.0,5.0,27.0,23.0,1.095,1.083,0.667,0.667,24.1,41.3,25.8,27.1,4.1,9.2,29.1,32.4,238.0,138.0,52.0,91.0,0.571,9.0,28.0,0.321,20.0,30.0,0.667,13.0,28.0,41.0,37.0,9.0,5.0,14.0,25.0,0.638,0.621,0.308,0.33,35.1,66.7,51.9,71.2,8.7,10.2,11.8,100.0,128.9,133.8,11.0,18.0,0.714,4.0,6.0,0.667,7.0,12.0,1.0,5.0,11.0,16.0,11.0,3.0,2.0,3.0,6.0,31.0,18.0,0.731,0.714,1.0,0.667,43.2,35.8,27.7,46.9,3.9,7.7,21.5,32.0,212.0,142.0,107.5,69.1
129,TOR,133,0,CHA,138,1,2024-10-30,2025,False,240.0,52.0,91.0,0.571,9.0,28.0,0.321,20.0,30.0,0.667,13.0,28.0,41.0,37.0,9.0,5.0,14.0,25.0,0.638,0.621,0.308,0.33,35.1,66.7,51.9,71.2,8.7,10.2,11.8,100.0,128.9,133.8,11.0,18.0,0.714,4.0,6.0,0.667,7.0,12.0,1.0,5.0,11.0,16.0,11.0,3.0,2.0,3.0,6.0,31.0,18.0,0.731,0.714,1.0,0.667,43.2,35.8,27.7,46.9,3.9,7.7,21.5,32.0,212.0,142.0,49.0,94.0,0.521,20.0,45.0,0.444,20.0,25.0,0.8,14.0,24.0,38.0,31.0,9.0,8.0,16.0,24.0,0.657,0.628,0.479,0.266,33.3,64.9,48.1,63.3,8.7,12.7,13.2,100.0,133.8,128.9,10.0,20.0,0.833,4.0,12.0,0.75,4.0,7.0,1.0,7.0,7.0,14.0,6.0,2.0,4.0,6.0,5.0,27.0,23.0,1.095,1.083,0.667,0.667,24.1,41.3,25.8,27.1,4.1,9.2,29.1,32.4,238.0,138.0,78.4,63.0
130,CHI,102,1,ORL,99,0,2024-10-30,2025,True,240.0,36.0,84.0,0.429,13.0,34.0,0.382,17.0,25.0,0.68,9.0,45.0,54.0,23.0,6.0,2.0,15.0,16.0,0.537,0.506,0.405,0.298,20.0,88.2,56.3,63.9,6.1,5.0,13.6,100.0,102.9,99.8,8.0,16.0,0.75,4.0,10.0,1.0,6.0,8.0,1.0,6.0,10.0,14.0,5.0,1.0,1.0,4.0,4.0,21.0,15.0,0.733,0.75,1.0,0.889,18.0,54.8,29.1,28.8,3.4,4.1,29.1,26.7,151.0,107.0,35.0,86.0,0.407,11.0,46.0,0.239,18.0,20.0,0.9,6.0,36.0,42.0,25.0,9.0,8.0,12.0,19.0,0.522,0.471,0.535,0.233,11.8,80.0,43.8,71.4,9.1,16.0,11.2,100.0,99.8,102.9,12.0,22.0,0.545,3.0,9.0,0.5,5.0,7.0,1.0,2.0,7.0,7.0,6.0,4.0,3.0,4.0,4.0,31.0,6.0,0.68,0.6,1.0,1.0,13.5,39.7,18.6,37.7,5.5,12.4,25.8,35.1,124.0,113.0,63.0,78.4
131,ORL,99,0,CHI,102,1,2024-10-30,2025,False,240.0,35.0,86.0,0.407,11.0,46.0,0.239,18.0,20.0,0.9,6.0,36.0,42.0,25.0,9.0,8.0,12.0,19.0,0.522,0.471,0.535,0.233,11.8,80.0,43.8,71.4,9.1,16.0,11.2,100.0,99.8,102.9,12.0,22.0,0.545,3.0,9.0,0.5,5.0,7.0,1.0,2.0,7.0,7.0,6.0,4.0,3.0,4.0,4.0,31.0,6.0,0.68,0.6,1.0,1.0,13.5,39.7,18.6,37.7,5.5,12.4,25.8,35.1,124.0,113.0,36.0,84.0,0.429,13.0,34.0,0.382,17.0,25.0,0.68,9.0,45.0,54.0,23.0,6.0,2.0,15.0,16.0,0.537,0.506,0.405,0.298,20.0,88.2,56.3,63.9,6.1,5.0,13.6,100.0,102.9,99.8,8.0,16.0,0.75,4.0,10.0,1.0,6.0,8.0,1.0,6.0,10.0,14.0,5.0,1.0,1.0,4.0,4.0,21.0,15.0,0.733,0.75,1.0,0.889,18.0,54.8,29.1,28.8,3.4,4.1,29.1,26.7,151.0,107.0,33.9,95.0
132,POR,106,0,LAC,105,1,2024-10-30,2025,True,240.0,41.0,92.0,0.446,14.0,33.0,0.424,10.0,12.0,0.833,12.0,35.0,47.0,19.0,9.0,6.0,13.0,18.0,0.545,0.522,0.359,0.13,25.0,72.9,49.0,46.3,9.3,11.1,11.8,100.0,109.8,108.7,10.0,24.0,0.75,3.0,9.0,1.0,6.0,6.0,1.0,3.0,10.0,12.0,6.0,3.0,2.0,3.0,4.0,25.0,14.0,0.788,0.875,0.5,0.75,27.0,34.4,27.0,38.5,5.3,8.0,24.4,31.0,151.0,119.0,41.0,90.0,0.456,13.0,36.0,0.361,10.0,18.0,0.556,13.0,36.0,49.0,26.0,10.0,5.0,14.0,19.0,0.536,0.528,0.4,0.2,27.1,75.0,51.0,63.4,10.4,8.5,12.5,100.0,108.7,109.8,11.0,22.0,1.0,5.0,11.0,0.5,3.0,6.0,1.0,4.0,8.0,12.0,10.0,3.0,2.0,5.0,4.0,30.0,8.0,1.0,1.0,0.75,2.5,18.0,33.2,19.9,47.4,7.6,9.8,31.3,45.6,183.0,121.0,95.0,33.9
133,IND,135,1,BOS,132,0,2024-10-30,2025,True,265.0,50.0,104.0,0.481,15.0,38.0,0.395,20.0,24.0,0.833,16.0,41.0,57.0,33.0,10.0,5.0,19.0,26.0,0.589,0.553,0.365,0.231,32.7,69.5,52.8,66.0,8.8,9.6,14.2,100.0,118.5,115.8,11.0,20.0,1.0,6.0,10.0,0.75,10.0,11.0,1.0,5.0,8.0,11.0,12.0,2.0,2.0,4.0,6.0,30.0,10.0,1.0,1.0,0.526,0.8,14.4,20.7,14.3,39.3,11.0,8.1,80.0,25.0,143.0,121.0,44.0,109.0,0.404,19.0,57.0,0.333,25.0,31.0,0.806,18.0,33.0,51.0,23.0,11.0,5.0,14.0,19.0,0.538,0.491,0.523,0.284,30.5,67.3,47.2,52.3,9.7,7.6,10.2,100.0,115.8,118.5,11.0,30.0,0.889,5.0,18.0,1.0,12.0,15.0,1.0,7.0,7.0,9.0,5.0,4.0,2.0,3.0,4.0,37.0,18.0,1.164,1.167,0.786,1.2,40.1,39.6,32.4,22.9,6.1,5.9,23.3,31.3,179.0,126.0,86.0,93.9
134,PHO,125,0,LAC,119,1,2024-10-31,2025,True,240.0,42.0,82.0,0.512,18.0,39.0,0.462,23.0,28.0,0.821,8.0,31.0,39.0,29.0,12.0,4.0,12.0,20.0,0.663,0.622,0.476,0.341,19.5,67.4,44.8,69.0,12.3,6.9,11.3,100.0,127.9,121.7,11.0,18.0,1.0,5.0,9.0,0.833,13.0,15.0,1.0,4.0,6.0,7.0,11.0,4.0,2.0,4.0,5.0,40.0,20.0,1.182,1.188,0.75,0.833,26.9,27.6,19.0,42.3,10.4,4.8,27.9,31.8,226.0,133.0,45.0,93.0,0.484,12.0,35.0,0.343,17.0,21.0,0.81,15.0,33.0,48.0,27.0,8.0,8.0,14.0,22.0,0.582,0.548,0.376,0.226,32.6,80.5,55.2,60.0,8.2,18.6,12.0,100.0,121.7,127.9,9.0,21.0,0.9,4.0,11.0,1.0,6.0,7.0,1.0,5.0,10.0,12.0,13.0,3.0,4.0,6.0,5.0,25.0,4.0,0.902,0.9,0.75,1.0,14.7,32.8,18.6,51.1,6.1,20.8,50.0,35.4,165.0,136.0,67.5,83.0
135,HOU,108,0,DAL,102,1,2024-10-31,2025,True,240.0,40.0,97.0,0.412,8.0,34.0,0.235,20.0,27.0,0.741,18.0,32.0,50.0,21.0,4.0,4.0,10.0,20.0,0.496,0.454,0.351,0.278,40.0,76.2,57.5,52.5,4.3,7.3,8.4,100.0,117.0,110.5,9.0,21.0,1.0,3.0,9.0,0.5,7.0,9.0,1.0,6.0,12.0,12.0,4.0,1.0,1.0,5.0,4.0,23.0,12.0,1.0,1.0,0.6,0.563,18.4,37.8,19.0,36.1,5.2,4.7,18.3,42.3,219.0,118.0,39.0,85.0,0.459,10.0,30.0,0.333,14.0,20.0,0.7,10.0,27.0,37.0,21.0,6.0,7.0,10.0,27.0,0.544,0.518,0.353,0.235,23.8,60.0,42.5,53.8,6.5,11.1,9.6,100.0,110.5,117.0,12.0,25.0,1.0,5.0,9.0,0.833,4.0,4.0,1.0,4.0,8.0,9.0,7.0,3.0,3.0,3.0,5.0,29.0,10.0,1.064,1.0,1.0,3.0,36.1,22.8,17.4,30.1,4.6,10.1,34.7,34.2,150.0,128.0,70.10000000000001,82.7
136,UTA,88,1,SAS,106,0,2024-10-31,2025,False,240.0,32.0,82.0,0.39,7.0,32.0,0.219,17.0,19.0,0.895,15.0,38.0,53.0,19.0,6.0,6.0,26.0,19.0,0.487,0.433,0.39,0.232,32.6,77.6,55.8,59.4,6.1,12.2,22.3,100.0,89.2,107.4,6.0,14.0,0.667,3.0,9.0,0.5,6.0,6.0,1.0,4.0,7.0,11.0,5.0,2.0,3.0,7.0,5.0,16.0,8.0,0.833,0.833,0.857,0.667,15.3,24.9,20.2,32.8,4.6,10.7,43.6,31.5,128.0,114.0,38.0,92.0,0.413,12.0,43.0,0.279,18.0,23.0,0.783,11.0,31.0,42.0,25.0,17.0,7.0,11.0,17.0,0.519,0.478,0.467,0.25,22.4,67.4,44.2,65.8,17.2,14.0,9.7,100.0,107.4,89.2,9.0,20.0,0.8,4.0,13.0,0.5,6.0,7.0,1.0,2.0,7.0,9.0,10.0,5.0,5.0,3.0,4.0,25.0,43.0,0.919,0.9,1.0,0.8,9.4,22.6,13.5,100.0,8.8,14.3,50.0,31.1,232.0,105.0,82.7,70.10000000000001
137,SAS,106,0,UTA,88,1,2024-10-31,2025,True,240.0,38.0,92.0,0.413,12.0,43.0,0.279,18.0,23.0,0.783,11.0,31.0,42.0,25.0,17.0,7.0,11.0,17.0,0.519,0.478,0.467,0.25,22.4,67.4,44.2,65.8,17.2,14.0,9.7,100.0,107.4,89.2,9.0,20.0,0.8,4.0,13.0,0.5,6.0,7.0,1.0,2.0,7.0,9.0,10.0,5.0,5.0,3.0,4.0,25.0,43.0,0.919,0.9,1.0,0.8,9.4,22.6,13.5,100.0,8.8,14.3,50.0,31.1,232.0,105.0,32.0,82.0,0.39,7.0,32.0,0.219,17.0,19.0,0.895,15.0,38.0,53.0,19.0,6.0,6.0,26.0,19.0,0.487,0.433,0.39,0.232,32.6,77.6,55.8,59.4,6.1,12.2,22.3,100.0,89.2,107.4,6.0,14.0,0.667,3.0,9.0,0.5,6.0,6.0,1.0,4.0,7.0,11.0,5.0,2.0,3.0,7.0,5.0,16.0,8.0,0.833,0.833,0.857,0.667,15.3,24.9,20.2,32.8,4.6,10.7,43.6,31.5,128.0,114.0,55.8,94.80000000000001
138,MEM,122,1,MIL,99,0,2024-10-31,2025,True,240.0,43.0,82.0,0.524,8.0,28.0,0.286,28.0,31.0,0.903,7.0,49.0,56.0,26.0,6.0,3.0,17.0,21.0,0.638,0.573,0.341,0.378,19.4,84.5,59.6,60.5,5.8,5.6,15.1,100.0,117.4,95.3,9.0,16.0,1.0,3.0,6.0,0.5,6.0,7.0,1.0,2.0,9.0,10.0,14.0,2.0,1.0,3.0,4.0,26.0,30.0,1.017,1.0,1.0,1.0,11.2,25.8,17.7,82.9,2.8,51.8,22.7,32.6,210.0,103.0,41.0,96.0,0.427,9.0,42.0,0.214,8.0,19.0,0.421,9.0,29.0,38.0,20.0,10.0,4.0,10.0,27.0,0.474,0.474,0.438,0.198,15.5,80.6,40.4,48.8,9.6,7.4,8.7,100.0,95.3,117.4,17.0,22.0,1.0,3.0,7.0,1.0,3.0,8.0,1.0,5.0,10.0,11.0,6.0,4.0,1.0,2.0,5.0,37.0,10.0,1.0,1.0,1.0,2.0,17.5,39.8,21.6,34.4,6.7,18.8,100.0,35.5,195.0,125.0,76.3,97.4
139,DAL,102,1,HOU,108,0,2024-10-31,2025,False,240.0,39.0,85.0,0.459,10.0,30.0,0.333,14.0,20.0,0.7,10.0,27.0,37.0,21.0,6.0,7.0,10.0,27.0,0.544,0.518,0.353,0.235,23.8,60.0,42.5,53.8,6.5,11.1,9.6,100.0,110.5,117.0,12.0,25.0,1.0,5.0,9.0,0.833,4.0,4.0,1.0,4.0,8.0,9.0,7.0,3.0,3.0,3.0,5.0,29.0,10.0,1.064,1.0,1.0,3.0,36.1,22.8,17.4,30.1,4.6,10.1,34.7,34.2,150.0,128.0,40.0,97.0,0.412,8.0,34.0,0.235,20.0,27.0,0.741,18.0,32.0,50.0,21.0,4.0,4.0,10.0,20.0,0.496,0.454,0.351,0.278,40.0,76.2,57.5,52.5,4.3,7.3,8.4,100.0,117.0,110.5,9.0,21.0,1.0,3.0,9.0,0.5,7.0,9.0,1.0,6.0,12.0,12.0,4.0,1.0,1.0,5.0,4.0,23.0,12.0,1.0,1.0,0.6,0.563,18.4,37.8,19.0,36.1,5.2,4.7,18.3,42.3,219.0,118.0,83.0,67.5
140,MIL,99,0,MEM,122,1,2024-10-31,2025,False,240.0,41.0,96.0,0.427,9.0,42.0,0.214,8.0,19.0,0.421,9.0,29.0,38.0,20.0,10.0,4.0,10.0,27.0,0.474,0.474,0.438,0.198,15.5,80.6,40.4,48.8,9.6,7.4,8.7,100.0,95.3,117.4,17.0,22.0,1.0,3.0,7.0,1.0,3.0,8.0,1.0,5.0,10.0,11.0,6.0,4.0,1.0,2.0,5.0,37.0,10.0,1.0,1.0,1.0,2.0,17.5,39.8,21.6,34.4,6.7,18.8,100.0,35.5,195.0,125.0,43.0,82.0,0.524,8.0,28.0,0.286,28.0,31.0,0.903,7.0,49.0,56.0,26.0,6.0,3.0,17.0,21.0,0.638,0.573,0.341,0.378,19.4,84.5,59.6,60.5,5.8,5.6,15.1,100.0,117.4,95.3,9.0,16.0,1.0,3.0,6.0,0.5,6.0,7.0,1.0,2.0,9.0,10.0,14.0,2.0,1.0,3.0,4.0,26.0,30.0,1.017,1.0,1.0,1.0,11.2,25.8,17.7,82.9,2.8,51.8,22.7,32.6,210.0,103.0,97.4,76.3
141,LAC,119,1,PHO,125,0,2024-10-31,2025,False,240.0,45.0,93.0,0.484,12.0,35.0,0.343,17.0,21.0,0.81,15.0,33.0,48.0,27.0,8.0,8.0,14.0,22.0,0.582,0.548,0.376,0.226,32.6,80.5,55.2,60.0,8.2,18.6,12.0,100.0,121.7,127.9,9.0,21.0,0.9,4.0,11.0,1.0,6.0,7.0,1.0,5.0,10.0,12.0,13.0,3.0,4.0,6.0,5.0,25.0,4.0,0.902,0.9,0.75,1.0,14.7,32.8,18.6,51.1,6.1,20.8,50.0,35.4,165.0,136.0,42.0,82.0,0.512,18.0,39.0,0.462,23.0,28.0,0.821,8.0,31.0,39.0,29.0,12.0,4.0,12.0,20.0,0.663,0.622,0.476,0.341,19.5,67.4,44.8,69.0,12.3,6.9,11.3,100.0,127.9,121.7,11.0,18.0,1.0,5.0,9.0,0.833,13.0,15.0,1.0,4.0,6.0,7.0,11.0,4.0,2.0,4.0,5.0,40.0,20.0,1.182,1.188,0.75,0.833,26.9,27.6,19.0,42.3,10.4,4.8,27.9,31.8,226.0,133.0,94.80000000000001,55.8
142,POR,114,1,OKC,137,0,2024-11-01,2025,False,240.0,39.0,83.0,0.47,15.0,35.0,0.429,21.0,31.0,0.677,11.0,25.0,36.0,27.0,8.0,5.0,19.0,17.0,0.59,0.56,0.422,0.373,26.2,64.1,44.4,69.2,8.0,10.9,16.4,100.0,113.6,136.5,7.0,11.0,1.0,4.0,7.0,0.6,6.0,7.0,1.0,3.0,4.0,7.0,6.0,2.0,1.0,6.0,3.0,17.0,5.0,0.905,1.0,1.0,2.333,27.4,39.3,33.1,66.4,4.4,11.3,36.5,36.3,145.0,146.0,51.0,95.0,0.537,19.0,49.0,0.388,16.0,19.0,0.842,14.0,31.0,45.0,31.0,14.0,9.0,13.0,29.0,0.663,0.637,0.516,0.2,35.9,73.8,55.6,60.8,13.9,18.8,11.2,100.0,136.5,113.6,12.0,18.0,0.714,4.0,8.0,0.667,5.0,6.0,1.0,4.0,6.0,8.0,6.0,4.0,5.0,3.0,4.0,30.0,25.0,0.929,0.929,0.889,2.0,35.3,24.2,20.7,33.0,7.5,27.2,29.6,34.4,172.0,125.0,95.4,103.1
143,LAL,131,0,TOR,125,1,2024-11-01,2025,True,240.0,42.0,88.0,0.477,11.0,32.0,0.344,36.0,41.0,0.878,9.0,34.0,43.0,29.0,6.0,5.0,10.0,17.0,0.618,0.54,0.364,0.466,23.7,69.4,49.4,69.0,5.8,6.9,8.6,100.0,126.0,120.2,14.0,20.0,1.0,5.0,8.0,0.625,12.0,14.0,1.0,3.0,10.0,11.0,10.0,3.0,2.0,3.0,4.0,38.0,14.0,1.094,1.0,0.667,5.0,25.2,27.4,22.0,44.0,3.9,8.9,38.5,32.2,227.0,128.0,52.0,107.0,0.486,10.0,35.0,0.286,11.0,13.0,0.846,15.0,29.0,44.0,35.0,4.0,6.0,11.0,29.0,0.554,0.533,0.327,0.121,30.6,76.3,50.6,67.3,3.8,10.7,8.9,100.0,120.2,126.0,14.0,26.0,0.643,5.0,11.0,0.6,3.0,4.0,1.0,6.0,6.0,12.0,12.0,2.0,3.0,4.0,5.0,33.0,7.0,0.721,0.705,0.667,0.667,18.7,23.1,18.9,58.7,4.4,7.3,25.0,33.2,137.0,133.0,84.9,53.5
144,DET,98,1,NYK,128,0,2024-11-01,2025,False,240.0,41.0,81.0,0.506,11.0,34.0,0.324,5.0,7.0,0.714,6.0,32.0,38.0,23.0,6.0,9.0,22.0,12.0,0.583,0.574,0.42,0.086,15.4,72.7,45.8,56.1,6.0,14.3,20.7,100.0,98.0,128.1,10.0,19.0,1.0,2.0,7.0,0.5,2.0,2.0,1.0,2.0,8.0,8.0,6.0,1.0,3.0,4.0,2.0,22.0,12.0,1.0,1.0,1.0,1.0,16.4,35.7,22.1,34.5,6.4,20.4,51.0,32.9,119.0,137.0,52.0,101.0,0.515,18.0,38.0,0.474,6.0,10.0,0.6,12.0,33.0,45.0,31.0,16.0,3.0,10.0,14.0,0.607,0.604,0.376,0.099,27.3,84.6,54.2,59.6,16.0,6.4,8.7,100.0,128.1,98.0,14.0,22.0,1.0,6.0,8.0,0.75,2.0,4.0,1.0,3.0,8.0,11.0,7.0,4.0,1.0,3.0,3.0,36.0,31.0,1.0,1.0,0.667,0.182,20.0,35.8,23.2,32.2,9.4,6.2,100.0,34.9,210.0,108.0,56.7,91.19999999999999
145,NOP,125,1,IND,118,0,2024-11-01,2025,True,240.0,49.0,101.0,0.485,12.0,31.0,0.387,15.0,19.0,0.789,15.0,31.0,46.0,28.0,8.0,4.0,8.0,15.0,0.572,0.545,0.307,0.188,31.3,83.8,54.1,57.1,8.0,7.8,6.8,100.0,125.0,118.0,14.0,25.0,0.75,3.0,8.0,1.0,7.0,8.0,1.0,6.0,5.0,10.0,10.0,2.0,2.0,3.0,4.0,34.0,17.0,0.875,0.875,0.5,0.471,34.9,29.4,21.6,42.2,4.2,5.3,20.0,32.8,174.0,125.0,46.0,89.0,0.517,16.0,38.0,0.421,10.0,13.0,0.769,6.0,33.0,39.0,35.0,3.0,3.0,14.0,21.0,0.623,0.607,0.427,0.146,16.2,68.8,45.9,76.1,3.0,4.3,12.9,100.0,118.0,125.0,7.0,15.0,1.0,6.0,11.0,1.0,6.0,6.0,1.0,2.0,8.0,8.0,11.0,1.0,1.0,4.0,6.0,20.0,7.0,1.2,1.2,0.917,0.75,9.6,51.3,29.0,56.6,3.6,4.4,25.0,26.3,166.0,131.0,53.5,84.9
146,TOR,125,1,LAL,131,0,2024-11-01,2025,False,240.0,52.0,107.0,0.486,10.0,35.0,0.286,11.0,13.0,0.846,15.0,29.0,44.0,35.0,4.0,6.0,11.0,29.0,0.554,0.533,0.327,0.121,30.6,76.3,50.6,67.3,3.8,10.7,8.9,100.0,120.2,126.0,14.0,26.0,0.643,5.0,11.0,0.6,3.0,4.0,1.0,6.0,6.0,12.0,12.0,2.0,3.0,4.0,5.0,33.0,7.0,0.721,0.705,0.667,0.667,18.7,23.1,18.9,58.7,4.4,7.3,25.0,33.2,137.0,133.0,42.0,88.0,0.477,11.0,32.0,0.344,36.0,41.0,0.878,9.0,34.0,43.0,29.0,6.0,5.0,10.0,17.0,0.618,0.54,0.364,0.466,23.7,69.4,49.4,69.0,5.8,6.9,8.6,100.0,126.0,120.2,14.0,20.0,1.0,5.0,8.0,0.625,12.0,14.0,1.0,3.0,10.0,11.0,10.0,3.0,2.0,3.0,4.0,38.0,14.0,1.094,1.0,0.667,5.0,25.2,27.4,22.0,44.0,3.9,8.9,38.5,32.2,227.0,128.0,50.199999999999996,43.5
147,MIN,119,1,DEN,116,0,2024-11-01,2025,True,240.0,43.0,83.0,0.518,18.0,42.0,0.429,15.0,18.0,0.833,8.0,30.0,38.0,34.0,8.0,9.0,17.0,22.0,0.654,0.627,0.506,0.217,21.6,63.8,45.2,79.1,8.1,15.0,15.8,100.0,120.9,117.9,11.0,23.0,0.7,7.0,14.0,0.5,5.0,5.0,1.0,4.0,10.0,14.0,7.0,3.0,3.0,3.0,5.0,29.0,27.0,0.766,0.75,1.0,0.571,28.5,28.7,22.2,29.5,6.2,10.2,100.0,29.0,147.0,129.0,41.0,92.0,0.446,11.0,32.0,0.344,23.0,29.0,0.793,17.0,29.0,46.0,30.0,11.0,2.0,15.0,18.0,0.554,0.505,0.348,0.315,36.2,78.4,54.8,73.2,11.2,4.9,12.5,100.0,117.9,120.9,11.0,18.0,1.0,5.0,7.0,0.714,8.0,10.0,1.0,4.0,7.0,11.0,13.0,3.0,1.0,4.0,5.0,31.0,13.0,1.0,1.0,0.667,0.75,43.3,23.9,24.2,50.2,3.9,4.6,29.1,25.5,200.0,130.0,43.5,50.199999999999996
148,IND,118,0,NOP,125,1,2024-11-01,2025,False,240.0,46.0,89.0,0.517,16.0,38.0,0.421,10.0,13.0,0.769,6.0,33.0,39.0,35.0,3.0,3.0,14.0,21.0,0.623,0.607,0.427,0.146,16.2,68.8,45.9,76.1,3.0,4.3,12.9,100.0,118.0,125.0,7.0,15.0,1.0,6.0,11.0,1.0,6.0,6.0,1.0,2.0,8.0,8.0,11.0,1.0,1.0,4.0,6.0,20.0,7.0,1.2,1.2,0.917,0.75,9.6,51.3,29.0,56.6,3.6,4.4,25.0,26.3,166.0,131.0,49.0,101.0,0.485,12.0,31.0,0.387,15.0,19.0,0.789,15.0,31.0,46.0,28.0,8.0,4.0,8.0,15.0,0.572,0.545,0.307,0.188,31.3,83.8,54.1,57.1,8.0,7.8,6.8,100.0,125.0,118.0,14.0,25.0,0.75,3.0,8.0,1.0,7.0,8.0,1.0,6.0,5.0,10.0,10.0,2.0,2.0,3.0,4.0,34.0,17.0,0.875,0.875,0.5,0.471,34.9,29.4,21.6,42.2,4.2,5.3,20.0,32.8,174.0,125.0,91.19999999999999,56.7
149,DEN,116,0,MIN,119,1,2024-11-01,2025,False,240.0,41.0,92.0,0.446,11.0,32.0,0.344,23.0,29.0,0.793,17.0,29.0,46.0,30.0,11.0,2.0,15.0,18.0,0.554,0.505,0.348,0.315,36.2,78.4,54.8,73.2,11.2,4.9,12.5,100.0,117.9,120.9,11.0,18.0,1.0,5.0,7.0,0.714,8.0,10.0,1.0,4.0,7.0,11.0,13.0,3.0,1.0,4.0,5.0,31.0,13.0,1.0,1.0,0.667,0.75,43.3,23.9,24.2,50.2,3.9,4.6,29.1,25.5,200.0,130.0,43.0,83.0,0.518,18.0,42.0,0.429,15.0,18.0,0.833,8.0,30.0,38.0,34.0,8.0,9.0,17.0,22.0,0.654,0.627,0.506,0.217,21.6,63.8,45.2,79.1,8.1,15.0,15.8,100.0,120.9,117.9,11.0,23.0,0.7,7.0,14.0,0.5,5.0,5.0,1.0,4.0,10.0,14.0,7.0,3.0,3.0,3.0,5.0,29.0,27.0,0.766,0.75,1.0,0.571,28.5,28.7,22.2,29.5,6.2,10.2,100.0,29.0,147.0,129.0,103.1,95.4
150,OKC,137,0,POR,114,1,2024-11-01,2025,True,240.0,51.0,95.0,0.537,19.0,49.0,0.388,16.0,19.0,0.842,14.0,31.0,45.0,31.0,14.0,9.0,13.0,29.0,0.663,0.637,0.516,0.2,35.9,73.8,55.6,60.8,13.9,18.8,11.2,100.0,136.5,113.6,12.0,18.0,0.714,4.0,8.0,0.667,5.0,6.0,1.0,4.0,6.0,8.0,6.0,4.0,5.0,3.0,4.0,30.0,25.0,0.929,0.929,0.889,2.0,35.3,24.2,20.7,33.0,7.5,27.2,29.6,34.4,172.0,125.0,39.0,83.0,0.47,15.0,35.0,0.429,21.0,31.0,0.677,11.0,25.0,36.0,27.0,8.0,5.0,19.0,17.0,0.59,0.56,0.422,0.373,26.2,64.1,44.4,69.2,8.0,10.9,16.4,100.0,113.6,136.5,7.0,11.0,1.0,4.0,7.0,0.6,6.0,7.0,1.0,3.0,4.0,7.0,6.0,2.0,1.0,6.0,3.0,17.0,5.0,0.905,1.0,1.0,2.333,27.4,39.3,33.1,66.4,4.4,11.3,36.5,36.3,145.0,146.0,93.9,69.39999999999999
151,CHI,112,0,BRK,120,1,2024-11-01,2025,False,240.0,38.0,88.0,0.432,17.0,44.0,0.386,19.0,24.0,0.792,10.0,34.0,44.0,24.0,5.0,3.0,16.0,15.0,0.568,0.528,0.5,0.273,21.3,79.1,48.9,63.2,4.9,5.2,14.0,100.0,110.7,118.6,10.0,17.0,0.909,5.0,9.0,0.75,5.0,5.0,1.0,3.0,8.0,11.0,8.0,2.0,1.0,4.0,4.0,28.0,4.0,1.061,1.045,1.0,1.0,9.2,32.9,19.6,37.3,2.8,6.1,25.3,28.6,218.0,125.0,49.0,94.0,0.521,11.0,36.0,0.306,11.0,13.0,0.846,9.0,37.0,46.0,34.0,11.0,6.0,11.0,20.0,0.602,0.58,0.383,0.138,20.9,78.7,51.1,69.4,10.9,13.6,9.9,100.0,118.6,110.7,11.0,23.0,0.833,4.0,11.0,1.0,6.0,7.0,1.0,4.0,8.0,9.0,11.0,3.0,2.0,3.0,5.0,32.0,8.0,1.0,1.0,0.636,1.0,18.2,34.8,19.6,49.8,5.4,14.4,37.5,38.3,185.0,118.0,107.5,69.1
152,BRK,120,1,CHI,112,0,2024-11-01,2025,True,240.0,49.0,94.0,0.521,11.0,36.0,0.306,11.0,13.0,0.846,9.0,37.0,46.0,34.0,11.0,6.0,11.0,20.0,0.602,0.58,0.383,0.138,20.9,78.7,51.1,69.4,10.9,13.6,9.9,100.0,118.6,110.7,11.0,23.0,0.833,4.0,11.0,1.0,6.0,7.0,1.0,4.0,8.0,9.0,11.0,3.0,2.0,3.0,5.0,32.0,8.0,1.0,1.0,0.636,1.0,18.2,34.8,19.6,49.8,5.4,14.4,37.5,38.3,185.0,118.0,38.0,88.0,0.432,17.0,44.0,0.386,19.0,24.0,0.792,10.0,34.0,44.0,24.0,5.0,3.0,16.0,15.0,0.568,0.528,0.5,0.273,21.3,79.1,48.9,63.2,4.9,5.2,14.0,100.0,110.7,118.6,10.0,17.0,0.909,5.0,9.0,0.75,5.0,5.0,1.0,3.0,8.0,11.0,8.0,2.0,1.0,4.0,4.0,28.0,4.0,1.061,1.045,1.0,1.0,9.2,32.9,19.6,37.3,2.8,6.1,25.3,28.6,218.0,125.0,70.1,96.1
153,SAC,123,0,ATL,115,1,2024-11-01,2025,True,240.0,43.0,89.0,0.483,11.0,33.0,0.333,26.0,30.0,0.867,10.0,41.0,51.0,28.0,9.0,4.0,14.0,21.0,0.602,0.545,0.371,0.337,23.8,83.7,56.0,65.1,8.7,9.5,12.0,100.0,119.1,111.3,11.0,16.0,0.8,4.0,8.0,1.0,8.0,10.0,1.0,3.0,11.0,14.0,6.0,4.0,1.0,6.0,6.0,31.0,21.0,1.02,1.0,0.857,0.625,10.3,32.5,22.3,26.2,5.0,5.9,24.4,27.4,206.0,118.0,41.0,92.0,0.446,19.0,50.0,0.38,14.0,18.0,0.778,8.0,32.0,40.0,30.0,8.0,4.0,13.0,22.0,0.575,0.549,0.543,0.196,16.3,76.2,44.0,73.2,7.7,7.1,11.5,100.0,111.3,119.1,8.0,21.0,0.8,7.0,13.0,0.538,6.0,7.0,1.0,3.0,8.0,10.0,12.0,2.0,1.0,5.0,4.0,25.0,7.0,0.814,0.8,0.889,0.8,25.8,33.5,20.8,42.7,3.4,4.5,33.3,33.6,171.0,126.0,96.1,70.1
154,ATL,115,1,SAC,123,0,2024-11-01,2025,False,240.0,41.0,92.0,0.446,19.0,50.0,0.38,14.0,18.0,0.778,8.0,32.0,40.0,30.0,8.0,4.0,13.0,22.0,0.575,0.549,0.543,0.196,16.3,76.2,44.0,73.2,7.7,7.1,11.5,100.0,111.3,119.1,8.0,21.0,0.8,7.0,13.0,0.538,6.0,7.0,1.0,3.0,8.0,10.0,12.0,2.0,1.0,5.0,4.0,25.0,7.0,0.814,0.8,0.889,0.8,25.8,33.5,20.8,42.7,3.4,4.5,33.3,33.6,171.0,126.0,43.0,89.0,0.483,11.0,33.0,0.333,26.0,30.0,0.867,10.0,41.0,51.0,28.0,9.0,4.0,14.0,21.0,0.602,0.545,0.371,0.337,23.8,83.7,56.0,65.1,8.7,9.5,12.0,100.0,119.1,111.3,11.0,16.0,0.8,4.0,8.0,1.0,8.0,10.0,1.0,3.0,11.0,14.0,6.0,4.0,1.0,6.0,6.0,31.0,21.0,1.02,1.0,0.857,0.625,10.3,32.5,22.3,26.2,5.0,5.9,24.4,27.4,206.0,118.0,69.1,107.5
155,CLE,120,1,ORL,109,0,2024-11-01,2025,True,240.0,44.0,87.0,0.506,15.0,38.0,0.395,17.0,20.0,0.85,7.0,42.0,49.0,25.0,6.0,4.0,13.0,21.0,0.626,0.592,0.437,0.23,17.9,85.7,55.7,56.8,5.8,7.0,11.9,100.0,116.6,105.9,9.0,16.0,1.0,3.0,9.0,0.667,6.0,6.0,1.0,2.0,11.0,12.0,7.0,2.0,1.0,3.0,5.0,25.0,18.0,1.064,1.0,1.0,2.0,31.0,36.2,27.5,75.9,4.4,21.2,40.0,33.7,227.0,112.0,41.0,90.0,0.456,11.0,33.0,0.333,16.0,24.0,0.667,7.0,32.0,39.0,26.0,10.0,4.0,14.0,17.0,0.542,0.517,0.367,0.267,14.3,82.1,44.3,63.4,9.7,8.2,12.2,100.0,105.9,116.6,10.0,20.0,1.0,3.0,7.0,1.0,7.0,8.0,1.0,2.0,7.0,8.0,7.0,3.0,1.0,4.0,3.0,28.0,7.0,1.5,1.5,1.0,0.778,11.8,29.8,14.5,79.0,5.6,23.7,20.0,33.9,273.0,126.0,78.4,80.4
156,NYK,128,0,DET,98,1,2024-11-01,2025,True,240.0,52.0,101.0,0.515,18.0,38.0,0.474,6.0,10.0,0.6,12.0,33.0,45.0,31.0,16.0,3.0,10.0,14.0,0.607,0.604,0.376,0.099,27.3,84.6,54.2,59.6,16.0,6.4,8.7,100.0,128.1,98.0,14.0,22.0,1.0,6.0,8.0,0.75,2.0,4.0,1.0,3.0,8.0,11.0,7.0,4.0,1.0,3.0,3.0,36.0,31.0,1.0,1.0,0.667,0.182,20.0,35.8,23.2,32.2,9.4,6.2,100.0,34.9,210.0,108.0,41.0,81.0,0.506,11.0,34.0,0.324,5.0,7.0,0.714,6.0,32.0,38.0,23.0,6.0,9.0,22.0,12.0,0.583,0.574,0.42,0.086,15.4,72.7,45.8,56.1,6.0,14.3,20.7,100.0,98.0,128.1,10.0,19.0,1.0,2.0,7.0,0.5,2.0,2.0,1.0,2.0,8.0,8.0,6.0,1.0,3.0,4.0,2.0,22.0,12.0,1.0,1.0,1.0,1.0,16.4,35.7,22.1,34.5,6.4,20.4,51.0,32.9,119.0,137.0,80.4,78.4
157,ORL,109,0,CLE,120,1,2024-11-01,2025,False,240.0,41.0,90.0,0.456,11.0,33.0,0.333,16.0,24.0,0.667,7.0,32.0,39.0,26.0,10.0,4.0,14.0,17.0,0.542,0.517,0.367,0.267,14.3,82.1,44.3,63.4,9.7,8.2,12.2,100.0,105.9,116.6,10.0,20.0,1.0,3.0,7.0,1.0,7.0,8.0,1.0,2.0,7.0,8.0,7.0,3.0,1.0,4.0,3.0,28.0,7.0,1.5,1.5,1.0,0.778,11.8,29.8,14.5,79.0,5.6,23.7,20.0,33.9,273.0,126.0,44.0,87.0,0.506,15.0,38.0,0.395,17.0,20.0,0.85,7.0,42.0,49.0,25.0,6.0,4.0,13.0,21.0,0.626,0.592,0.437,0.23,17.9,85.7,55.7,56.8,5.8,7.0,11.9,100.0,116.6,105.9,9.0,16.0,1.0,3.0,9.0,0.667,6.0,6.0,1.0,2.0,11.0,12.0,7.0,2.0,1.0,3.0,5.0,25.0,18.0,1.064,1.0,1.0,2.0,31.0,36.2,27.5,75.9,4.4,21.2,40.0,33.7,227.0,112.0,33.9,80.0
158,CHA,109,1,BOS,124,0,2024-11-01,2025,False,240.0,42.0,91.0,0.462,19.0,48.0,0.396,6.0,12.0,0.5,12.0,30.0,42.0,20.0,5.0,5.0,16.0,26.0,0.566,0.566,0.527,0.132,28.6,73.2,50.6,47.6,5.2,11.4,14.3,100.0,112.4,127.9,12.0,25.0,1.0,5.0,14.0,1.0,2.0,3.0,0.667,6.0,7.0,7.0,5.0,1.0,2.0,4.0,6.0,31.0,4.0,1.333,1.333,1.0,2.0,43.4,30.8,25.6,31.6,2.7,14.0,34.7,41.6,267.0,134.0,41.0,86.0,0.477,13.0,42.0,0.31,29.0,35.0,0.829,11.0,30.0,41.0,21.0,12.0,5.0,10.0,13.0,0.611,0.552,0.488,0.407,26.8,71.4,49.4,51.2,12.4,11.6,9.0,100.0,127.9,112.4,9.0,19.0,1.0,3.0,10.0,0.667,11.0,13.0,1.0,4.0,10.0,11.0,5.0,5.0,2.0,5.0,4.0,32.0,20.0,1.0,1.0,1.0,1.0,19.1,32.1,17.9,21.6,8.9,9.5,25.0,35.9,190.0,125.0,80.0,33.9
159,BOS,124,0,CHA,109,1,2024-11-01,2025,True,240.0,41.0,86.0,0.477,13.0,42.0,0.31,29.0,35.0,0.829,11.0,30.0,41.0,21.0,12.0,5.0,10.0,13.0,0.611,0.552,0.488,0.407,26.8,71.4,49.4,51.2,12.4,11.6,9.0,100.0,127.9,112.4,9.0,19.0,1.0,3.0,10.0,0.667,11.0,13.0,1.0,4.0,10.0,11.0,5.0,5.0,2.0,5.0,4.0,32.0,20.0,1.0,1.0,1.0,1.0,19.1,32.1,17.9,21.6,8.9,9.5,25.0,35.9,190.0,125.0,42.0,91.0,0.462,19.0,48.0,0.396,6.0,12.0,0.5,12.0,30.0,42.0,20.0,5.0,5.0,16.0,26.0,0.566,0.566,0.527,0.132,28.6,73.2,50.6,47.6,5.2,11.4,14.3,100.0,112.4,127.9,12.0,25.0,1.0,5.0,14.0,1.0,2.0,3.0,0.667,6.0,7.0,7.0,5.0,1.0,2.0,4.0,6.0,31.0,4.0,1.333,1.333,1.0,2.0,43.4,30.8,25.6,31.6,2.7,14.0,34.7,41.6,267.0,134.0,69.39999999999999,93.9
160,WAS,98,1,MIA,118,0,2024-11-02,2025,False,240.0,38.0,91.0,0.418,7.0,35.0,0.2,15.0,21.0,0.714,8.0,36.0,44.0,23.0,12.0,10.0,12.0,22.0,0.489,0.456,0.385,0.231,15.4,63.2,40.4,60.5,11.7,15.4,10.7,100.0,95.6,115.1,8.0,18.0,0.8,2.0,8.0,1.0,4.0,6.0,1.0,3.0,7.0,8.0,8.0,4.0,4.0,4.0,4.0,22.0,3.0,1.0,1.0,1.0,0.667,11.5,28.6,19.2,59.3,14.3,10.9,20.5,39.3,161.0,129.0,43.0,102.0,0.422,15.0,37.0,0.405,17.0,24.0,0.708,21.0,44.0,65.0,19.0,6.0,3.0,14.0,18.0,0.524,0.495,0.363,0.235,36.8,84.6,59.6,44.2,5.9,5.4,11.1,100.0,115.1,95.6,12.0,24.0,1.0,5.0,7.0,0.714,6.0,8.0,1.0,6.0,9.0,14.0,4.0,3.0,2.0,4.0,6.0,32.0,29.0,1.0,1.0,0.875,0.667,18.4,75.9,36.2,21.7,6.1,12.5,50.0,46.8,178.0,102.0,72.5,36.2
161,PHI,107,1,MEM,124,0,2024-11-02,2025,False,240.0,36.0,89.0,0.404,19.0,46.0,0.413,16.0,20.0,0.8,8.0,25.0,33.0,22.0,11.0,5.0,14.0,19.0,0.547,0.511,0.517,0.225,16.3,69.4,38.8,61.1,10.9,8.3,12.5,100.0,106.3,123.1,8.0,19.0,1.0,4.0,10.0,0.75,7.0,10.0,1.0,2.0,7.0,9.0,6.0,3.0,3.0,4.0,5.0,23.0,3.0,1.025,1.125,1.0,1.429,67.6,31.9,38.9,54.9,4.6,11.8,50.0,59.2,253.0,133.0,48.0,87.0,0.552,12.0,27.0,0.444,16.0,21.0,0.762,11.0,41.0,52.0,35.0,9.0,6.0,17.0,22.0,0.644,0.621,0.31,0.241,30.6,83.7,61.2,72.9,8.9,14.0,15.0,100.0,123.1,106.3,11.0,16.0,0.7,5.0,7.0,0.714,6.0,8.0,1.0,5.0,12.0,13.0,13.0,3.0,2.0,6.0,5.0,27.0,21.0,0.958,0.95,0.8,0.615,30.3,33.8,25.7,51.9,4.6,8.6,37.5,31.2,182.0,117.0,36.2,72.5
162,TOR,131,1,SAC,128,0,2024-11-02,2025,True,265.0,46.0,95.0,0.484,17.0,37.0,0.459,22.0,31.0,0.71,12.0,34.0,46.0,31.0,13.0,3.0,19.0,25.0,0.603,0.574,0.389,0.326,26.1,69.4,48.4,67.4,11.5,5.0,14.9,100.0,116.0,113.4,10.0,26.0,0.75,4.0,9.0,0.8,8.0,11.0,1.0,5.0,7.0,9.0,7.0,5.0,1.0,5.0,6.0,31.0,17.0,0.917,0.917,1.0,2.0,35.5,21.7,20.6,49.1,6.3,5.4,45.5,34.2,166.0,124.0,46.0,100.0,0.46,10.0,40.0,0.25,26.0,32.0,0.813,15.0,34.0,49.0,21.0,16.0,3.0,18.0,22.0,0.561,0.51,0.4,0.32,30.6,73.9,51.6,45.7,14.2,5.2,13.6,100.0,113.4,116.0,12.0,27.0,0.563,3.0,11.0,0.5,8.0,10.0,1.0,7.0,13.0,20.0,10.0,5.0,2.0,6.0,6.0,33.0,12.0,0.694,0.75,1.0,1.0,17.7,35.0,26.1,31.1,18.1,6.9,100.0,33.8,146.0,125.0,78.1,50.199999999999996
163,POR,97,0,PHO,103,1,2024-11-02,2025,False,240.0,37.0,111.0,0.333,14.0,43.0,0.326,9.0,11.0,0.818,14.0,42.0,56.0,17.0,10.0,5.0,6.0,18.0,0.419,0.396,0.387,0.099,21.9,76.4,47.1,45.9,9.7,12.2,4.9,100.0,94.5,100.4,8.0,25.0,0.714,4.0,13.0,0.5,3.0,3.0,1.0,5.0,12.0,13.0,6.0,2.0,2.0,1.0,2.0,20.0,18.0,0.857,0.857,0.571,0.667,10.9,34.4,17.2,49.9,8.0,10.0,20.5,27.8,149.0,109.0,35.0,93.0,0.376,17.0,52.0,0.327,16.0,22.0,0.727,13.0,50.0,63.0,29.0,4.0,8.0,14.0,10.0,0.502,0.468,0.559,0.237,23.6,78.1,52.9,82.9,3.9,11.8,12.0,100.0,100.4,94.5,9.0,23.0,0.583,4.0,10.0,0.571,8.0,9.0,1.0,3.0,13.0,15.0,9.0,1.0,3.0,3.0,3.0,28.0,15.0,0.75,0.75,1.0,1.0,7.3,40.6,25.2,52.1,3.4,11.4,25.8,31.9,142.0,101.0,61.599999999999994,55.2
164,PHO,103,1,POR,97,0,2024-11-02,2025,True,240.0,35.0,93.0,0.376,17.0,52.0,0.327,16.0,22.0,0.727,13.0,50.0,63.0,29.0,4.0,8.0,14.0,10.0,0.502,0.468,0.559,0.237,23.6,78.1,52.9,82.9,3.9,11.8,12.0,100.0,100.4,94.5,9.0,23.0,0.583,4.0,10.0,0.571,8.0,9.0,1.0,3.0,13.0,15.0,9.0,1.0,3.0,3.0,3.0,28.0,15.0,0.75,0.75,1.0,1.0,7.3,40.6,25.2,52.1,3.4,11.4,25.8,31.9,142.0,101.0,37.0,111.0,0.333,14.0,43.0,0.326,9.0,11.0,0.818,14.0,42.0,56.0,17.0,10.0,5.0,6.0,18.0,0.419,0.396,0.387,0.099,21.9,76.4,47.1,45.9,9.7,12.2,4.9,100.0,94.5,100.4,8.0,25.0,0.714,4.0,13.0,0.5,3.0,3.0,1.0,5.0,12.0,13.0,6.0,2.0,2.0,1.0,2.0,20.0,18.0,0.857,0.857,0.571,0.667,10.9,34.4,17.2,49.9,8.0,10.0,20.5,27.8,149.0,109.0,56.7,82.7
165,SAS,113,1,MIN,103,0,2024-11-02,2025,True,240.0,43.0,83.0,0.518,13.0,42.0,0.31,14.0,17.0,0.824,7.0,37.0,44.0,32.0,6.0,5.0,13.0,16.0,0.624,0.596,0.506,0.205,21.2,86.0,57.9,74.4,6.3,11.1,12.6,100.0,118.8,108.2,10.0,17.0,0.7,3.0,8.0,0.5,4.0,5.0,1.0,2.0,9.0,10.0,13.0,2.0,2.0,3.0,4.0,25.0,13.0,0.902,0.833,0.778,0.667,9.9,84.8,48.0,53.9,4.0,8.4,34.0,35.2,166.0,115.0,39.0,82.0,0.476,11.0,37.0,0.297,14.0,20.0,0.7,6.0,26.0,32.0,21.0,7.0,2.0,13.0,16.0,0.567,0.543,0.451,0.244,14.0,78.8,42.1,53.8,7.4,4.9,12.5,100.0,108.2,118.8,8.0,17.0,1.0,3.0,7.0,1.0,5.0,6.0,1.0,1.0,5.0,5.0,6.0,3.0,1.0,3.0,3.0,21.0,7.0,1.064,1.5,1.0,2.0,5.3,46.4,20.2,78.6,7.2,4.9,33.3,32.0,177.0,126.0,103.1,84.9
166,SAC,128,0,TOR,131,1,2024-11-02,2025,False,265.0,46.0,100.0,0.46,10.0,40.0,0.25,26.0,32.0,0.813,15.0,34.0,49.0,21.0,16.0,3.0,18.0,22.0,0.561,0.51,0.4,0.32,30.6,73.9,51.6,45.7,14.2,5.2,13.6,100.0,113.4,116.0,12.0,27.0,0.563,3.0,11.0,0.5,8.0,10.0,1.0,7.0,13.0,20.0,10.0,5.0,2.0,6.0,6.0,33.0,12.0,0.694,0.75,1.0,1.0,17.7,35.0,26.1,31.1,18.1,6.9,100.0,33.8,146.0,125.0,46.0,95.0,0.484,17.0,37.0,0.459,22.0,31.0,0.71,12.0,34.0,46.0,31.0,13.0,3.0,19.0,25.0,0.603,0.574,0.389,0.326,26.1,69.4,48.4,67.4,11.5,5.0,14.9,100.0,116.0,113.4,10.0,26.0,0.75,4.0,9.0,0.8,8.0,11.0,1.0,5.0,7.0,9.0,7.0,5.0,1.0,5.0,6.0,31.0,17.0,0.917,0.917,1.0,2.0,35.5,21.7,20.6,49.1,6.3,5.4,45.5,34.2,166.0,124.0,55.2,61.599999999999994
167,MIN,103,0,SAS,113,1,2024-11-02,2025,False,240.0,39.0,82.0,0.476,11.0,37.0,0.297,14.0,20.0,0.7,6.0,26.0,32.0,21.0,7.0,2.0,13.0,16.0,0.567,0.543,0.451,0.244,14.0,78.8,42.1,53.8,7.4,4.9,12.5,100.0,108.2,118.8,8.0,17.0,1.0,3.0,7.0,1.0,5.0,6.0,1.0,1.0,5.0,5.0,6.0,3.0,1.0,3.0,3.0,21.0,7.0,1.064,1.5,1.0,2.0,5.3,46.4,20.2,78.6,7.2,4.9,33.3,32.0,177.0,126.0,43.0,83.0,0.518,13.0,42.0,0.31,14.0,17.0,0.824,7.0,37.0,44.0,32.0,6.0,5.0,13.0,16.0,0.624,0.596,0.506,0.205,21.2,86.0,57.9,74.4,6.3,11.1,12.6,100.0,118.8,108.2,10.0,17.0,0.7,3.0,8.0,0.5,4.0,5.0,1.0,2.0,9.0,10.0,13.0,2.0,2.0,3.0,4.0,25.0,13.0,0.902,0.833,0.778,0.667,9.9,84.8,48.0,53.9,4.0,8.4,34.0,35.2,166.0,115.0,82.7,56.7
168,MEM,124,0,PHI,107,1,2024-11-02,2025,True,240.0,48.0,87.0,0.552,12.0,27.0,0.444,16.0,21.0,0.762,11.0,41.0,52.0,35.0,9.0,6.0,17.0,22.0,0.644,0.621,0.31,0.241,30.6,83.7,61.2,72.9,8.9,14.0,15.0,100.0,123.1,106.3,11.0,16.0,0.7,5.0,7.0,0.714,6.0,8.0,1.0,5.0,12.0,13.0,13.0,3.0,2.0,6.0,5.0,27.0,21.0,0.958,0.95,0.8,0.615,30.3,33.8,25.7,51.9,4.6,8.6,37.5,31.2,182.0,117.0,36.0,89.0,0.404,19.0,46.0,0.413,16.0,20.0,0.8,8.0,25.0,33.0,22.0,11.0,5.0,14.0,19.0,0.547,0.511,0.517,0.225,16.3,69.4,38.8,61.1,10.9,8.3,12.5,100.0,106.3,123.1,8.0,19.0,1.0,4.0,10.0,0.75,7.0,10.0,1.0,2.0,7.0,9.0,6.0,3.0,3.0,4.0,5.0,23.0,3.0,1.025,1.125,1.0,1.429,67.6,31.9,38.9,54.9,4.6,11.8,50.0,59.2,253.0,133.0,84.9,103.1
169,MIA,118,0,WAS,98,1,2024-11-02,2025,True,240.0,43.0,102.0,0.422,15.0,37.0,0.405,17.0,24.0,0.708,21.0,44.0,65.0,19.0,6.0,3.0,14.0,18.0,0.524,0.495,0.363,0.235,36.8,84.6,59.6,44.2,5.9,5.4,11.1,100.0,115.1,95.6,12.0,24.0,1.0,5.0,7.0,0.714,6.0,8.0,1.0,6.0,9.0,14.0,4.0,3.0,2.0,4.0,6.0,32.0,29.0,1.0,1.0,0.875,0.667,18.4,75.9,36.2,21.7,6.1,12.5,50.0,46.8,178.0,102.0,38.0,91.0,0.418,7.0,35.0,0.2,15.0,21.0,0.714,8.0,36.0,44.0,23.0,12.0,10.0,12.0,22.0,0.489,0.456,0.385,0.231,15.4,63.2,40.4,60.5,11.7,15.4,10.7,100.0,95.6,115.1,8.0,18.0,0.8,2.0,8.0,1.0,4.0,6.0,1.0,3.0,7.0,8.0,8.0,4.0,4.0,4.0,4.0,22.0,3.0,1.0,1.0,1.0,0.667,11.5,28.6,19.2,59.3,14.3,10.9,20.5,39.3,161.0,129.0,50.199999999999996,78.1
170,CLE,114,0,MIL,113,1,2024-11-02,2025,True,240.0,44.0,91.0,0.484,15.0,38.0,0.395,11.0,15.0,0.733,10.0,35.0,45.0,31.0,3.0,2.0,7.0,20.0,0.584,0.566,0.418,0.165,22.2,77.8,50.0,70.5,3.2,4.0,6.7,100.0,120.1,119.0,11.0,25.0,0.8,5.0,9.0,0.75,4.0,6.0,1.0,2.0,10.0,12.0,10.0,1.0,1.0,2.0,5.0,30.0,12.0,1.105,1.1,0.9,0.6,7.6,32.9,19.7,42.6,2.2,4.6,25.4,36.9,234.0,124.0,43.0,89.0,0.483,18.0,39.0,0.462,9.0,15.0,0.6,10.0,35.0,45.0,24.0,3.0,3.0,13.0,23.0,0.591,0.584,0.438,0.169,22.2,77.8,50.0,55.8,3.2,5.7,12.0,100.0,119.0,120.1,15.0,27.0,0.857,10.0,15.0,0.8,5.0,8.0,0.625,6.0,10.0,16.0,9.0,1.0,2.0,3.0,5.0,41.0,10.0,1.143,1.143,1.0,0.333,16.5,37.0,22.0,45.4,1.6,5.2,50.0,34.2,242.0,125.0,94.80000000000001,86.8
171,UTA,103,0,DEN,129,1,2024-11-02,2025,False,240.0,32.0,77.0,0.416,13.0,42.0,0.31,26.0,31.0,0.839,8.0,31.0,39.0,24.0,7.0,8.0,24.0,22.0,0.568,0.5,0.545,0.403,19.5,62.0,42.9,75.0,6.7,11.9,20.9,100.0,98.3,123.2,6.0,14.0,0.833,4.0,11.0,1.0,8.0,12.0,1.0,4.0,10.0,14.0,8.0,2.0,5.0,4.0,4.0,18.0,5.0,0.798,0.833,1.0,2.0,16.0,32.7,25.2,52.5,3.4,12.2,40.0,25.8,141.0,133.0,48.0,99.0,0.485,16.0,32.0,0.5,17.0,23.0,0.739,19.0,33.0,52.0,33.0,14.0,1.0,18.0,25.0,0.591,0.566,0.323,0.232,38.0,80.5,57.1,68.8,13.4,2.9,14.2,100.0,123.2,98.3,10.0,18.0,1.0,4.0,6.0,0.75,4.0,4.0,1.0,6.0,11.0,16.0,9.0,5.0,1.0,5.0,5.0,27.0,31.0,1.0,1.0,0.545,0.6,40.7,54.0,33.5,88.2,21.2,33.2,33.7,31.7,205.0,109.0,67.5,83.0
172,MIL,113,1,CLE,114,0,2024-11-02,2025,False,240.0,43.0,89.0,0.483,18.0,39.0,0.462,9.0,15.0,0.6,10.0,35.0,45.0,24.0,3.0,3.0,13.0,23.0,0.591,0.584,0.438,0.169,22.2,77.8,50.0,55.8,3.2,5.7,12.0,100.0,119.0,120.1,15.0,27.0,0.857,10.0,15.0,0.8,5.0,8.0,0.625,6.0,10.0,16.0,9.0,1.0,2.0,3.0,5.0,41.0,10.0,1.143,1.143,1.0,0.333,16.5,37.0,22.0,45.4,1.6,5.2,50.0,34.2,242.0,125.0,44.0,91.0,0.484,15.0,38.0,0.395,11.0,15.0,0.733,10.0,35.0,45.0,31.0,3.0,2.0,7.0,20.0,0.584,0.566,0.418,0.165,22.2,77.8,50.0,70.5,3.2,4.0,6.7,100.0,120.1,119.0,11.0,25.0,0.8,5.0,9.0,0.75,4.0,6.0,1.0,2.0,10.0,12.0,10.0,1.0,1.0,2.0,5.0,30.0,12.0,1.105,1.1,0.9,0.6,7.6,32.9,19.7,42.6,2.2,4.6,25.4,36.9,234.0,124.0,83.0,67.5
173,LAC,92,1,OKC,105,0,2024-11-02,2025,False,240.0,32.0,79.0,0.405,11.0,35.0,0.314,17.0,26.0,0.654,10.0,40.0,50.0,23.0,10.0,7.0,22.0,17.0,0.509,0.475,0.443,0.329,20.8,93.0,54.9,71.9,10.0,15.6,19.6,100.0,91.6,104.5,9.0,14.0,1.0,3.0,9.0,1.0,6.0,6.0,1.0,3.0,13.0,13.0,7.0,3.0,3.0,4.0,4.0,24.0,7.0,1.0,1.0,0.8,1.0,20.3,44.7,22.3,44.1,4.7,25.3,58.1,30.4,234.0,114.0,36.0,84.0,0.429,16.0,39.0,0.41,17.0,19.0,0.895,3.0,38.0,41.0,25.0,11.0,3.0,12.0,22.0,0.568,0.524,0.464,0.226,7.0,79.2,45.1,69.4,10.9,6.8,11.5,100.0,104.5,91.6,7.0,16.0,1.0,4.0,8.0,1.0,9.0,9.0,1.0,1.0,13.0,14.0,9.0,3.0,1.0,4.0,4.0,25.0,21.0,1.5,1.5,1.0,0.643,5.0,44.3,25.2,54.5,11.8,4.4,100.0,30.8,300.0,102.0,50.2,76.3
174,CHA,103,1,BOS,113,0,2024-11-02,2025,False,240.0,40.0,91.0,0.44,17.0,42.0,0.405,6.0,9.0,0.667,7.0,27.0,34.0,24.0,10.0,1.0,13.0,25.0,0.542,0.533,0.462,0.099,16.3,77.1,43.6,60.0,10.2,3.3,12.0,100.0,105.3,115.5,15.0,26.0,0.667,6.0,12.0,0.8,2.0,2.0,1.0,4.0,8.0,8.0,6.0,3.0,1.0,6.0,6.0,36.0,-1.0,1.0,1.0,0.833,0.333,100.0,35.1,59.6,37.6,4.6,5.1,53.2,43.0,178.0,126.0,36.0,82.0,0.439,16.0,52.0,0.308,25.0,28.0,0.893,8.0,36.0,44.0,23.0,4.0,4.0,15.0,17.0,0.599,0.537,0.634,0.341,22.9,83.7,56.4,63.9,4.1,8.2,13.7,100.0,115.5,105.3,8.0,17.0,1.0,6.0,13.0,0.5,14.0,17.0,1.0,3.0,7.0,8.0,6.0,1.0,2.0,5.0,3.0,29.0,11.0,1.046,1.0,1.0,1.167,20.9,38.1,21.9,27.9,3.7,6.6,20.0,35.8,177.0,111.0,76.3,50.2
175,BOS,113,0,CHA,103,1,2024-11-02,2025,True,240.0,36.0,82.0,0.439,16.0,52.0,0.308,25.0,28.0,0.893,8.0,36.0,44.0,23.0,4.0,4.0,15.0,17.0,0.599,0.537,0.634,0.341,22.9,83.7,56.4,63.9,4.1,8.2,13.7,100.0,115.5,105.3,8.0,17.0,1.0,6.0,13.0,0.5,14.0,17.0,1.0,3.0,7.0,8.0,6.0,1.0,2.0,5.0,3.0,29.0,11.0,1.046,1.0,1.0,1.167,20.9,38.1,21.9,27.9,3.7,6.6,20.0,35.8,177.0,111.0,40.0,91.0,0.44,17.0,42.0,0.405,6.0,9.0,0.667,7.0,27.0,34.0,24.0,10.0,1.0,13.0,25.0,0.542,0.533,0.462,0.099,16.3,77.1,43.6,60.0,10.2,3.3,12.0,100.0,105.3,115.5,15.0,26.0,0.667,6.0,12.0,0.8,2.0,2.0,1.0,4.0,8.0,8.0,6.0,3.0,1.0,6.0,6.0,36.0,-1.0,1.0,1.0,0.833,0.333,100.0,35.1,59.6,37.6,4.6,5.1,53.2,43.0,178.0,126.0,83.39999999999999,87.89999999999999
176,GSW,127,0,HOU,121,1,2024-11-02,2025,True,265.0,40.0,78.0,0.513,15.0,32.0,0.469,32.0,50.0,0.64,9.0,38.0,47.0,26.0,5.0,4.0,14.0,22.0,0.635,0.609,0.41,0.641,22.5,67.9,49.0,65.0,4.8,6.5,12.3,100.0,121.7,115.9,9.0,14.0,1.0,6.0,10.0,1.0,7.0,10.0,0.75,4.0,7.0,11.0,6.0,1.0,1.0,4.0,6.0,27.0,18.0,1.071,1.5,1.0,2.667,14.9,23.1,18.8,46.1,4.8,4.2,19.6,35.9,212.0,126.0,44.0,107.0,0.411,15.0,45.0,0.333,18.0,24.0,0.75,18.0,31.0,49.0,27.0,10.0,6.0,11.0,32.0,0.515,0.481,0.421,0.224,32.1,77.5,51.0,61.4,9.6,13.0,8.6,100.0,115.9,121.7,11.0,19.0,1.0,5.0,13.0,1.0,6.0,6.0,1.0,6.0,8.0,11.0,5.0,4.0,3.0,3.0,6.0,27.0,19.0,1.5,1.5,1.0,0.6,19.2,45.0,26.8,48.0,5.7,9.8,50.0,41.9,234.0,130.0,87.89999999999999,83.39999999999999
177,HOU,121,1,GSW,127,0,2024-11-02,2025,False,265.0,44.0,107.0,0.411,15.0,45.0,0.333,18.0,24.0,0.75,18.0,31.0,49.0,27.0,10.0,6.0,11.0,32.0,0.515,0.481,0.421,0.224,32.1,77.5,51.0,61.4,9.6,13.0,8.6,100.0,115.9,121.7,11.0,19.0,1.0,5.0,13.0,1.0,6.0,6.0,1.0,6.0,8.0,11.0,5.0,4.0,3.0,3.0,6.0,27.0,19.0,1.5,1.5,1.0,0.6,19.2,45.0,26.8,48.0,5.7,9.8,50.0,41.9,234.0,130.0,40.0,78.0,0.513,15.0,32.0,0.469,32.0,50.0,0.64,9.0,38.0,47.0,26.0,5.0,4.0,14.0,22.0,0.635,0.609,0.41,0.641,22.5,67.9,49.0,65.0,4.8,6.5,12.3,100.0,121.7,115.9,9.0,14.0,1.0,6.0,10.0,1.0,7.0,10.0,0.75,4.0,7.0,11.0,6.0,1.0,1.0,4.0,6.0,27.0,18.0,1.071,1.5,1.0,2.667,14.9,23.1,18.8,46.1,4.8,4.2,19.6,35.9,212.0,126.0,76.3,60.599999999999994
178,OKC,105,0,LAC,92,1,2024-11-02,2025,True,240.0,36.0,84.0,0.429,16.0,39.0,0.41,17.0,19.0,0.895,3.0,38.0,41.0,25.0,11.0,3.0,12.0,22.0,0.568,0.524,0.464,0.226,7.0,79.2,45.1,69.4,10.9,6.8,11.5,100.0,104.5,91.6,7.0,16.0,1.0,4.0,8.0,1.0,9.0,9.0,1.0,1.0,13.0,14.0,9.0,3.0,1.0,4.0,4.0,25.0,21.0,1.5,1.5,1.0,0.643,5.0,44.3,25.2,54.5,11.8,4.4,100.0,30.8,300.0,102.0,32.0,79.0,0.405,11.0,35.0,0.314,17.0,26.0,0.654,10.0,40.0,50.0,23.0,10.0,7.0,22.0,17.0,0.509,0.475,0.443,0.329,20.8,93.0,54.9,71.9,10.0,15.6,19.6,100.0,91.6,104.5,9.0,14.0,1.0,3.0,9.0,1.0,6.0,6.0,1.0,3.0,13.0,13.0,7.0,3.0,3.0,4.0,4.0,24.0,7.0,1.0,1.0,0.8,1.0,20.3,44.7,22.3,44.1,4.7,25.3,58.1,30.4,234.0,114.0,60.599999999999994,76.3
179,DEN,129,1,UTA,103,0,2024-11-02,2025,True,240.0,48.0,99.0,0.485,16.0,32.0,0.5,17.0,23.0,0.739,19.0,33.0,52.0,33.0,14.0,1.0,18.0,25.0,0.591,0.566,0.323,0.232,38.0,80.5,57.1,68.8,13.4,2.9,14.2,100.0,123.2,98.3,10.0,18.0,1.0,4.0,6.0,0.75,4.0,4.0,1.0,6.0,11.0,16.0,9.0,5.0,1.0,5.0,5.0,27.0,31.0,1.0,1.0,0.545,0.6,40.7,54.0,33.5,88.2,21.2,33.2,33.7,31.7,205.0,109.0,32.0,77.0,0.416,13.0,42.0,0.31,26.0,31.0,0.839,8.0,31.0,39.0,24.0,7.0,8.0,24.0,22.0,0.568,0.5,0.545,0.403,19.5,62.0,42.9,75.0,6.7,11.9,20.9,100.0,98.3,123.2,6.0,14.0,0.833,4.0,11.0,1.0,8.0,12.0,1.0,4.0,10.0,14.0,8.0,2.0,5.0,4.0,4.0,18.0,5.0,0.798,0.833,1.0,2.0,16.0,32.7,25.2,52.5,3.4,12.2,40.0,25.8,141.0,133.0,86.8,94.80000000000001
180,NOP,111,1,ATL,126,0,2024-11-03,2025,False,240.0,39.0,90.0,0.433,16.0,38.0,0.421,17.0,20.0,0.85,18.0,25.0,43.0,22.0,6.0,3.0,18.0,16.0,0.562,0.522,0.422,0.222,36.7,71.4,51.2,56.4,6.2,5.8,15.4,100.0,114.9,130.5,12.0,19.0,0.75,4.0,8.0,1.0,5.0,6.0,1.0,6.0,6.0,7.0,7.0,1.0,1.0,6.0,4.0,32.0,9.0,0.875,0.875,1.0,0.6,27.6,77.3,48.3,34.6,2.8,3.6,100.0,37.9,173.0,137.0,50.0,88.0,0.568,15.0,36.0,0.417,11.0,12.0,0.917,10.0,31.0,41.0,29.0,10.0,3.0,16.0,17.0,0.675,0.653,0.409,0.136,28.6,63.3,48.8,58.0,10.4,5.8,14.6,100.0,130.5,114.9,12.0,20.0,1.0,5.0,10.0,1.0,5.0,6.0,1.0,2.0,7.0,9.0,12.0,3.0,2.0,4.0,4.0,29.0,32.0,1.333,1.333,0.857,0.3,11.1,19.0,13.7,48.7,5.0,4.9,25.0,30.9,188.0,127.0,59.300000000000004,33.2
181,DAL,108,1,ORL,85,0,2024-11-03,2025,True,240.0,42.0,85.0,0.494,10.0,32.0,0.313,14.0,23.0,0.609,12.0,41.0,53.0,25.0,8.0,5.0,19.0,22.0,0.568,0.553,0.376,0.271,28.6,75.9,55.2,59.5,8.0,9.6,16.6,100.0,108.2,85.1,11.0,22.0,0.75,5.0,13.0,0.5,6.0,7.0,0.857,4.0,8.0,11.0,7.0,2.0,2.0,4.0,3.0,32.0,25.0,0.875,0.875,1.0,1.0,38.4,31.0,27.4,41.8,5.5,23.7,53.2,38.6,144.0,98.0,31.0,93.0,0.333,8.0,41.0,0.195,15.0,19.0,0.789,13.0,30.0,43.0,19.0,8.0,4.0,15.0,22.0,0.419,0.376,0.441,0.204,24.1,71.4,44.8,61.3,8.0,7.5,12.9,100.0,85.1,108.2,6.0,15.0,0.5,2.0,8.0,0.5,4.0,4.0,1.0,2.0,6.0,6.0,6.0,2.0,2.0,6.0,4.0,13.0,4.0,0.58,0.583,1.0,0.667,34.0,33.4,19.1,58.5,10.8,6.3,75.0,27.8,125.0,117.0,97.4,70.1
182,ATL,126,0,NOP,111,1,2024-11-03,2025,True,240.0,50.0,88.0,0.568,15.0,36.0,0.417,11.0,12.0,0.917,10.0,31.0,41.0,29.0,10.0,3.0,16.0,17.0,0.675,0.653,0.409,0.136,28.6,63.3,48.8,58.0,10.4,5.8,14.6,100.0,130.5,114.9,12.0,20.0,1.0,5.0,10.0,1.0,5.0,6.0,1.0,2.0,7.0,9.0,12.0,3.0,2.0,4.0,4.0,29.0,32.0,1.333,1.333,0.857,0.3,11.1,19.0,13.7,48.7,5.0,4.9,25.0,30.9,188.0,127.0,39.0,90.0,0.433,16.0,38.0,0.421,17.0,20.0,0.85,18.0,25.0,43.0,22.0,6.0,3.0,18.0,16.0,0.562,0.522,0.422,0.222,36.7,71.4,51.2,56.4,6.2,5.8,15.4,100.0,114.9,130.5,12.0,19.0,0.75,4.0,8.0,1.0,5.0,6.0,1.0,6.0,6.0,7.0,7.0,1.0,1.0,6.0,4.0,32.0,9.0,0.875,0.875,1.0,0.6,27.6,77.3,48.3,34.6,2.8,3.6,100.0,37.9,173.0,137.0,33.2,59.300000000000004
183,BRK,92,1,DET,106,0,2024-11-03,2025,False,240.0,32.0,71.0,0.451,9.0,31.0,0.29,19.0,31.0,0.613,4.0,23.0,27.0,23.0,9.0,3.0,14.0,24.0,0.543,0.514,0.437,0.437,9.5,71.9,36.5,71.9,9.5,7.3,14.2,100.0,97.0,111.7,9.0,19.0,1.0,3.0,12.0,1.0,5.0,12.0,1.0,2.0,6.0,6.0,6.0,3.0,1.0,3.0,5.0,26.0,4.0,0.906,1.0,0.667,4.0,8.1,93.8,40.5,41.9,4.6,9.1,42.9,35.0,191.0,120.0,37.0,77.0,0.481,11.0,36.0,0.306,21.0,26.0,0.808,9.0,38.0,47.0,25.0,4.0,6.0,21.0,25.0,0.599,0.552,0.468,0.338,28.1,90.5,63.5,67.6,4.2,15.0,19.2,100.0,111.7,97.0,8.0,15.0,1.0,4.0,11.0,0.5,6.0,7.0,1.0,3.0,14.0,17.0,6.0,2.0,3.0,7.0,6.0,19.0,18.0,1.136,1.0,0.733,0.833,13.5,48.1,33.2,32.1,3.5,17.5,53.2,27.6,155.0,104.0,80.4,49.0
184,ORL,85,0,DAL,108,1,2024-11-03,2025,False,240.0,31.0,93.0,0.333,8.0,41.0,0.195,15.0,19.0,0.789,13.0,30.0,43.0,19.0,8.0,4.0,15.0,22.0,0.419,0.376,0.441,0.204,24.1,71.4,44.8,61.3,8.0,7.5,12.9,100.0,85.1,108.2,6.0,15.0,0.5,2.0,8.0,0.5,4.0,4.0,1.0,2.0,6.0,6.0,6.0,2.0,2.0,6.0,4.0,13.0,4.0,0.58,0.583,1.0,0.667,34.0,33.4,19.1,58.5,10.8,6.3,75.0,27.8,125.0,117.0,42.0,85.0,0.494,10.0,32.0,0.313,14.0,23.0,0.609,12.0,41.0,53.0,25.0,8.0,5.0,19.0,22.0,0.568,0.553,0.376,0.271,28.6,75.9,55.2,59.5,8.0,9.6,16.6,100.0,108.2,85.1,11.0,22.0,0.75,5.0,13.0,0.5,6.0,7.0,0.857,4.0,8.0,11.0,7.0,2.0,2.0,4.0,3.0,32.0,25.0,0.875,0.875,1.0,1.0,38.4,31.0,27.4,41.8,5.5,23.7,53.2,38.6,144.0,98.0,49.0,80.4
185,DET,106,0,BRK,92,1,2024-11-03,2025,True,240.0,37.0,77.0,0.481,11.0,36.0,0.306,21.0,26.0,0.808,9.0,38.0,47.0,25.0,4.0,6.0,21.0,25.0,0.599,0.552,0.468,0.338,28.1,90.5,63.5,67.6,4.2,15.0,19.2,100.0,111.7,97.0,8.0,15.0,1.0,4.0,11.0,0.5,6.0,7.0,1.0,3.0,14.0,17.0,6.0,2.0,3.0,7.0,6.0,19.0,18.0,1.136,1.0,0.733,0.833,13.5,48.1,33.2,32.1,3.5,17.5,53.2,27.6,155.0,104.0,32.0,71.0,0.451,9.0,31.0,0.29,19.0,31.0,0.613,4.0,23.0,27.0,23.0,9.0,3.0,14.0,24.0,0.543,0.514,0.437,0.437,9.5,71.9,36.5,71.9,9.5,7.3,14.2,100.0,97.0,111.7,9.0,19.0,1.0,3.0,12.0,1.0,5.0,12.0,1.0,2.0,6.0,6.0,6.0,3.0,1.0,3.0,5.0,26.0,4.0,0.906,1.0,0.667,4.0,8.1,93.8,40.5,41.9,4.6,9.1,42.9,35.0,191.0,120.0,70.1,97.4
186,CHA,93,0,MIN,114,1,2024-11-04,2025,False,240.0,35.0,88.0,0.398,10.0,42.0,0.238,13.0,16.0,0.813,9.0,29.0,38.0,19.0,10.0,1.0,14.0,22.0,0.489,0.455,0.477,0.182,20.0,76.3,45.8,54.3,10.5,2.4,12.8,100.0,97.2,119.2,6.0,15.0,1.0,2.0,8.0,0.5,5.0,7.0,1.0,2.0,5.0,6.0,6.0,2.0,1.0,5.0,3.0,19.0,7.0,1.0,1.0,0.75,0.5,31.0,45.6,26.1,66.2,7.3,5.5,50.0,41.3,142.0,128.0,39.0,79.0,0.494,18.0,38.0,0.474,18.0,26.0,0.692,9.0,36.0,45.0,23.0,7.0,8.0,15.0,19.0,0.63,0.608,0.481,0.329,23.7,80.0,54.2,59.0,7.3,17.4,14.2,100.0,119.2,97.2,9.0,13.0,0.8,5.0,7.0,0.714,5.0,7.0,1.0,3.0,7.0,9.0,4.0,2.0,2.0,4.0,4.0,25.0,33.0,0.901,0.885,1.0,0.667,15.1,46.5,25.2,43.5,8.9,12.4,53.2,26.5,166.0,108.0,33.2,95.4
187,MIN,114,1,CHA,93,0,2024-11-04,2025,True,240.0,39.0,79.0,0.494,18.0,38.0,0.474,18.0,26.0,0.692,9.0,36.0,45.0,23.0,7.0,8.0,15.0,19.0,0.63,0.608,0.481,0.329,23.7,80.0,54.2,59.0,7.3,17.4,14.2,100.0,119.2,97.2,9.0,13.0,0.8,5.0,7.0,0.714,5.0,7.0,1.0,3.0,7.0,9.0,4.0,2.0,2.0,4.0,4.0,25.0,33.0,0.901,0.885,1.0,0.667,15.1,46.5,25.2,43.5,8.9,12.4,53.2,26.5,166.0,108.0,35.0,88.0,0.398,10.0,42.0,0.238,13.0,16.0,0.813,9.0,29.0,38.0,19.0,10.0,1.0,14.0,22.0,0.489,0.455,0.477,0.182,20.0,76.3,45.8,54.3,10.5,2.4,12.8,100.0,97.2,119.2,6.0,15.0,1.0,2.0,8.0,0.5,5.0,7.0,1.0,2.0,5.0,6.0,6.0,2.0,1.0,5.0,3.0,19.0,7.0,1.0,1.0,0.75,0.5,31.0,45.6,26.1,66.2,7.3,5.5,50.0,41.3,142.0,128.0,95.4,33.2
188,POR,118,0,NOP,100,1,2024-11-04,2025,True,240.0,46.0,84.0,0.548,10.0,29.0,0.345,16.0,24.0,0.667,11.0,27.0,38.0,21.0,10.0,5.0,12.0,15.0,0.624,0.607,0.345,0.286,31.4,73.0,52.8,45.7,10.8,10.2,11.3,100.0,126.9,107.6,10.0,17.0,1.0,3.0,8.0,1.0,4.0,4.0,1.0,5.0,8.0,13.0,5.0,2.0,3.0,5.0,4.0,24.0,21.0,1.064,1.0,0.5,2.0,21.5,68.9,35.4,28.6,8.6,18.2,51.5,40.8,173.0,114.0,38.0,84.0,0.452,10.0,35.0,0.286,14.0,16.0,0.875,10.0,24.0,34.0,24.0,5.0,3.0,16.0,20.0,0.549,0.512,0.417,0.19,27.0,68.6,47.2,63.2,5.4,5.5,14.9,100.0,107.6,126.9,11.0,24.0,1.0,3.0,9.0,0.5,7.0,7.0,1.0,2.0,5.0,7.0,7.0,2.0,1.0,4.0,3.0,27.0,3.0,1.064,1.0,0.643,2.0,68.9,45.1,35.4,100.0,2.8,7.2,37.5,40.5,226.0,134.0,43.5,103.1
189,ORL,86,0,OKC,102,1,2024-11-04,2025,False,240.0,29.0,82.0,0.354,5.0,34.0,0.147,23.0,27.0,0.852,7.0,34.0,41.0,20.0,12.0,5.0,19.0,16.0,0.458,0.384,0.415,0.329,15.9,87.2,49.4,69.0,11.7,9.3,16.8,100.0,84.0,99.6,8.0,17.0,0.625,1.0,5.0,0.5,6.0,6.0,1.0,3.0,7.0,9.0,6.0,4.0,1.0,5.0,4.0,22.0,4.0,0.75,0.75,1.0,1.2,12.2,77.7,36.5,52.3,14.8,7.9,34.4,30.7,126.0,109.0,39.0,85.0,0.459,12.0,31.0,0.387,12.0,16.0,0.75,5.0,37.0,42.0,23.0,12.0,4.0,17.0,21.0,0.554,0.529,0.365,0.188,12.8,84.1,50.6,59.0,11.7,8.3,15.6,100.0,99.6,84.0,10.0,17.0,0.588,3.0,7.0,0.5,4.0,5.0,1.0,2.0,7.0,9.0,9.0,3.0,2.0,4.0,4.0,23.0,18.0,0.697,0.688,0.75,0.667,14.1,51.9,27.5,43.9,11.2,9.3,100.0,29.1,136.0,93.0,103.1,43.5
190,MIA,110,1,SAC,111,0,2024-11-04,2025,False,240.0,37.0,85.0,0.435,15.0,36.0,0.417,21.0,30.0,0.7,8.0,28.0,36.0,24.0,9.0,6.0,11.0,15.0,0.56,0.524,0.424,0.353,22.2,71.8,48.0,64.9,9.5,10.2,10.1,100.0,115.8,116.9,9.0,19.0,0.667,5.0,11.0,1.0,8.0,11.0,1.0,3.0,6.0,8.0,6.0,3.0,4.0,4.0,4.0,27.0,11.0,0.9,0.917,1.0,0.667,11.1,41.0,26.6,40.3,4.8,10.8,42.9,31.5,185.0,127.0,44.0,86.0,0.512,10.0,27.0,0.37,13.0,15.0,0.867,11.0,28.0,39.0,23.0,5.0,4.0,14.0,28.0,0.599,0.57,0.314,0.174,28.2,77.8,52.0,52.3,5.3,8.2,13.1,100.0,116.9,115.8,11.0,21.0,0.556,3.0,6.0,1.0,5.0,5.0,1.0,3.0,13.0,16.0,7.0,3.0,2.0,4.0,4.0,28.0,22.0,0.75,0.75,1.0,0.278,9.7,45.7,27.0,26.1,5.3,9.7,50.0,32.5,166.0,123.0,52.1,72.5
191,PHI,116,0,PHO,118,1,2024-11-04,2025,False,240.0,40.0,87.0,0.46,20.0,51.0,0.392,16.0,18.0,0.889,9.0,29.0,38.0,27.0,10.0,4.0,15.0,22.0,0.611,0.575,0.586,0.207,20.9,76.3,46.9,67.5,10.3,8.0,13.6,100.0,119.0,121.1,12.0,22.0,0.625,6.0,14.0,1.0,6.0,7.0,1.0,3.0,7.0,10.0,7.0,3.0,1.0,6.0,6.0,32.0,8.0,0.813,0.813,0.786,0.5,11.2,42.3,19.9,67.3,9.8,5.4,46.0,31.9,185.0,130.0,42.0,82.0,0.512,11.0,32.0,0.344,23.0,26.0,0.885,9.0,34.0,43.0,24.0,6.0,4.0,14.0,16.0,0.631,0.579,0.39,0.317,23.7,79.1,53.1,57.1,6.2,11.1,13.0,100.0,121.1,119.0,14.0,20.0,0.7,3.0,6.0,0.75,7.0,7.0,1.0,3.0,14.0,15.0,6.0,2.0,1.0,5.0,4.0,35.0,16.0,0.85,0.85,1.0,1.0,16.0,55.0,31.3,30.4,3.5,5.6,32.0,29.2,174.0,126.0,72.5,52.1
192,PHO,118,1,PHI,116,0,2024-11-04,2025,True,240.0,42.0,82.0,0.512,11.0,32.0,0.344,23.0,26.0,0.885,9.0,34.0,43.0,24.0,6.0,4.0,14.0,16.0,0.631,0.579,0.39,0.317,23.7,79.1,53.1,57.1,6.2,11.1,13.0,100.0,121.1,119.0,14.0,20.0,0.7,3.0,6.0,0.75,7.0,7.0,1.0,3.0,14.0,15.0,6.0,2.0,1.0,5.0,4.0,35.0,16.0,0.85,0.85,1.0,1.0,16.0,55.0,31.3,30.4,3.5,5.6,32.0,29.2,174.0,126.0,40.0,87.0,0.46,20.0,51.0,0.392,16.0,18.0,0.889,9.0,29.0,38.0,27.0,10.0,4.0,15.0,22.0,0.611,0.575,0.586,0.207,20.9,76.3,46.9,67.5,10.3,8.0,13.6,100.0,119.0,121.1,12.0,22.0,0.625,6.0,14.0,1.0,6.0,7.0,1.0,3.0,7.0,10.0,7.0,3.0,1.0,6.0,6.0,32.0,8.0,0.813,0.813,0.786,0.5,11.2,42.3,19.9,67.3,9.8,5.4,46.0,31.9,185.0,130.0,78.1,50.199999999999996
193,WAS,112,1,GSW,125,0,2024-11-04,2025,False,240.0,42.0,96.0,0.438,10.0,43.0,0.233,18.0,21.0,0.857,8.0,39.0,47.0,29.0,4.0,8.0,10.0,23.0,0.532,0.49,0.448,0.219,16.7,70.9,45.6,69.0,3.9,13.3,8.7,100.0,108.8,121.4,8.0,20.0,1.0,6.0,17.0,0.353,6.0,7.0,1.0,3.0,9.0,12.0,7.0,3.0,4.0,3.0,5.0,24.0,0.0,1.0,1.0,0.895,0.6,14.0,36.7,26.1,77.3,4.1,9.5,25.0,29.7,169.0,131.0,44.0,97.0,0.454,12.0,37.0,0.324,25.0,34.0,0.735,16.0,40.0,56.0,29.0,5.0,7.0,7.0,20.0,0.558,0.515,0.381,0.351,29.1,83.3,54.4,65.9,4.9,13.2,5.9,100.0,121.4,108.8,7.0,15.0,1.0,4.0,9.0,0.75,6.0,7.0,1.0,5.0,7.0,10.0,6.0,2.0,2.0,2.0,3.0,24.0,14.0,1.0,1.0,0.75,2.0,24.3,30.5,25.9,39.8,3.6,11.4,25.0,32.9,156.0,116.0,82.7,56.7
194,SAS,104,0,LAC,113,1,2024-11-04,2025,False,240.0,38.0,86.0,0.442,11.0,41.0,0.268,17.0,19.0,0.895,12.0,33.0,45.0,22.0,9.0,10.0,14.0,16.0,0.551,0.506,0.477,0.221,30.0,67.3,50.6,57.9,9.8,18.9,12.9,100.0,113.7,123.6,9.0,22.0,0.667,5.0,10.0,0.5,4.0,4.0,1.0,5.0,11.0,13.0,10.0,3.0,9.0,4.0,3.0,24.0,14.0,0.788,0.792,0.833,0.8,17.3,31.6,20.6,48.7,7.6,23.9,40.0,38.7,164.0,137.0,41.0,90.0,0.456,19.0,37.0,0.514,12.0,17.0,0.706,16.0,28.0,44.0,25.0,6.0,7.0,11.0,21.0,0.58,0.561,0.411,0.189,32.7,70.0,49.4,61.0,6.6,15.6,10.1,100.0,123.6,113.7,8.0,17.0,0.8,5.0,8.0,0.833,5.0,5.0,1.0,10.0,6.0,13.0,7.0,3.0,3.0,4.0,5.0,23.0,34.0,1.05,1.05,0.6,0.4,26.7,37.0,22.2,51.4,4.6,25.2,17.2,27.9,205.0,122.0,56.7,82.7
195,HOU,109,1,NYK,97,0,2024-11-04,2025,True,240.0,43.0,88.0,0.489,8.0,33.0,0.242,15.0,18.0,0.833,11.0,39.0,50.0,21.0,4.0,6.0,11.0,20.0,0.568,0.534,0.375,0.205,29.7,75.0,56.2,48.8,4.4,10.0,10.3,100.0,118.6,105.5,11.0,15.0,0.733,3.0,8.0,0.6,3.0,4.0,1.0,3.0,12.0,14.0,5.0,2.0,4.0,4.0,5.0,25.0,14.0,0.766,0.733,0.625,1.0,28.5,33.2,22.6,26.7,2.9,9.6,19.7,27.4,155.0,114.0,34.0,88.0,0.386,11.0,28.0,0.393,18.0,21.0,0.857,13.0,26.0,39.0,20.0,6.0,4.0,10.0,18.0,0.499,0.449,0.318,0.239,25.0,70.3,43.8,58.8,6.5,7.3,9.3,100.0,105.5,118.6,9.0,24.0,1.0,5.0,8.0,1.0,9.0,9.0,1.0,9.0,10.0,19.0,8.0,2.0,2.0,4.0,4.0,29.0,14.0,1.5,1.5,1.0,0.444,25.6,40.0,31.6,38.0,4.0,4.4,100.0,30.6,300.0,127.0,61.599999999999994,55.2
196,OKC,102,1,ORL,86,0,2024-11-04,2025,True,240.0,39.0,85.0,0.459,12.0,31.0,0.387,12.0,16.0,0.75,5.0,37.0,42.0,23.0,12.0,4.0,17.0,21.0,0.554,0.529,0.365,0.188,12.8,84.1,50.6,59.0,11.7,8.3,15.6,100.0,99.6,84.0,10.0,17.0,0.588,3.0,7.0,0.5,4.0,5.0,1.0,2.0,7.0,9.0,9.0,3.0,2.0,4.0,4.0,23.0,18.0,0.697,0.688,0.75,0.667,14.1,51.9,27.5,43.9,11.2,9.3,100.0,29.1,136.0,93.0,29.0,82.0,0.354,5.0,34.0,0.147,23.0,27.0,0.852,7.0,34.0,41.0,20.0,12.0,5.0,19.0,16.0,0.458,0.384,0.415,0.329,15.9,87.2,49.4,69.0,11.7,9.3,16.8,100.0,84.0,99.6,8.0,17.0,0.625,1.0,5.0,0.5,6.0,6.0,1.0,3.0,7.0,9.0,6.0,4.0,1.0,5.0,4.0,22.0,4.0,0.75,0.75,1.0,1.2,12.2,77.7,36.5,52.3,14.8,7.9,34.4,30.7,126.0,109.0,55.2,61.599999999999994
197,SAC,111,0,MIA,110,1,2024-11-04,2025,True,240.0,44.0,86.0,0.512,10.0,27.0,0.37,13.0,15.0,0.867,11.0,28.0,39.0,23.0,5.0,4.0,14.0,28.0,0.599,0.57,0.314,0.174,28.2,77.8,52.0,52.3,5.3,8.2,13.1,100.0,116.9,115.8,11.0,21.0,0.556,3.0,6.0,1.0,5.0,5.0,1.0,3.0,13.0,16.0,7.0,3.0,2.0,4.0,4.0,28.0,22.0,0.75,0.75,1.0,0.278,9.7,45.7,27.0,26.1,5.3,9.7,50.0,32.5,166.0,123.0,37.0,85.0,0.435,15.0,36.0,0.417,21.0,30.0,0.7,8.0,28.0,36.0,24.0,9.0,6.0,11.0,15.0,0.56,0.524,0.424,0.353,22.2,71.8,48.0,64.9,9.5,10.2,10.1,100.0,115.8,116.9,9.0,19.0,0.667,5.0,11.0,1.0,8.0,11.0,1.0,3.0,6.0,8.0,6.0,3.0,4.0,4.0,4.0,27.0,11.0,0.9,0.917,1.0,0.667,11.1,41.0,26.6,40.3,4.8,10.8,42.9,31.5,185.0,127.0,62.599999999999994,84.9
198,GSW,125,0,WAS,112,1,2024-11-04,2025,True,240.0,44.0,97.0,0.454,12.0,37.0,0.324,25.0,34.0,0.735,16.0,40.0,56.0,29.0,5.0,7.0,7.0,20.0,0.558,0.515,0.381,0.351,29.1,83.3,54.4,65.9,4.9,13.2,5.9,100.0,121.4,108.8,7.0,15.0,1.0,4.0,9.0,0.75,6.0,7.0,1.0,5.0,7.0,10.0,6.0,2.0,2.0,2.0,3.0,24.0,14.0,1.0,1.0,0.75,2.0,24.3,30.5,25.9,39.8,3.6,11.4,25.0,32.9,156.0,116.0,42.0,96.0,0.438,10.0,43.0,0.233,18.0,21.0,0.857,8.0,39.0,47.0,29.0,4.0,8.0,10.0,23.0,0.532,0.49,0.448,0.219,16.7,70.9,45.6,69.0,3.9,13.3,8.7,100.0,108.8,121.4,8.0,20.0,1.0,6.0,17.0,0.353,6.0,7.0,1.0,3.0,9.0,12.0,7.0,3.0,4.0,3.0,5.0,24.0,0.0,1.0,1.0,0.895,0.6,14.0,36.7,26.1,77.3,4.1,9.5,25.0,29.7,169.0,131.0,50.199999999999996,78.1
199,NOP,100,1,POR,118,0,2024-11-04,2025,False,240.0,38.0,84.0,0.452,10.0,35.0,0.286,14.0,16.0,0.875,10.0,24.0,34.0,24.0,5.0,3.0,16.0,20.0,0.549,0.512,0.417,0.19,27.0,68.6,47.2,63.2,5.4,5.5,14.9,100.0,107.6,126.9,11.0,24.0,1.0,3.0,9.0,0.5,7.0,7.0,1.0,2.0,5.0,7.0,7.0,2.0,1.0,4.0,3.0,27.0,3.0,1.064,1.0,0.643,2.0,68.9,45.1,35.4,100.0,2.8,7.2,37.5,40.5,226.0,134.0,46.0,84.0,0.548,10.0,29.0,0.345,16.0,24.0,0.667,11.0,27.0,38.0,21.0,10.0,5.0,12.0,15.0,0.624,0.607,0.345,0.286,31.4,73.0,52.8,45.7,10.8,10.2,11.3,100.0,126.9,107.6,10.0,17.0,1.0,3.0,8.0,1.0,4.0,4.0,1.0,5.0,8.0,13.0,5.0,2.0,3.0,5.0,4.0,24.0,21.0,1.064,1.0,0.5,2.0,21.5,68.9,35.4,28.6,8.6,18.2,51.5,40.8,173.0,114.0,86.8,67.5
200,LAC,113,1,SAS,104,0,2024-11-04,2025,True,240.0,41.0,90.0,0.456,19.0,37.0,0.514,12.0,17.0,0.706,16.0,28.0,44.0,25.0,6.0,7.0,11.0,21.0,0.58,0.561,0.411,0.189,32.7,70.0,49.4,61.0,6.6,15.6,10.1,100.0,123.6,113.7,8.0,17.0,0.8,5.0,8.0,0.833,5.0,5.0,1.0,10.0,6.0,13.0,7.0,3.0,3.0,4.0,5.0,23.0,34.0,1.05,1.05,0.6,0.4,26.7,37.0,22.2,51.4,4.6,25.2,17.2,27.9,205.0,122.0,38.0,86.0,0.442,11.0,41.0,0.268,17.0,19.0,0.895,12.0,33.0,45.0,22.0,9.0,10.0,14.0,16.0,0.551,0.506,0.477,0.221,30.0,67.3,50.6,57.9,9.8,18.9,12.9,100.0,113.7,123.6,9.0,22.0,0.667,5.0,10.0,0.5,4.0,4.0,1.0,5.0,11.0,13.0,10.0,3.0,9.0,4.0,3.0,24.0,14.0,0.788,0.792,0.833,0.8,17.3,31.6,20.6,48.7,7.6,23.9,40.0,38.7,164.0,137.0,84.9,62.599999999999994
201,MIL,114,0,CLE,116,1,2024-11-04,2025,False,240.0,42.0,86.0,0.488,17.0,35.0,0.486,13.0,15.0,0.867,7.0,42.0,49.0,21.0,6.0,6.0,15.0,15.0,0.616,0.587,0.407,0.174,17.1,89.4,55.7,50.0,6.0,11.1,13.9,100.0,114.0,116.0,11.0,22.0,1.0,7.0,9.0,1.0,9.0,9.0,1.0,3.0,15.0,18.0,7.0,4.0,3.0,8.0,3.0,36.0,8.0,1.5,1.5,1.0,0.409,17.5,39.4,25.3,32.3,5.4,6.9,23.6,40.6,267.0,123.0,46.0,91.0,0.505,17.0,37.0,0.459,7.0,13.0,0.538,5.0,34.0,39.0,28.0,10.0,4.0,10.0,15.0,0.6,0.599,0.407,0.143,10.6,82.9,44.3,60.9,10.0,7.8,9.4,100.0,116.0,114.0,15.0,22.0,0.75,7.0,11.0,0.636,4.0,6.0,1.0,2.0,14.0,15.0,8.0,2.0,3.0,4.0,5.0,39.0,20.0,0.852,0.841,1.0,0.4,7.8,47.2,23.6,43.7,5.1,8.9,100.0,32.2,155.0,123.0,83.0,93.9
202,MEM,104,0,BRK,106,1,2024-11-04,2025,False,240.0,43.0,91.0,0.473,8.0,30.0,0.267,10.0,13.0,0.769,13.0,31.0,44.0,29.0,5.0,8.0,15.0,16.0,0.538,0.516,0.33,0.143,34.2,72.1,54.3,67.4,5.4,16.7,13.4,100.0,112.0,114.2,11.0,22.0,0.917,3.0,6.0,1.0,4.0,4.0,1.0,5.0,7.0,12.0,9.0,2.0,4.0,3.0,5.0,25.0,5.0,0.908,0.958,0.6,0.4,22.0,27.2,24.8,46.9,9.5,13.9,20.2,35.3,152.0,119.0,40.0,84.0,0.476,13.0,36.0,0.361,13.0,18.0,0.722,12.0,25.0,37.0,28.0,7.0,1.0,14.0,22.0,0.577,0.554,0.429,0.214,27.9,65.8,45.7,70.0,7.5,1.6,13.2,100.0,114.2,112.0,8.0,17.0,0.727,5.0,8.0,0.75,4.0,5.0,1.0,5.0,6.0,8.0,6.0,2.0,1.0,4.0,5.0,20.0,16.0,0.868,0.864,1.0,1.0,19.9,28.5,20.6,28.0,4.9,3.0,28.6,27.6,168.0,118.0,76.3,49.0
203,BRK,106,1,MEM,104,0,2024-11-04,2025,True,240.0,40.0,84.0,0.476,13.0,36.0,0.361,13.0,18.0,0.722,12.0,25.0,37.0,28.0,7.0,1.0,14.0,22.0,0.577,0.554,0.429,0.214,27.9,65.8,45.7,70.0,7.5,1.6,13.2,100.0,114.2,112.0,8.0,17.0,0.727,5.0,8.0,0.75,4.0,5.0,1.0,5.0,6.0,8.0,6.0,2.0,1.0,4.0,5.0,20.0,16.0,0.868,0.864,1.0,1.0,19.9,28.5,20.6,28.0,4.9,3.0,28.6,27.6,168.0,118.0,43.0,91.0,0.473,8.0,30.0,0.267,10.0,13.0,0.769,13.0,31.0,44.0,29.0,5.0,8.0,15.0,16.0,0.538,0.516,0.33,0.143,34.2,72.1,54.3,67.4,5.4,16.7,13.4,100.0,112.0,114.2,11.0,22.0,0.917,3.0,6.0,1.0,4.0,4.0,1.0,5.0,7.0,12.0,9.0,2.0,4.0,3.0,5.0,25.0,5.0,0.908,0.958,0.6,0.4,22.0,27.2,24.8,46.9,9.5,13.9,20.2,35.3,152.0,119.0,49.0,76.3
204,CHI,126,1,UTA,135,0,2024-11-04,2025,False,240.0,45.0,95.0,0.474,14.0,37.0,0.378,22.0,25.0,0.88,10.0,26.0,36.0,36.0,7.0,7.0,9.0,23.0,0.594,0.547,0.389,0.263,21.3,68.4,42.4,80.0,6.9,13.2,7.8,100.0,124.3,133.2,10.0,19.0,0.692,6.0,9.0,0.667,7.0,7.0,1.0,3.0,9.0,10.0,7.0,2.0,3.0,3.0,6.0,28.0,5.0,0.777,0.692,0.556,1.0,13.5,34.6,17.2,30.2,6.0,8.3,18.5,27.9,160.0,139.0,48.0,89.0,0.539,16.0,36.0,0.444,23.0,30.0,0.767,12.0,37.0,49.0,35.0,3.0,6.0,13.0,18.0,0.66,0.629,0.404,0.337,31.6,78.7,57.6,72.9,3.0,10.3,11.3,100.0,133.2,124.3,12.0,18.0,0.857,6.0,12.0,0.571,11.0,13.0,1.0,6.0,10.0,16.0,9.0,1.0,3.0,3.0,5.0,33.0,16.0,0.783,0.857,1.0,1.0,23.9,33.2,28.5,42.1,1.6,7.8,50.0,27.8,183.0,130.0,62.5,80.4
205,NYK,97,0,HOU,109,1,2024-11-04,2025,False,240.0,34.0,88.0,0.386,11.0,28.0,0.393,18.0,21.0,0.857,13.0,26.0,39.0,20.0,6.0,4.0,10.0,18.0,0.499,0.449,0.318,0.239,25.0,70.3,43.8,58.8,6.5,7.3,9.3,100.0,105.5,118.6,9.0,24.0,1.0,5.0,8.0,1.0,9.0,9.0,1.0,9.0,10.0,19.0,8.0,2.0,2.0,4.0,4.0,29.0,14.0,1.5,1.5,1.0,0.444,25.6,40.0,31.6,38.0,4.0,4.4,100.0,30.6,300.0,127.0,43.0,88.0,0.489,8.0,33.0,0.242,15.0,18.0,0.833,11.0,39.0,50.0,21.0,4.0,6.0,11.0,20.0,0.568,0.534,0.375,0.205,29.7,75.0,56.2,48.8,4.4,10.0,10.3,100.0,118.6,105.5,11.0,15.0,0.733,3.0,8.0,0.6,3.0,4.0,1.0,3.0,12.0,14.0,5.0,2.0,4.0,4.0,5.0,25.0,14.0,0.766,0.733,0.625,1.0,28.5,33.2,22.6,26.7,2.9,9.6,19.7,27.4,155.0,114.0,87.89999999999999,60.599999999999994
206,ATL,93,1,BOS,123,0,2024-11-04,2025,False,240.0,37.0,89.0,0.416,6.0,31.0,0.194,13.0,16.0,0.813,8.0,35.0,43.0,23.0,9.0,3.0,20.0,13.0,0.484,0.449,0.348,0.18,17.0,76.1,46.2,62.2,8.6,6.8,17.2,100.0,88.5,117.1,8.0,20.0,0.8,2.0,7.0,0.667,4.0,5.0,1.0,5.0,9.0,11.0,6.0,4.0,2.0,6.0,2.0,20.0,4.0,0.919,1.0,0.6,2.0,22.3,31.1,22.6,35.5,8.8,10.5,33.3,38.1,173.0,126.0,48.0,99.0,0.485,18.0,55.0,0.327,9.0,13.0,0.692,11.0,39.0,50.0,27.0,15.0,7.0,13.0,14.0,0.587,0.576,0.556,0.131,23.9,83.0,53.8,56.3,14.3,12.1,11.0,100.0,117.1,88.5,10.0,21.0,0.75,6.0,14.0,0.5,2.0,3.0,1.0,2.0,6.0,7.0,9.0,2.0,2.0,3.0,3.0,28.0,31.0,0.922,0.875,0.727,0.667,13.3,32.6,23.1,43.9,10.9,7.5,36.8,33.9,200.0,95.0,60.599999999999994,87.89999999999999
207,IND,134,0,DAL,127,1,2024-11-04,2025,True,240.0,54.0,95.0,0.568,13.0,32.0,0.406,13.0,20.0,0.65,7.0,39.0,46.0,30.0,5.0,3.0,10.0,16.0,0.645,0.637,0.337,0.211,17.5,88.6,54.8,55.6,4.8,5.7,8.8,100.0,128.8,122.1,10.0,17.0,0.625,5.0,8.0,0.625,5.0,6.0,1.0,1.0,10.0,11.0,12.0,2.0,1.0,2.0,3.0,30.0,16.0,0.781,0.735,1.0,0.667,8.4,33.1,20.0,40.0,2.6,4.5,40.0,27.2,147.0,127.0,46.0,89.0,0.517,15.0,36.0,0.417,20.0,25.0,0.8,5.0,33.0,38.0,29.0,4.0,3.0,9.0,18.0,0.635,0.601,0.404,0.281,11.4,82.5,45.2,63.0,3.8,4.8,8.3,100.0,122.1,128.8,11.0,24.0,1.0,4.0,10.0,1.0,12.0,15.0,1.0,2.0,10.0,11.0,15.0,2.0,3.0,2.0,4.0,34.0,6.0,1.031,1.0,1.0,0.667,7.2,34.4,18.0,47.5,4.6,6.6,14.3,33.9,217.0,133.0,97.4,83.39999999999999
208,UTA,135,0,CHI,126,1,2024-11-04,2025,True,240.0,48.0,89.0,0.539,16.0,36.0,0.444,23.0,30.0,0.767,12.0,37.0,49.0,35.0,3.0,6.0,13.0,18.0,0.66,0.629,0.404,0.337,31.6,78.7,57.6,72.9,3.0,10.3,11.3,100.0,133.2,124.3,12.0,18.0,0.857,6.0,12.0,0.571,11.0,13.0,1.0,6.0,10.0,16.0,9.0,1.0,3.0,3.0,5.0,33.0,16.0,0.783,0.857,1.0,1.0,23.9,33.2,28.5,42.1,1.6,7.8,50.0,27.8,183.0,130.0,45.0,95.0,0.474,14.0,37.0,0.378,22.0,25.0,0.88,10.0,26.0,36.0,36.0,7.0,7.0,9.0,23.0,0.594,0.547,0.389,0.263,21.3,68.4,42.4,80.0,6.9,13.2,7.8,100.0,124.3,133.2,10.0,19.0,0.692,6.0,9.0,0.667,7.0,7.0,1.0,3.0,9.0,10.0,7.0,2.0,3.0,3.0,6.0,28.0,5.0,0.777,0.692,0.556,1.0,13.5,34.6,17.2,30.2,6.0,8.3,18.5,27.9,160.0,139.0,80.4,62.5
209,DEN,121,1,TOR,119,0,2024-11-04,2025,True,240.0,41.0,83.0,0.494,10.0,31.0,0.323,29.0,38.0,0.763,14.0,30.0,44.0,29.0,9.0,10.0,17.0,21.0,0.607,0.554,0.373,0.458,34.1,68.2,51.8,70.7,8.8,15.6,14.6,100.0,118.1,116.1,10.0,22.0,1.0,3.0,10.0,1.0,8.0,10.0,0.875,5.0,9.0,14.0,13.0,2.0,2.0,7.0,5.0,28.0,9.0,1.0,1.0,1.0,1.286,19.0,53.2,36.7,57.4,3.7,12.2,50.0,35.0,145.0,126.0,47.0,103.0,0.456,13.0,39.0,0.333,12.0,18.0,0.667,14.0,27.0,41.0,38.0,12.0,3.0,14.0,27.0,0.536,0.519,0.379,0.175,31.8,65.9,48.2,80.9,11.7,5.8,11.2,100.0,116.1,118.1,11.0,21.0,1.0,4.0,11.0,1.0,4.0,5.0,1.0,6.0,5.0,11.0,10.0,3.0,2.0,5.0,6.0,26.0,10.0,1.0,1.0,0.667,0.5,20.2,25.5,19.1,51.6,4.3,6.7,40.0,33.2,208.0,128.0,75.2,70.1
210,LAL,103,0,DET,115,1,2024-11-04,2025,False,240.0,37.0,85.0,0.435,9.0,25.0,0.36,20.0,27.0,0.741,7.0,30.0,37.0,28.0,8.0,1.0,13.0,16.0,0.532,0.488,0.294,0.318,15.6,63.8,40.2,75.7,8.1,1.6,11.8,100.0,104.1,116.2,13.0,23.0,1.0,3.0,10.0,1.0,11.0,14.0,1.0,3.0,8.0,9.0,11.0,2.0,1.0,4.0,4.0,37.0,10.0,1.25,1.25,0.588,0.609,34.8,36.4,18.6,46.2,5.3,2.2,100.0,36.0,250.0,126.0,45.0,96.0,0.469,8.0,34.0,0.235,17.0,22.0,0.773,17.0,38.0,55.0,22.0,6.0,5.0,12.0,25.0,0.544,0.51,0.354,0.229,36.2,84.4,59.8,48.9,6.1,8.3,10.2,100.0,116.2,104.1,10.0,17.0,0.714,4.0,8.0,0.5,5.0,7.0,1.0,8.0,9.0,14.0,11.0,2.0,2.0,4.0,5.0,26.0,20.0,0.764,0.75,0.667,0.444,34.3,26.8,30.6,41.4,5.8,6.5,21.2,26.6,165.0,111.0,70.1,75.2
211,CLE,116,1,MIL,114,0,2024-11-04,2025,True,240.0,46.0,91.0,0.505,17.0,37.0,0.459,7.0,13.0,0.538,5.0,34.0,39.0,28.0,10.0,4.0,10.0,15.0,0.6,0.599,0.407,0.143,10.6,82.9,44.3,60.9,10.0,7.8,9.4,100.0,116.0,114.0,15.0,22.0,0.75,7.0,11.0,0.636,4.0,6.0,1.0,2.0,14.0,15.0,8.0,2.0,3.0,4.0,5.0,39.0,20.0,0.852,0.841,1.0,0.4,7.8,47.2,23.6,43.7,5.1,8.9,100.0,32.2,155.0,123.0,42.0,86.0,0.488,17.0,35.0,0.486,13.0,15.0,0.867,7.0,42.0,49.0,21.0,6.0,6.0,15.0,15.0,0.616,0.587,0.407,0.174,17.1,89.4,55.7,50.0,6.0,11.1,13.9,100.0,114.0,116.0,11.0,22.0,1.0,7.0,9.0,1.0,9.0,9.0,1.0,3.0,15.0,18.0,7.0,4.0,3.0,8.0,3.0,36.0,8.0,1.5,1.5,1.0,0.409,17.5,39.4,25.3,32.3,5.4,6.9,23.6,40.6,267.0,123.0,76.3,77.1
212,BOS,123,0,ATL,93,1,2024-11-04,2025,True,240.0,48.0,99.0,0.485,18.0,55.0,0.327,9.0,13.0,0.692,11.0,39.0,50.0,27.0,15.0,7.0,13.0,14.0,0.587,0.576,0.556,0.131,23.9,83.0,53.8,56.3,14.3,12.1,11.0,100.0,117.1,88.5,10.0,21.0,0.75,6.0,14.0,0.5,2.0,3.0,1.0,2.0,6.0,7.0,9.0,2.0,2.0,3.0,3.0,28.0,31.0,0.922,0.875,0.727,0.667,13.3,32.6,23.1,43.9,10.9,7.5,36.8,33.9,200.0,95.0,37.0,89.0,0.416,6.0,31.0,0.194,13.0,16.0,0.813,8.0,35.0,43.0,23.0,9.0,3.0,20.0,13.0,0.484,0.449,0.348,0.18,17.0,76.1,46.2,62.2,8.6,6.8,17.2,100.0,88.5,117.1,8.0,20.0,0.8,2.0,7.0,0.667,4.0,5.0,1.0,5.0,9.0,11.0,6.0,4.0,2.0,6.0,2.0,20.0,4.0,0.919,1.0,0.6,2.0,22.3,31.1,22.6,35.5,8.8,10.5,33.3,38.1,173.0,126.0,77.1,76.3
213,DAL,127,1,IND,134,0,2024-11-04,2025,False,240.0,46.0,89.0,0.517,15.0,36.0,0.417,20.0,25.0,0.8,5.0,33.0,38.0,29.0,4.0,3.0,9.0,18.0,0.635,0.601,0.404,0.281,11.4,82.5,45.2,63.0,3.8,4.8,8.3,100.0,122.1,128.8,11.0,24.0,1.0,4.0,10.0,1.0,12.0,15.0,1.0,2.0,10.0,11.0,15.0,2.0,3.0,2.0,4.0,34.0,6.0,1.031,1.0,1.0,0.667,7.2,34.4,18.0,47.5,4.6,6.6,14.3,33.9,217.0,133.0,54.0,95.0,0.568,13.0,32.0,0.406,13.0,20.0,0.65,7.0,39.0,46.0,30.0,5.0,3.0,10.0,16.0,0.645,0.637,0.337,0.211,17.5,88.6,54.8,55.6,4.8,5.7,8.8,100.0,128.8,122.1,10.0,17.0,0.625,5.0,8.0,0.625,5.0,6.0,1.0,1.0,10.0,11.0,12.0,2.0,1.0,2.0,3.0,30.0,16.0,0.781,0.735,1.0,0.667,8.4,33.1,20.0,40.0,2.6,4.5,40.0,27.2,147.0,127.0,93.9,83.0
214,DET,115,1,LAL,103,0,2024-11-04,2025,True,240.0,45.0,96.0,0.469,8.0,34.0,0.235,17.0,22.0,0.773,17.0,38.0,55.0,22.0,6.0,5.0,12.0,25.0,0.544,0.51,0.354,0.229,36.2,84.4,59.8,48.9,6.1,8.3,10.2,100.0,116.2,104.1,10.0,17.0,0.714,4.0,8.0,0.5,5.0,7.0,1.0,8.0,9.0,14.0,11.0,2.0,2.0,4.0,5.0,26.0,20.0,0.764,0.75,0.667,0.444,34.3,26.8,30.6,41.4,5.8,6.5,21.2,26.6,165.0,111.0,37.0,85.0,0.435,9.0,25.0,0.36,20.0,27.0,0.741,7.0,30.0,37.0,28.0,8.0,1.0,13.0,16.0,0.532,0.488,0.294,0.318,15.6,63.8,40.2,75.7,8.1,1.6,11.8,100.0,104.1,116.2,13.0,23.0,1.0,3.0,10.0,1.0,11.0,14.0,1.0,3.0,8.0,9.0,11.0,2.0,1.0,4.0,4.0,37.0,10.0,1.25,1.25,0.588,0.609,34.8,36.4,18.6,46.2,5.3,2.2,100.0,36.0,250.0,126.0,67.5,86.8
215,TOR,119,0,DEN,121,1,2024-11-04,2025,False,240.0,47.0,103.0,0.456,13.0,39.0,0.333,12.0,18.0,0.667,14.0,27.0,41.0,38.0,12.0,3.0,14.0,27.0,0.536,0.519,0.379,0.175,31.8,65.9,48.2,80.9,11.7,5.8,11.2,100.0,116.1,118.1,11.0,21.0,1.0,4.0,11.0,1.0,4.0,5.0,1.0,6.0,5.0,11.0,10.0,3.0,2.0,5.0,6.0,26.0,10.0,1.0,1.0,0.667,0.5,20.2,25.5,19.1,51.6,4.3,6.7,40.0,33.2,208.0,128.0,41.0,83.0,0.494,10.0,31.0,0.323,29.0,38.0,0.763,14.0,30.0,44.0,29.0,9.0,10.0,17.0,21.0,0.607,0.554,0.373,0.458,34.1,68.2,51.8,70.7,8.8,15.6,14.6,100.0,118.1,116.1,10.0,22.0,1.0,3.0,10.0,1.0,8.0,10.0,0.875,5.0,9.0,14.0,13.0,2.0,2.0,7.0,5.0,28.0,9.0,1.0,1.0,1.0,1.286,19.0,53.2,36.7,57.4,3.7,12.2,50.0,35.0,145.0,126.0,83.39999999999999,97.4
216,TOR,107,0,SAC,122,1,2024-11-06,2025,False,240.0,43.0,88.0,0.489,10.0,34.0,0.294,11.0,15.0,0.733,8.0,26.0,34.0,25.0,7.0,1.0,12.0,23.0,0.566,0.545,0.386,0.17,20.0,63.4,42.0,58.1,7.4,1.8,11.3,100.0,112.4,128.2,9.0,19.0,0.727,3.0,7.0,0.667,4.0,5.0,1.0,4.0,7.0,8.0,6.0,2.0,1.0,3.0,4.0,23.0,8.0,0.842,0.818,0.778,0.667,26.5,46.2,23.4,44.1,3.1,5.5,27.3,35.5,163.0,132.0,42.0,90.0,0.467,10.0,35.0,0.286,28.0,32.0,0.875,15.0,32.0,47.0,26.0,7.0,5.0,10.0,13.0,0.586,0.522,0.389,0.356,36.6,80.0,58.0,61.9,7.4,9.3,8.8,100.0,128.2,112.4,11.0,21.0,1.0,3.0,8.0,0.5,9.0,10.0,1.0,7.0,7.0,12.0,13.0,2.0,4.0,3.0,4.0,27.0,16.0,1.037,1.0,1.0,2.0,23.4,49.9,24.7,55.6,4.8,24.7,34.7,37.1,219.0,120.0,86.8,53.5
217,MIA,112,0,PHO,115,1,2024-11-06,2025,False,240.0,40.0,92.0,0.435,13.0,34.0,0.382,19.0,20.0,0.95,13.0,30.0,43.0,27.0,12.0,3.0,10.0,16.0,0.556,0.505,0.37,0.217,26.5,75.0,48.3,67.5,12.6,7.3,9.0,100.0,117.2,120.3,9.0,21.0,0.875,5.0,9.0,1.0,5.0,5.0,1.0,7.0,6.0,12.0,6.0,5.0,1.0,3.0,3.0,28.0,10.0,1.019,1.0,0.75,1.0,19.9,26.5,18.8,35.3,7.4,8.6,15.5,28.8,206.0,130.0,42.0,84.0,0.5,18.0,43.0,0.419,13.0,18.0,0.722,10.0,36.0,46.0,29.0,5.0,6.0,16.0,14.0,0.626,0.607,0.512,0.214,25.0,73.5,51.7,69.0,5.2,10.3,14.8,100.0,120.3,117.2,13.0,23.0,1.0,4.0,11.0,1.0,5.0,6.0,0.833,4.0,14.0,18.0,9.0,2.0,2.0,6.0,4.0,32.0,8.0,1.215,1.5,1.0,1.0,15.8,41.3,29.2,36.0,3.2,5.2,25.8,36.2,217.0,126.0,95.4,103.1
218,PHO,115,1,MIA,112,0,2024-11-06,2025,True,240.0,42.0,84.0,0.5,18.0,43.0,0.419,13.0,18.0,0.722,10.0,36.0,46.0,29.0,5.0,6.0,16.0,14.0,0.626,0.607,0.512,0.214,25.0,73.5,51.7,69.0,5.2,10.3,14.8,100.0,120.3,117.2,13.0,23.0,1.0,4.0,11.0,1.0,5.0,6.0,0.833,4.0,14.0,18.0,9.0,2.0,2.0,6.0,4.0,32.0,8.0,1.215,1.5,1.0,1.0,15.8,41.3,29.2,36.0,3.2,5.2,25.8,36.2,217.0,126.0,40.0,92.0,0.435,13.0,34.0,0.382,19.0,20.0,0.95,13.0,30.0,43.0,27.0,12.0,3.0,10.0,16.0,0.556,0.505,0.37,0.217,26.5,75.0,48.3,67.5,12.6,7.3,9.0,100.0,117.2,120.3,9.0,21.0,0.875,5.0,9.0,1.0,5.0,5.0,1.0,7.0,6.0,12.0,6.0,5.0,1.0,3.0,3.0,28.0,10.0,1.019,1.0,0.75,1.0,19.9,26.5,18.8,35.3,7.4,8.6,15.5,28.8,206.0,130.0,103.1,95.4
219,CLE,131,0,NOP,122,1,2024-11-06,2025,True,240.0,52.0,96.0,0.542,17.0,35.0,0.486,10.0,13.0,0.769,12.0,34.0,46.0,33.0,6.0,10.0,13.0,21.0,0.644,0.63,0.365,0.135,32.4,81.0,58.2,63.5,6.0,16.4,11.3,100.0,131.8,122.8,10.0,20.0,1.0,4.0,9.0,1.0,6.0,6.0,1.0,5.0,12.0,14.0,9.0,2.0,3.0,3.0,6.0,29.0,24.0,1.167,1.167,1.0,0.3,22.7,39.4,24.4,38.1,6.1,30.2,25.0,32.1,233.0,131.0,42.0,88.0,0.477,13.0,27.0,0.481,25.0,28.0,0.893,8.0,25.0,33.0,21.0,8.0,8.0,10.0,14.0,0.608,0.551,0.307,0.318,19.0,67.6,41.8,50.0,8.1,13.1,9.1,100.0,122.8,131.8,10.0,20.0,0.714,7.0,8.0,1.0,11.0,13.0,1.0,3.0,6.0,8.0,5.0,3.0,3.0,4.0,4.0,29.0,1.0,0.964,0.964,0.571,0.722,18.3,28.0,16.6,24.2,4.9,12.6,14.4,41.3,176.0,141.0,52.1,43.5
220,PHI,98,0,LAC,110,1,2024-11-06,2025,False,240.0,40.0,73.0,0.548,7.0,25.0,0.28,11.0,19.0,0.579,10.0,22.0,32.0,19.0,10.0,2.0,20.0,22.0,0.602,0.596,0.342,0.26,32.3,73.3,52.5,47.5,11.2,4.5,19.7,100.0,109.5,122.9,8.0,13.0,0.833,2.0,6.0,1.0,5.0,10.0,1.0,4.0,6.0,10.0,4.0,3.0,1.0,4.0,5.0,18.0,7.0,0.911,0.889,1.0,1.0,19.7,34.7,24.2,36.9,8.3,4.6,58.1,29.7,168.0,131.0,41.0,72.0,0.569,12.0,28.0,0.429,16.0,19.0,0.842,8.0,21.0,29.0,27.0,12.0,1.0,19.0,16.0,0.684,0.653,0.389,0.264,26.7,67.7,47.5,65.9,13.4,2.1,19.1,100.0,122.9,109.5,8.0,15.0,1.0,6.0,8.0,0.75,7.0,9.0,1.0,2.0,7.0,9.0,6.0,3.0,1.0,6.0,4.0,26.0,17.0,1.105,1.1,1.0,0.6,13.0,46.0,23.4,36.8,15.9,2.9,50.0,43.0,201.0,119.0,66.5,56.7
221,LAL,114,0,MEM,131,1,2024-11-06,2025,False,240.0,41.0,93.0,0.441,15.0,48.0,0.313,17.0,21.0,0.81,9.0,28.0,37.0,23.0,10.0,1.0,11.0,18.0,0.558,0.522,0.516,0.226,19.1,70.0,42.5,56.1,9.6,1.7,9.7,100.0,109.9,126.3,15.0,24.0,0.714,6.0,11.0,1.0,3.0,4.0,1.0,3.0,8.0,10.0,6.0,3.0,1.0,5.0,5.0,39.0,3.0,0.856,0.857,1.0,1.0,11.4,27.7,15.9,39.3,4.3,6.1,18.4,36.8,179.0,134.0,48.0,93.0,0.516,17.0,34.0,0.5,18.0,23.0,0.783,12.0,38.0,50.0,28.0,5.0,6.0,18.0,17.0,0.635,0.608,0.366,0.247,30.0,80.9,57.5,58.3,4.8,13.3,14.9,100.0,126.3,109.9,8.0,17.0,0.7,5.0,7.0,0.75,4.0,5.0,1.0,4.0,9.0,12.0,8.0,1.0,3.0,5.0,3.0,20.0,22.0,0.919,0.95,0.857,2.0,32.7,29.3,26.3,40.1,1.9,10.0,34.7,59.0,160.0,119.0,72.5,91.19999999999999
222,LAC,110,1,PHI,98,0,2024-11-06,2025,True,240.0,41.0,72.0,0.569,12.0,28.0,0.429,16.0,19.0,0.842,8.0,21.0,29.0,27.0,12.0,1.0,19.0,16.0,0.684,0.653,0.389,0.264,26.7,67.7,47.5,65.9,13.4,2.1,19.1,100.0,122.9,109.5,8.0,15.0,1.0,6.0,8.0,0.75,7.0,9.0,1.0,2.0,7.0,9.0,6.0,3.0,1.0,6.0,4.0,26.0,17.0,1.105,1.1,1.0,0.6,13.0,46.0,23.4,36.8,15.9,2.9,50.0,43.0,201.0,119.0,40.0,73.0,0.548,7.0,25.0,0.28,11.0,19.0,0.579,10.0,22.0,32.0,19.0,10.0,2.0,20.0,22.0,0.602,0.596,0.342,0.26,32.3,73.3,52.5,47.5,11.2,4.5,19.7,100.0,109.5,122.9,8.0,13.0,0.833,2.0,6.0,1.0,5.0,10.0,1.0,4.0,6.0,10.0,4.0,3.0,1.0,4.0,5.0,18.0,7.0,0.911,0.889,1.0,1.0,19.7,34.7,24.2,36.9,8.3,4.6,58.1,29.7,168.0,131.0,91.19999999999999,72.5
223,ORL,111,0,IND,118,1,2024-11-06,2025,False,240.0,42.0,82.0,0.512,7.0,25.0,0.28,20.0,26.0,0.769,10.0,28.0,38.0,26.0,6.0,5.0,16.0,22.0,0.594,0.555,0.305,0.317,23.8,87.5,51.4,61.9,6.3,10.0,14.6,100.0,116.3,123.6,10.0,23.0,1.0,2.0,7.0,0.5,6.0,8.0,1.0,4.0,8.0,12.0,6.0,2.0,3.0,5.0,5.0,28.0,5.0,0.922,1.0,0.667,0.875,15.3,40.2,26.1,30.6,3.7,9.7,31.5,56.9,147.0,131.0,41.0,76.0,0.539,12.0,26.0,0.462,24.0,26.0,0.923,4.0,32.0,36.0,21.0,7.0,3.0,11.0,24.0,0.675,0.618,0.342,0.342,12.5,76.2,48.6,51.2,7.3,5.3,11.2,100.0,123.6,116.3,7.0,17.0,1.0,3.0,6.0,1.0,13.0,14.0,1.0,1.0,10.0,11.0,5.0,2.0,2.0,4.0,4.0,20.0,8.0,1.214,1.214,1.0,2.0,6.5,33.7,21.0,69.2,4.3,4.6,36.4,32.2,241.0,123.0,56.7,66.5
224,SAC,122,1,TOR,107,0,2024-11-06,2025,True,240.0,42.0,90.0,0.467,10.0,35.0,0.286,28.0,32.0,0.875,15.0,32.0,47.0,26.0,7.0,5.0,10.0,13.0,0.586,0.522,0.389,0.356,36.6,80.0,58.0,61.9,7.4,9.3,8.8,100.0,128.2,112.4,11.0,21.0,1.0,3.0,8.0,0.5,9.0,10.0,1.0,7.0,7.0,12.0,13.0,2.0,4.0,3.0,4.0,27.0,16.0,1.037,1.0,1.0,2.0,23.4,49.9,24.7,55.6,4.8,24.7,34.7,37.1,219.0,120.0,43.0,88.0,0.489,10.0,34.0,0.294,11.0,15.0,0.733,8.0,26.0,34.0,25.0,7.0,1.0,12.0,23.0,0.566,0.545,0.386,0.17,20.0,63.4,42.0,58.1,7.4,1.8,11.3,100.0,112.4,128.2,9.0,19.0,0.727,3.0,7.0,0.667,4.0,5.0,1.0,4.0,7.0,8.0,6.0,2.0,1.0,3.0,4.0,23.0,8.0,0.842,0.818,0.778,0.667,26.5,46.2,23.4,44.1,3.1,5.5,27.3,35.5,163.0,132.0,53.5,86.8
225,MEM,131,1,LAL,114,0,2024-11-06,2025,True,240.0,48.0,93.0,0.516,17.0,34.0,0.5,18.0,23.0,0.783,12.0,38.0,50.0,28.0,5.0,6.0,18.0,17.0,0.635,0.608,0.366,0.247,30.0,80.9,57.5,58.3,4.8,13.3,14.9,100.0,126.3,109.9,8.0,17.0,0.7,5.0,7.0,0.75,4.0,5.0,1.0,4.0,9.0,12.0,8.0,1.0,3.0,5.0,3.0,20.0,22.0,0.919,0.95,0.857,2.0,32.7,29.3,26.3,40.1,1.9,10.0,34.7,59.0,160.0,119.0,41.0,93.0,0.441,15.0,48.0,0.313,17.0,21.0,0.81,9.0,28.0,37.0,23.0,10.0,1.0,11.0,18.0,0.558,0.522,0.516,0.226,19.1,70.0,42.5,56.1,9.6,1.7,9.7,100.0,109.9,126.3,15.0,24.0,0.714,6.0,11.0,1.0,3.0,4.0,1.0,3.0,8.0,10.0,6.0,3.0,1.0,5.0,5.0,39.0,3.0,0.856,0.857,1.0,1.0,11.4,27.7,15.9,39.3,4.3,6.1,18.4,36.8,179.0,134.0,43.5,52.1
226,NOP,122,1,CLE,131,0,2024-11-06,2025,False,240.0,42.0,88.0,0.477,13.0,27.0,0.481,25.0,28.0,0.893,8.0,25.0,33.0,21.0,8.0,8.0,10.0,14.0,0.608,0.551,0.307,0.318,19.0,67.6,41.8,50.0,8.1,13.1,9.1,100.0,122.8,131.8,10.0,20.0,0.714,7.0,8.0,1.0,11.0,13.0,1.0,3.0,6.0,8.0,5.0,3.0,3.0,4.0,4.0,29.0,1.0,0.964,0.964,0.571,0.722,18.3,28.0,16.6,24.2,4.9,12.6,14.4,41.3,176.0,141.0,52.0,96.0,0.542,17.0,35.0,0.486,10.0,13.0,0.769,12.0,34.0,46.0,33.0,6.0,10.0,13.0,21.0,0.644,0.63,0.365,0.135,32.4,81.0,58.2,63.5,6.0,16.4,11.3,100.0,131.8,122.8,10.0,20.0,1.0,4.0,9.0,1.0,6.0,6.0,1.0,5.0,12.0,14.0,9.0,2.0,3.0,3.0,6.0,29.0,24.0,1.167,1.167,1.0,0.3,22.7,39.4,24.4,38.1,6.1,30.2,25.0,32.1,233.0,131.0,51.10000000000001,67.5
227,IND,118,1,ORL,111,0,2024-11-06,2025,True,240.0,41.0,76.0,0.539,12.0,26.0,0.462,24.0,26.0,0.923,4.0,32.0,36.0,21.0,7.0,3.0,11.0,24.0,0.675,0.618,0.342,0.342,12.5,76.2,48.6,51.2,7.3,5.3,11.2,100.0,123.6,116.3,7.0,17.0,1.0,3.0,6.0,1.0,13.0,14.0,1.0,1.0,10.0,11.0,5.0,2.0,2.0,4.0,4.0,20.0,8.0,1.214,1.214,1.0,2.0,6.5,33.7,21.0,69.2,4.3,4.6,36.4,32.2,241.0,123.0,42.0,82.0,0.512,7.0,25.0,0.28,20.0,26.0,0.769,10.0,28.0,38.0,26.0,6.0,5.0,16.0,22.0,0.594,0.555,0.305,0.317,23.8,87.5,51.4,61.9,6.3,10.0,14.6,100.0,116.3,123.6,10.0,23.0,1.0,2.0,7.0,0.5,6.0,8.0,1.0,4.0,8.0,12.0,6.0,2.0,3.0,5.0,5.0,28.0,5.0,0.922,1.0,0.667,0.875,15.3,40.2,26.1,30.6,3.7,9.7,31.5,56.9,147.0,131.0,67.5,51.10000000000001
228,CHA,108,1,DET,107,0,2024-11-06,2025,True,240.0,39.0,90.0,0.433,14.0,44.0,0.318,16.0,16.0,1.0,8.0,39.0,47.0,22.0,5.0,4.0,12.0,16.0,0.556,0.511,0.489,0.178,16.7,86.7,50.5,56.4,5.0,6.5,11.0,100.0,107.4,106.4,10.0,23.0,1.0,5.0,12.0,1.0,9.0,9.0,1.0,2.0,7.0,7.0,8.0,2.0,2.0,3.0,3.0,27.0,9.0,1.5,1.5,1.0,0.643,7.0,81.0,39.2,50.0,3.6,10.4,25.0,34.4,300.0,111.0,46.0,94.0,0.489,10.0,32.0,0.313,5.0,9.0,0.556,6.0,40.0,46.0,34.0,5.0,4.0,11.0,20.0,0.546,0.543,0.34,0.096,13.3,83.3,49.5,73.9,5.0,8.7,10.1,100.0,106.4,107.4,9.0,23.0,1.0,3.0,7.0,0.667,2.0,2.0,1.0,2.0,9.0,10.0,10.0,2.0,1.0,3.0,5.0,21.0,12.0,0.945,1.0,0.7,0.333,6.9,39.9,20.6,36.9,7.8,8.5,16.7,30.2,171.0,113.0,77.1,83.0
229,BOS,112,1,GSW,118,0,2024-11-06,2025,False,240.0,38.0,90.0,0.422,19.0,54.0,0.352,17.0,21.0,0.81,13.0,34.0,47.0,22.0,5.0,3.0,12.0,18.0,0.564,0.528,0.6,0.233,25.5,69.4,47.0,57.9,5.2,5.3,10.8,100.0,116.8,123.1,10.0,20.0,0.545,7.0,16.0,0.5,7.0,9.0,1.0,5.0,8.0,9.0,8.0,2.0,2.0,4.0,5.0,32.0,13.0,0.668,0.625,1.0,1.0,16.7,24.2,13.6,35.1,3.4,6.0,25.0,32.8,137.0,130.0,42.0,91.0,0.462,14.0,34.0,0.412,20.0,24.0,0.833,15.0,38.0,53.0,22.0,6.0,5.0,11.0,19.0,0.581,0.538,0.374,0.264,30.6,74.5,53.0,52.4,6.3,13.9,9.8,100.0,123.1,116.8,8.0,17.0,0.75,4.0,9.0,0.75,7.0,7.0,1.0,6.0,7.0,10.0,9.0,4.0,2.0,3.0,4.0,27.0,20.0,0.765,0.75,0.636,0.75,37.0,23.7,30.3,40.8,5.8,14.6,31.1,28.6,173.0,125.0,76.3,75.2
230,DEN,124,1,OKC,122,0,2024-11-06,2025,True,240.0,42.0,89.0,0.472,16.0,38.0,0.421,24.0,33.0,0.727,13.0,42.0,55.0,34.0,8.0,6.0,18.0,22.0,0.599,0.562,0.427,0.371,27.7,76.4,53.9,81.0,7.4,10.0,14.8,100.0,115.2,113.3,10.0,20.0,0.667,6.0,10.0,0.75,6.0,9.0,1.0,7.0,13.0,20.0,16.0,2.0,3.0,5.0,4.0,29.0,12.0,0.765,0.767,0.636,1.0,18.1,28.7,23.8,62.7,2.4,7.0,50.0,28.2,135.0,120.0,44.0,100.0,0.44,16.0,40.0,0.4,18.0,23.0,0.783,13.0,34.0,47.0,29.0,15.0,6.0,14.0,28.0,0.554,0.52,0.4,0.23,23.6,72.3,46.1,65.9,13.9,11.8,11.3,100.0,113.3,115.2,11.0,20.0,1.0,4.0,9.0,1.0,8.0,10.0,1.0,4.0,8.0,10.0,9.0,4.0,2.0,8.0,5.0,29.0,11.0,1.042,1.25,0.833,1.0,16.7,23.9,18.0,40.8,8.3,8.7,25.5,31.3,203.0,126.0,75.2,76.3
231,HOU,127,1,SAS,100,0,2024-11-06,2025,True,240.0,54.0,96.0,0.563,10.0,27.0,0.37,9.0,15.0,0.6,11.0,34.0,45.0,28.0,10.0,5.0,12.0,13.0,0.619,0.615,0.281,0.156,25.0,81.0,52.3,51.9,9.9,10.6,10.5,100.0,125.3,98.6,10.0,15.0,1.0,4.0,9.0,1.0,5.0,6.0,1.0,4.0,7.0,7.0,10.0,2.0,2.0,3.0,2.0,21.0,23.0,1.25,1.25,1.0,0.667,23.6,31.5,18.1,53.8,9.0,8.4,28.6,60.3,250.0,109.0,37.0,83.0,0.446,14.0,36.0,0.389,12.0,16.0,0.75,8.0,33.0,41.0,20.0,6.0,6.0,20.0,13.0,0.555,0.53,0.434,0.193,19.0,75.0,47.7,54.1,5.9,8.7,18.2,100.0,98.6,125.3,6.0,14.0,1.0,3.0,7.0,1.0,3.0,5.0,1.0,3.0,6.0,7.0,4.0,3.0,3.0,4.0,3.0,15.0,0.0,1.042,1.0,1.0,1.0,22.7,79.8,40.8,45.0,5.6,9.2,41.0,33.4,159.0,131.0,64.0,70.1
232,ATL,121,1,NYK,116,0,2024-11-06,2025,True,240.0,45.0,100.0,0.45,15.0,38.0,0.395,16.0,22.0,0.727,16.0,32.0,48.0,31.0,12.0,4.0,8.0,14.0,0.552,0.525,0.38,0.22,32.0,82.1,53.9,68.9,12.3,10.8,6.8,100.0,123.7,118.5,11.0,21.0,1.0,6.0,10.0,0.6,6.0,9.0,1.0,4.0,11.0,15.0,10.0,4.0,2.0,2.0,3.0,33.0,26.0,1.014,1.0,1.0,0.6,13.8,34.5,20.6,38.4,5.3,7.0,12.5,30.7,183.0,128.0,41.0,84.0,0.488,22.0,47.0,0.468,12.0,15.0,0.8,7.0,34.0,41.0,29.0,5.0,5.0,16.0,18.0,0.64,0.619,0.56,0.179,17.9,68.0,46.1,70.7,5.1,8.1,15.0,100.0,118.5,123.7,11.0,23.0,1.0,5.0,11.0,1.0,7.0,7.0,1.0,5.0,11.0,16.0,8.0,1.0,3.0,3.0,6.0,34.0,13.0,1.5,1.5,1.0,0.304,16.2,27.8,22.7,36.3,4.9,6.1,33.3,34.4,148.0,133.0,70.1,64.0
233,GSW,118,0,BOS,112,1,2024-11-06,2025,True,240.0,42.0,91.0,0.462,14.0,34.0,0.412,20.0,24.0,0.833,15.0,38.0,53.0,22.0,6.0,5.0,11.0,19.0,0.581,0.538,0.374,0.264,30.6,74.5,53.0,52.4,6.3,13.9,9.8,100.0,123.1,116.8,8.0,17.0,0.75,4.0,9.0,0.75,7.0,7.0,1.0,6.0,7.0,10.0,9.0,4.0,2.0,3.0,4.0,27.0,20.0,0.765,0.75,0.636,0.75,37.0,23.7,30.3,40.8,5.8,14.6,31.1,28.6,173.0,125.0,38.0,90.0,0.422,19.0,54.0,0.352,17.0,21.0,0.81,13.0,34.0,47.0,22.0,5.0,3.0,12.0,18.0,0.564,0.528,0.6,0.233,25.5,69.4,47.0,57.9,5.2,5.3,10.8,100.0,116.8,123.1,10.0,20.0,0.545,7.0,16.0,0.5,7.0,9.0,1.0,5.0,8.0,9.0,8.0,2.0,2.0,4.0,5.0,32.0,13.0,0.668,0.625,1.0,1.0,16.7,24.2,13.6,35.1,3.4,6.0,25.0,32.8,137.0,130.0,83.3,107.5
234,NYK,116,0,ATL,121,1,2024-11-06,2025,False,240.0,41.0,84.0,0.488,22.0,47.0,0.468,12.0,15.0,0.8,7.0,34.0,41.0,29.0,5.0,5.0,16.0,18.0,0.64,0.619,0.56,0.179,17.9,68.0,46.1,70.7,5.1,8.1,15.0,100.0,118.5,123.7,11.0,23.0,1.0,5.0,11.0,1.0,7.0,7.0,1.0,5.0,11.0,16.0,8.0,1.0,3.0,3.0,6.0,34.0,13.0,1.5,1.5,1.0,0.304,16.2,27.8,22.7,36.3,4.9,6.1,33.3,34.4,148.0,133.0,45.0,100.0,0.45,15.0,38.0,0.395,16.0,22.0,0.727,16.0,32.0,48.0,31.0,12.0,4.0,8.0,14.0,0.552,0.525,0.38,0.22,32.0,82.1,53.9,68.9,12.3,10.8,6.8,100.0,123.7,118.5,11.0,21.0,1.0,6.0,10.0,0.6,6.0,9.0,1.0,4.0,11.0,15.0,10.0,4.0,2.0,2.0,3.0,33.0,26.0,1.014,1.0,1.0,0.6,13.8,34.5,20.6,38.4,5.3,7.0,12.5,30.7,183.0,128.0,107.5,83.3
235,DET,107,0,CHA,108,1,2024-11-06,2025,False,240.0,46.0,94.0,0.489,10.0,32.0,0.313,5.0,9.0,0.556,6.0,40.0,46.0,34.0,5.0,4.0,11.0,20.0,0.546,0.543,0.34,0.096,13.3,83.3,49.5,73.9,5.0,8.7,10.1,100.0,106.4,107.4,9.0,23.0,1.0,3.0,7.0,0.667,2.0,2.0,1.0,2.0,9.0,10.0,10.0,2.0,1.0,3.0,5.0,21.0,12.0,0.945,1.0,0.7,0.333,6.9,39.9,20.6,36.9,7.8,8.5,16.7,30.2,171.0,113.0,39.0,90.0,0.433,14.0,44.0,0.318,16.0,16.0,1.0,8.0,39.0,47.0,22.0,5.0,4.0,12.0,16.0,0.556,0.511,0.489,0.178,16.7,86.7,50.5,56.4,5.0,6.5,11.0,100.0,107.4,106.4,10.0,23.0,1.0,5.0,12.0,1.0,9.0,9.0,1.0,2.0,7.0,7.0,8.0,2.0,2.0,3.0,3.0,27.0,9.0,1.5,1.5,1.0,0.643,7.0,81.0,39.2,50.0,3.6,10.4,25.0,34.4,300.0,111.0,62.5,60.599999999999994
236,CHI,99,0,DAL,119,1,2024-11-06,2025,False,240.0,36.0,86.0,0.419,12.0,42.0,0.286,15.0,23.0,0.652,14.0,37.0,51.0,25.0,8.0,2.0,23.0,17.0,0.515,0.488,0.488,0.267,26.9,80.4,52.0,69.4,7.6,3.6,19.3,100.0,94.2,113.3,7.0,13.0,1.0,3.0,10.0,1.0,4.0,6.0,1.0,3.0,7.0,10.0,6.0,2.0,1.0,5.0,4.0,14.0,7.0,1.25,1.25,1.0,3.0,14.7,33.1,19.7,49.7,4.0,5.4,45.0,25.2,244.0,120.0,45.0,93.0,0.484,12.0,38.0,0.316,17.0,21.0,0.81,9.0,38.0,47.0,33.0,11.0,4.0,15.0,19.0,0.582,0.548,0.409,0.226,19.6,73.1,48.0,73.3,10.5,9.1,12.8,100.0,113.3,94.2,8.0,19.0,1.0,3.0,8.0,1.0,8.0,9.0,1.0,2.0,7.0,7.0,13.0,4.0,3.0,5.0,3.0,27.0,35.0,1.5,1.5,1.0,4.0,16.6,37.9,20.1,58.3,5.7,13.9,50.0,35.4,300.0,106.0,60.599999999999994,62.5
237,DAL,119,1,CHI,99,0,2024-11-06,2025,True,240.0,45.0,93.0,0.484,12.0,38.0,0.316,17.0,21.0,0.81,9.0,38.0,47.0,33.0,11.0,4.0,15.0,19.0,0.582,0.548,0.409,0.226,19.6,73.1,48.0,73.3,10.5,9.1,12.8,100.0,113.3,94.2,8.0,19.0,1.0,3.0,8.0,1.0,8.0,9.0,1.0,2.0,7.0,7.0,13.0,4.0,3.0,5.0,3.0,27.0,35.0,1.5,1.5,1.0,4.0,16.6,37.9,20.1,58.3,5.7,13.9,50.0,35.4,300.0,106.0,36.0,86.0,0.419,12.0,42.0,0.286,15.0,23.0,0.652,14.0,37.0,51.0,25.0,8.0,2.0,23.0,17.0,0.515,0.488,0.488,0.267,26.9,80.4,52.0,69.4,7.6,3.6,19.3,100.0,94.2,113.3,7.0,13.0,1.0,3.0,10.0,1.0,4.0,6.0,1.0,3.0,7.0,10.0,6.0,2.0,1.0,5.0,4.0,14.0,7.0,1.25,1.25,1.0,3.0,14.7,33.1,19.7,49.7,4.0,5.4,45.0,25.2,244.0,120.0,76.3,49.0
238,OKC,122,0,DEN,124,1,2024-11-06,2025,False,240.0,44.0,100.0,0.44,16.0,40.0,0.4,18.0,23.0,0.783,13.0,34.0,47.0,29.0,15.0,6.0,14.0,28.0,0.554,0.52,0.4,0.23,23.6,72.3,46.1,65.9,13.9,11.8,11.3,100.0,113.3,115.2,11.0,20.0,1.0,4.0,9.0,1.0,8.0,10.0,1.0,4.0,8.0,10.0,9.0,4.0,2.0,8.0,5.0,29.0,11.0,1.042,1.25,0.833,1.0,16.7,23.9,18.0,40.8,8.3,8.7,25.5,31.3,203.0,126.0,42.0,89.0,0.472,16.0,38.0,0.421,24.0,33.0,0.727,13.0,42.0,55.0,34.0,8.0,6.0,18.0,22.0,0.599,0.562,0.427,0.371,27.7,76.4,53.9,81.0,7.4,10.0,14.8,100.0,115.2,113.3,10.0,20.0,0.667,6.0,10.0,0.75,6.0,9.0,1.0,7.0,13.0,20.0,16.0,2.0,3.0,5.0,4.0,29.0,12.0,0.765,0.767,0.636,1.0,18.1,28.7,23.8,62.7,2.4,7.0,50.0,28.2,135.0,120.0,49.0,76.3
239,SAS,100,0,HOU,127,1,2024-11-06,2025,False,240.0,37.0,83.0,0.446,14.0,36.0,0.389,12.0,16.0,0.75,8.0,33.0,41.0,20.0,6.0,6.0,20.0,13.0,0.555,0.53,0.434,0.193,19.0,75.0,47.7,54.1,5.9,8.7,18.2,100.0,98.6,125.3,6.0,14.0,1.0,3.0,7.0,1.0,3.0,5.0,1.0,3.0,6.0,7.0,4.0,3.0,3.0,4.0,3.0,15.0,0.0,1.042,1.0,1.0,1.0,22.7,79.8,40.8,45.0,5.6,9.2,41.0,33.4,159.0,131.0,54.0,96.0,0.563,10.0,27.0,0.37,9.0,15.0,0.6,11.0,34.0,45.0,28.0,10.0,5.0,12.0,13.0,0.619,0.615,0.281,0.156,25.0,81.0,52.3,51.9,9.9,10.6,10.5,100.0,125.3,98.6,10.0,15.0,1.0,4.0,9.0,1.0,5.0,6.0,1.0,4.0,7.0,7.0,10.0,2.0,2.0,3.0,2.0,21.0,23.0,1.25,1.25,1.0,0.667,23.6,31.5,18.1,53.8,9.0,8.4,28.6,60.3,250.0,109.0,83.0,77.1
240,SAS,118,1,POR,105,0,2024-11-07,2025,True,240.0,44.0,82.0,0.537,16.0,39.0,0.41,14.0,18.0,0.778,12.0,33.0,45.0,35.0,9.0,4.0,16.0,15.0,0.656,0.634,0.476,0.22,30.8,70.2,52.3,79.5,9.6,7.4,15.1,100.0,126.1,112.2,6.0,13.0,1.0,4.0,8.0,1.0,3.0,4.0,1.0,4.0,9.0,11.0,8.0,4.0,3.0,4.0,4.0,17.0,20.0,1.5,1.5,1.0,0.5,20.6,100.0,100.0,51.8,6.3,11.3,66.7,25.7,166.0,122.0,41.0,86.0,0.477,9.0,32.0,0.281,14.0,22.0,0.636,14.0,27.0,41.0,23.0,7.0,3.0,14.0,14.0,0.549,0.529,0.372,0.256,29.8,69.2,47.7,56.1,7.5,7.0,12.8,100.0,112.2,126.1,10.0,16.0,1.0,3.0,9.0,1.0,8.0,11.0,1.0,4.0,8.0,10.0,7.0,2.0,1.0,3.0,3.0,21.0,6.0,1.5,1.5,1.0,1.1,34.9,32.0,19.1,33.4,4.4,9.5,33.3,33.7,300.0,134.0,66.5,86.80000000000001
241,POR,105,0,SAS,118,1,2024-11-07,2025,False,240.0,41.0,86.0,0.477,9.0,32.0,0.281,14.0,22.0,0.636,14.0,27.0,41.0,23.0,7.0,3.0,14.0,14.0,0.549,0.529,0.372,0.256,29.8,69.2,47.7,56.1,7.5,7.0,12.8,100.0,112.2,126.1,10.0,16.0,1.0,3.0,9.0,1.0,8.0,11.0,1.0,4.0,8.0,10.0,7.0,2.0,1.0,3.0,3.0,21.0,6.0,1.5,1.5,1.0,1.1,34.9,32.0,19.1,33.4,4.4,9.5,33.3,33.7,300.0,134.0,44.0,82.0,0.537,16.0,39.0,0.41,14.0,18.0,0.778,12.0,33.0,45.0,35.0,9.0,4.0,16.0,15.0,0.656,0.634,0.476,0.22,30.8,70.2,52.3,79.5,9.6,7.4,15.1,100.0,126.1,112.2,6.0,13.0,1.0,4.0,8.0,1.0,3.0,4.0,1.0,4.0,9.0,11.0,8.0,4.0,3.0,4.0,4.0,17.0,20.0,1.5,1.5,1.0,0.5,20.6,100.0,100.0,51.8,6.3,11.3,66.7,25.7,166.0,122.0,86.80000000000001,66.5
242,MIL,123,1,UTA,100,0,2024-11-07,2025,True,240.0,43.0,84.0,0.512,15.0,35.0,0.429,22.0,30.0,0.733,11.0,30.0,41.0,20.0,13.0,3.0,11.0,21.0,0.633,0.601,0.417,0.357,26.2,78.9,51.3,46.5,13.6,8.3,10.2,100.0,128.3,104.3,12.0,22.0,1.0,4.0,11.0,1.0,9.0,12.0,0.857,6.0,10.0,16.0,7.0,4.0,1.0,4.0,5.0,34.0,27.0,1.5,1.5,1.0,2.0,22.7,78.5,37.3,34.2,11.4,5.4,41.0,44.5,300.0,116.0,33.0,77.0,0.429,17.0,41.0,0.415,17.0,18.0,0.944,8.0,31.0,39.0,24.0,5.0,5.0,22.0,19.0,0.589,0.539,0.532,0.234,21.1,73.8,48.8,72.7,5.2,10.2,20.6,100.0,104.3,128.3,5.0,12.0,1.0,4.0,9.0,0.75,4.0,4.0,1.0,3.0,5.0,8.0,7.0,2.0,3.0,4.0,3.0,18.0,4.0,1.0,1.0,1.0,2.0,20.9,33.4,23.1,51.0,6.2,11.8,50.0,49.4,174.0,136.0,66.4,84.9
243,MIN,135,0,CHI,119,1,2024-11-07,2025,True,240.0,51.0,93.0,0.548,16.0,38.0,0.421,17.0,17.0,1.0,10.0,30.0,40.0,29.0,7.0,4.0,14.0,17.0,0.672,0.634,0.409,0.183,31.3,75.0,55.6,56.9,7.2,7.7,12.2,100.0,137.9,121.6,13.0,23.0,1.0,5.0,10.0,1.0,5.0,5.0,1.0,3.0,8.0,10.0,11.0,3.0,1.0,4.0,4.0,33.0,23.0,1.084,1.071,0.833,0.571,83.3,27.2,37.0,52.3,27.2,3.4,100.0,46.6,231.0,130.0,47.0,88.0,0.534,15.0,36.0,0.417,10.0,15.0,0.667,10.0,22.0,32.0,30.0,9.0,4.0,13.0,20.0,0.629,0.619,0.409,0.17,25.0,68.8,44.4,63.8,9.2,7.3,12.1,100.0,121.6,137.9,11.0,15.0,1.0,4.0,9.0,1.0,2.0,3.0,1.0,2.0,5.0,6.0,13.0,3.0,2.0,3.0,4.0,25.0,3.0,1.042,1.25,1.0,1.0,15.2,38.1,25.4,56.7,5.8,10.4,40.0,26.2,232.0,146.0,62.5,94.80000000000001
244,UTA,100,0,MIL,123,1,2024-11-07,2025,False,240.0,33.0,77.0,0.429,17.0,41.0,0.415,17.0,18.0,0.944,8.0,31.0,39.0,24.0,5.0,5.0,22.0,19.0,0.589,0.539,0.532,0.234,21.1,73.8,48.8,72.7,5.2,10.2,20.6,100.0,104.3,128.3,5.0,12.0,1.0,4.0,9.0,0.75,4.0,4.0,1.0,3.0,5.0,8.0,7.0,2.0,3.0,4.0,3.0,18.0,4.0,1.0,1.0,1.0,2.0,20.9,33.4,23.1,51.0,6.2,11.8,50.0,49.4,174.0,136.0,43.0,84.0,0.512,15.0,35.0,0.429,22.0,30.0,0.733,11.0,30.0,41.0,20.0,13.0,3.0,11.0,21.0,0.633,0.601,0.417,0.357,26.2,78.9,51.3,46.5,13.6,8.3,10.2,100.0,128.3,104.3,12.0,22.0,1.0,4.0,11.0,1.0,9.0,12.0,0.857,6.0,10.0,16.0,7.0,4.0,1.0,4.0,5.0,34.0,27.0,1.5,1.5,1.0,2.0,22.7,78.5,37.3,34.2,11.4,5.4,41.0,44.5,300.0,116.0,94.80000000000001,62.5
245,CHI,119,1,MIN,135,0,2024-11-07,2025,False,240.0,47.0,88.0,0.534,15.0,36.0,0.417,10.0,15.0,0.667,10.0,22.0,32.0,30.0,9.0,4.0,13.0,20.0,0.629,0.619,0.409,0.17,25.0,68.8,44.4,63.8,9.2,7.3,12.1,100.0,121.6,137.9,11.0,15.0,1.0,4.0,9.0,1.0,2.0,3.0,1.0,2.0,5.0,6.0,13.0,3.0,2.0,3.0,4.0,25.0,3.0,1.042,1.25,1.0,1.0,15.2,38.1,25.4,56.7,5.8,10.4,40.0,26.2,232.0,146.0,51.0,93.0,0.548,16.0,38.0,0.421,17.0,17.0,1.0,10.0,30.0,40.0,29.0,7.0,4.0,14.0,17.0,0.672,0.634,0.409,0.183,31.3,75.0,55.6,56.9,7.2,7.7,12.2,100.0,137.9,121.6,13.0,23.0,1.0,5.0,10.0,1.0,5.0,5.0,1.0,3.0,8.0,10.0,11.0,3.0,1.0,4.0,4.0,33.0,23.0,1.084,1.071,0.833,0.571,83.3,27.2,37.0,52.3,27.2,3.4,100.0,46.6,231.0,130.0,84.9,66.4
246,LAL,116,1,PHI,106,0,2024-11-08,2025,True,240.0,44.0,85.0,0.518,16.0,35.0,0.457,12.0,14.0,0.857,5.0,40.0,45.0,28.0,1.0,13.0,13.0,17.0,0.636,0.612,0.412,0.165,13.9,75.5,50.6,63.6,1.0,22.8,12.5,100.0,118.5,108.3,11.0,20.0,1.0,6.0,10.0,1.0,7.0,8.0,1.0,3.0,12.0,12.0,13.0,1.0,4.0,3.0,5.0,31.0,20.0,1.5,1.5,1.0,0.5,11.3,61.7,36.8,74.4,1.8,21.6,50.0,94.3,236.0,118.0,39.0,96.0,0.406,13.0,39.0,0.333,15.0,23.0,0.652,13.0,31.0,44.0,28.0,6.0,4.0,8.0,14.0,0.499,0.474,0.406,0.24,24.5,86.1,49.4,71.8,6.1,8.0,7.0,100.0,108.3,118.5,6.0,17.0,1.0,4.0,9.0,1.0,2.0,7.0,1.0,5.0,7.0,12.0,8.0,3.0,1.0,2.0,4.0,18.0,8.0,1.083,1.083,0.857,1.0,39.4,58.0,46.9,72.3,6.6,41.7,25.0,28.7,223.0,125.0,94.80000000000001,71.5
247,SAC,98,1,LAC,107,0,2024-11-08,2025,False,240.0,37.0,78.0,0.474,3.0,26.0,0.115,21.0,24.0,0.875,5.0,30.0,35.0,19.0,6.0,3.0,14.0,19.0,0.553,0.494,0.333,0.308,12.2,71.4,42.2,51.4,6.2,5.9,13.7,100.0,101.2,110.5,12.0,20.0,0.75,2.0,6.0,0.4,5.0,6.0,1.0,4.0,12.0,12.0,6.0,2.0,2.0,7.0,4.0,31.0,4.0,0.786,0.75,1.0,0.5,11.9,38.9,19.7,30.1,3.2,6.0,25.0,36.8,143.0,117.0,36.0,81.0,0.444,14.0,30.0,0.467,21.0,23.0,0.913,12.0,36.0,48.0,20.0,7.0,2.0,21.0,21.0,0.587,0.531,0.37,0.284,28.6,87.8,57.8,55.6,7.2,3.8,18.7,100.0,110.5,101.2,10.0,23.0,0.667,5.0,9.0,0.8,9.0,9.0,1.0,7.0,10.0,15.0,8.0,2.0,2.0,7.0,4.0,31.0,17.0,0.875,0.875,1.0,0.563,21.8,30.9,23.7,38.3,3.2,5.0,100.0,33.4,152.0,106.0,91.19999999999999,61.599999999999994
248,LAC,107,0,SAC,98,1,2024-11-08,2025,True,240.0,36.0,81.0,0.444,14.0,30.0,0.467,21.0,23.0,0.913,12.0,36.0,48.0,20.0,7.0,2.0,21.0,21.0,0.587,0.531,0.37,0.284,28.6,87.8,57.8,55.6,7.2,3.8,18.7,100.0,110.5,101.2,10.0,23.0,0.667,5.0,9.0,0.8,9.0,9.0,1.0,7.0,10.0,15.0,8.0,2.0,2.0,7.0,4.0,31.0,17.0,0.875,0.875,1.0,0.563,21.8,30.9,23.7,38.3,3.2,5.0,100.0,33.4,152.0,106.0,37.0,78.0,0.474,3.0,26.0,0.115,21.0,24.0,0.875,5.0,30.0,35.0,19.0,6.0,3.0,14.0,19.0,0.553,0.494,0.333,0.308,12.2,71.4,42.2,51.4,6.2,5.9,13.7,100.0,101.2,110.5,12.0,20.0,0.75,2.0,6.0,0.4,5.0,6.0,1.0,4.0,12.0,12.0,6.0,2.0,2.0,7.0,4.0,31.0,4.0,0.786,0.75,1.0,0.5,11.9,38.9,19.7,30.1,3.2,6.0,25.0,36.8,143.0,117.0,61.599999999999994,91.19999999999999
249,ORL,115,1,NOP,88,0,2024-11-08,2025,True,240.0,45.0,86.0,0.523,8.0,32.0,0.25,17.0,21.0,0.81,11.0,32.0,43.0,28.0,9.0,8.0,15.0,14.0,0.604,0.57,0.372,0.244,30.6,84.2,58.1,62.2,9.3,15.1,13.6,100.0,118.6,90.7,9.0,18.0,1.0,2.0,7.0,1.0,7.0,8.0,1.0,5.0,6.0,9.0,6.0,4.0,2.0,5.0,4.0,27.0,26.0,1.025,1.0,1.0,1.0,30.0,63.2,32.4,28.0,6.8,29.9,35.7,39.3,214.0,102.0,32.0,84.0,0.381,10.0,31.0,0.323,14.0,17.0,0.824,6.0,25.0,31.0,18.0,10.0,1.0,16.0,19.0,0.481,0.44,0.369,0.202,15.8,69.4,41.9,56.3,10.3,1.9,14.9,100.0,90.7,118.6,10.0,18.0,0.588,4.0,11.0,0.5,4.0,6.0,1.0,2.0,6.0,6.0,5.0,3.0,1.0,6.0,5.0,26.0,10.0,0.693,0.647,1.0,0.333,10.4,30.1,15.2,36.9,4.7,4.5,66.7,35.3,142.0,127.0,66.4,92.5
250,NOP,88,0,ORL,115,1,2024-11-08,2025,False,240.0,32.0,84.0,0.381,10.0,31.0,0.323,14.0,17.0,0.824,6.0,25.0,31.0,18.0,10.0,1.0,16.0,19.0,0.481,0.44,0.369,0.202,15.8,69.4,41.9,56.3,10.3,1.9,14.9,100.0,90.7,118.6,10.0,18.0,0.588,4.0,11.0,0.5,4.0,6.0,1.0,2.0,6.0,6.0,5.0,3.0,1.0,6.0,5.0,26.0,10.0,0.693,0.647,1.0,0.333,10.4,30.1,15.2,36.9,4.7,4.5,66.7,35.3,142.0,127.0,45.0,86.0,0.523,8.0,32.0,0.25,17.0,21.0,0.81,11.0,32.0,43.0,28.0,9.0,8.0,15.0,14.0,0.604,0.57,0.372,0.244,30.6,84.2,58.1,62.2,9.3,15.1,13.6,100.0,118.6,90.7,9.0,18.0,1.0,2.0,7.0,1.0,7.0,8.0,1.0,5.0,6.0,9.0,6.0,4.0,2.0,5.0,4.0,27.0,26.0,1.025,1.0,1.0,1.0,30.0,63.2,32.4,28.0,6.8,29.9,35.7,39.3,214.0,102.0,92.5,66.4
251,OKC,126,1,HOU,107,0,2024-11-08,2025,True,240.0,46.0,90.0,0.511,14.0,37.0,0.378,20.0,23.0,0.87,7.0,34.0,41.0,24.0,9.0,8.0,11.0,23.0,0.629,0.589,0.411,0.256,17.1,70.8,46.1,52.2,8.8,13.3,9.9,100.0,123.7,105.1,11.0,16.0,0.833,4.0,8.0,0.667,9.0,10.0,1.0,3.0,6.0,6.0,7.0,3.0,3.0,3.0,5.0,29.0,21.0,0.932,0.917,0.833,0.714,15.4,35.7,19.3,50.4,8.4,8.2,33.3,32.9,200.0,116.0,39.0,90.0,0.433,11.0,30.0,0.367,18.0,26.0,0.692,14.0,34.0,48.0,19.0,7.0,3.0,17.0,18.0,0.527,0.494,0.333,0.289,29.2,82.9,53.9,48.7,6.9,5.7,14.4,100.0,105.1,123.7,6.0,14.0,1.0,3.0,8.0,1.0,5.0,6.0,1.0,4.0,5.0,9.0,6.0,3.0,1.0,3.0,5.0,17.0,7.0,1.5,1.5,1.0,2.0,33.1,58.1,44.6,52.2,7.8,5.4,50.0,42.3,156.0,130.0,43.5,35.8
252,NYK,116,1,MIL,94,0,2024-11-08,2025,True,240.0,43.0,91.0,0.473,14.0,46.0,0.304,16.0,19.0,0.842,14.0,34.0,48.0,35.0,7.0,3.0,11.0,20.0,0.584,0.549,0.505,0.209,31.8,75.6,53.9,81.4,7.6,5.7,10.0,100.0,125.3,101.5,12.0,20.0,0.8,4.0,11.0,1.0,5.0,6.0,1.0,4.0,8.0,11.0,9.0,3.0,2.0,2.0,4.0,32.0,28.0,0.935,0.9,1.0,0.5,27.4,66.0,33.4,40.1,4.8,5.6,33.3,32.8,207.0,111.0,36.0,83.0,0.434,7.0,30.0,0.233,15.0,23.0,0.652,11.0,30.0,41.0,20.0,1.0,5.0,12.0,16.0,0.505,0.476,0.361,0.277,24.4,68.2,46.1,55.6,1.1,11.1,11.4,100.0,101.5,125.3,11.0,21.0,0.8,3.0,6.0,0.5,7.0,7.0,1.0,3.0,9.0,12.0,6.0,1.0,2.0,3.0,4.0,24.0,8.0,0.85,0.9,1.0,1.0,25.4,30.5,20.1,48.8,4.2,25.4,37.5,37.5,146.0,132.0,35.8,43.5
253,MIL,94,0,NYK,116,1,2024-11-08,2025,False,240.0,36.0,83.0,0.434,7.0,30.0,0.233,15.0,23.0,0.652,11.0,30.0,41.0,20.0,1.0,5.0,12.0,16.0,0.505,0.476,0.361,0.277,24.4,68.2,46.1,55.6,1.1,11.1,11.4,100.0,101.5,125.3,11.0,21.0,0.8,3.0,6.0,0.5,7.0,7.0,1.0,3.0,9.0,12.0,6.0,1.0,2.0,3.0,4.0,24.0,8.0,0.85,0.9,1.0,1.0,25.4,30.5,20.1,48.8,4.2,25.4,37.5,37.5,146.0,132.0,43.0,91.0,0.473,14.0,46.0,0.304,16.0,19.0,0.842,14.0,34.0,48.0,35.0,7.0,3.0,11.0,20.0,0.584,0.549,0.505,0.209,31.8,75.6,53.9,81.4,7.6,5.7,10.0,100.0,125.3,101.5,12.0,20.0,0.8,4.0,11.0,1.0,5.0,6.0,1.0,4.0,8.0,11.0,9.0,3.0,2.0,2.0,4.0,32.0,28.0,0.935,0.9,1.0,0.5,27.4,66.0,33.4,40.1,4.8,5.6,33.3,32.8,207.0,111.0,103.1,95.4
254,HOU,107,0,OKC,126,1,2024-11-08,2025,False,240.0,39.0,90.0,0.433,11.0,30.0,0.367,18.0,26.0,0.692,14.0,34.0,48.0,19.0,7.0,3.0,17.0,18.0,0.527,0.494,0.333,0.289,29.2,82.9,53.9,48.7,6.9,5.7,14.4,100.0,105.1,123.7,6.0,14.0,1.0,3.0,8.0,1.0,5.0,6.0,1.0,4.0,5.0,9.0,6.0,3.0,1.0,3.0,5.0,17.0,7.0,1.5,1.5,1.0,2.0,33.1,58.1,44.6,52.2,7.8,5.4,50.0,42.3,156.0,130.0,46.0,90.0,0.511,14.0,37.0,0.378,20.0,23.0,0.87,7.0,34.0,41.0,24.0,9.0,8.0,11.0,23.0,0.629,0.589,0.411,0.256,17.1,70.8,46.1,52.2,8.8,13.3,9.9,100.0,123.7,105.1,11.0,16.0,0.833,4.0,8.0,0.667,9.0,10.0,1.0,3.0,6.0,6.0,7.0,3.0,3.0,3.0,5.0,29.0,21.0,0.932,0.917,0.833,0.714,15.4,35.7,19.3,50.4,8.4,8.2,33.3,32.9,200.0,116.0,95.4,103.1
255,POR,102,0,MIN,127,1,2024-11-08,2025,False,240.0,39.0,91.0,0.429,6.0,25.0,0.24,18.0,24.0,0.75,12.0,25.0,37.0,13.0,11.0,7.0,17.0,17.0,0.502,0.462,0.275,0.264,23.5,71.4,43.0,33.3,10.4,14.9,14.3,100.0,96.3,119.9,6.0,16.0,0.8,2.0,7.0,1.0,4.0,5.0,1.0,2.0,4.0,6.0,3.0,2.0,2.0,6.0,4.0,16.0,0.0,0.962,0.9,0.667,0.8,19.3,30.6,22.9,34.8,7.6,11.0,100.0,31.0,203.0,128.0,47.0,97.0,0.485,22.0,50.0,0.44,11.0,14.0,0.786,10.0,39.0,49.0,32.0,9.0,7.0,20.0,21.0,0.616,0.598,0.515,0.144,28.6,76.5,57.0,68.1,8.5,10.6,16.2,100.0,119.9,96.3,12.0,21.0,1.0,9.0,15.0,1.0,4.0,5.0,1.0,4.0,11.0,15.0,7.0,2.0,3.0,6.0,5.0,37.0,29.0,1.167,1.167,0.917,0.5,33.3,49.5,37.2,77.5,11.0,17.7,100.0,51.6,245.0,107.0,33.2,84.9
256,MEM,128,1,WAS,104,0,2024-11-08,2025,True,240.0,46.0,97.0,0.474,14.0,43.0,0.326,22.0,25.0,0.88,13.0,37.0,50.0,30.0,10.0,10.0,19.0,19.0,0.593,0.546,0.443,0.258,30.2,77.1,54.9,65.2,9.3,17.2,15.0,100.0,118.4,96.2,14.0,28.0,0.625,5.0,12.0,0.6,6.0,7.0,1.0,3.0,9.0,10.0,11.0,2.0,4.0,3.0,4.0,39.0,24.0,0.786,0.786,1.0,0.833,12.5,46.2,24.3,49.0,4.9,23.3,30.0,45.5,163.0,105.0,38.0,93.0,0.409,9.0,35.0,0.257,19.0,23.0,0.826,11.0,30.0,41.0,27.0,14.0,8.0,18.0,27.0,0.504,0.457,0.376,0.247,22.9,69.8,45.1,71.1,13.0,14.8,14.9,100.0,96.2,118.4,7.0,12.0,1.0,3.0,8.0,1.0,7.0,9.0,1.0,3.0,9.0,10.0,8.0,4.0,3.0,4.0,4.0,17.0,0.0,1.25,1.25,1.0,1.286,22.1,30.0,23.3,65.8,9.8,11.4,28.8,43.7,250.0,130.0,84.9,33.2
257,WAS,104,0,MEM,128,1,2024-11-08,2025,False,240.0,38.0,93.0,0.409,9.0,35.0,0.257,19.0,23.0,0.826,11.0,30.0,41.0,27.0,14.0,8.0,18.0,27.0,0.504,0.457,0.376,0.247,22.9,69.8,45.1,71.1,13.0,14.8,14.9,100.0,96.2,118.4,7.0,12.0,1.0,3.0,8.0,1.0,7.0,9.0,1.0,3.0,9.0,10.0,8.0,4.0,3.0,4.0,4.0,17.0,0.0,1.25,1.25,1.0,1.286,22.1,30.0,23.3,65.8,9.8,11.4,28.8,43.7,250.0,130.0,46.0,97.0,0.474,14.0,43.0,0.326,22.0,25.0,0.88,13.0,37.0,50.0,30.0,10.0,10.0,19.0,19.0,0.593,0.546,0.443,0.258,30.2,77.1,54.9,65.2,9.3,17.2,15.0,100.0,118.4,96.2,14.0,28.0,0.625,5.0,12.0,0.6,6.0,7.0,1.0,3.0,9.0,10.0,11.0,2.0,4.0,3.0,4.0,39.0,24.0,0.786,0.786,1.0,0.833,12.5,46.2,24.3,49.0,4.9,23.3,30.0,45.5,163.0,105.0,71.5,94.80000000000001
258,MIN,127,1,POR,102,0,2024-11-08,2025,True,240.0,47.0,97.0,0.485,22.0,50.0,0.44,11.0,14.0,0.786,10.0,39.0,49.0,32.0,9.0,7.0,20.0,21.0,0.616,0.598,0.515,0.144,28.6,76.5,57.0,68.1,8.5,10.6,16.2,100.0,119.9,96.3,12.0,21.0,1.0,9.0,15.0,1.0,4.0,5.0,1.0,4.0,11.0,15.0,7.0,2.0,3.0,6.0,5.0,37.0,29.0,1.167,1.167,0.917,0.5,33.3,49.5,37.2,77.5,11.0,17.7,100.0,51.6,245.0,107.0,39.0,91.0,0.429,6.0,25.0,0.24,18.0,24.0,0.75,12.0,25.0,37.0,13.0,11.0,7.0,17.0,17.0,0.502,0.462,0.275,0.264,23.5,71.4,43.0,33.3,10.4,14.9,14.3,100.0,96.3,119.9,6.0,16.0,0.8,2.0,7.0,1.0,4.0,5.0,1.0,2.0,4.0,6.0,3.0,2.0,2.0,6.0,4.0,16.0,0.0,0.962,0.9,0.667,0.8,19.3,30.6,22.9,34.8,7.6,11.0,100.0,31.0,203.0,128.0,47.7,93.9
259,CHA,103,1,IND,83,0,2024-11-08,2025,True,240.0,38.0,90.0,0.422,17.0,50.0,0.34,10.0,12.0,0.833,13.0,43.0,56.0,23.0,6.0,7.0,15.0,16.0,0.541,0.517,0.556,0.133,30.2,86.0,60.2,60.5,6.4,13.0,13.6,100.0,109.5,88.3,10.0,29.0,1.0,7.0,18.0,0.636,6.0,8.0,1.0,4.0,11.0,15.0,6.0,1.0,3.0,3.0,3.0,31.0,39.0,1.0,1.0,1.0,0.276,15.6,77.8,41.8,36.8,1.9,9.2,66.7,43.9,163.0,97.0,33.0,83.0,0.398,9.0,29.0,0.31,8.0,14.0,0.571,7.0,30.0,37.0,24.0,10.0,4.0,14.0,16.0,0.465,0.452,0.349,0.169,14.0,69.8,39.8,72.7,10.6,10.0,13.6,100.0,88.3,109.5,11.0,17.0,0.647,5.0,7.0,1.0,4.0,5.0,1.0,4.0,6.0,10.0,9.0,3.0,2.0,3.0,5.0,27.0,5.0,0.755,0.794,1.0,0.313,12.0,28.7,16.2,41.8,5.7,7.5,22.2,27.5,119.0,123.0,76.7,70.1
260,BOS,108,1,BRK,104,0,2024-11-08,2025,True,265.0,39.0,90.0,0.433,14.0,53.0,0.264,16.0,19.0,0.842,4.0,35.0,39.0,23.0,7.0,9.0,13.0,15.0,0.549,0.511,0.589,0.211,9.3,74.5,43.3,59.0,6.7,14.5,11.7,100.0,103.6,99.8,11.0,25.0,0.571,5.0,13.0,0.429,6.0,7.0,1.0,1.0,9.0,10.0,6.0,3.0,3.0,3.0,3.0,33.0,15.0,0.758,0.682,1.0,1.0,4.6,38.2,22.2,29.8,4.3,9.7,41.0,34.9,134.0,111.0,41.0,100.0,0.41,10.0,38.0,0.263,12.0,15.0,0.8,12.0,39.0,51.0,24.0,6.0,3.0,13.0,22.0,0.488,0.46,0.38,0.15,25.5,90.7,56.7,58.5,5.8,8.1,10.9,100.0,99.8,103.6,11.0,23.0,0.667,4.0,9.0,0.444,5.0,7.0,1.0,4.0,9.0,12.0,8.0,4.0,2.0,4.0,5.0,31.0,1.0,0.667,0.667,0.615,0.318,19.4,42.4,30.4,46.8,5.4,10.2,33.3,31.9,143.0,109.0,69.39999999999999,83.0
261,IND,83,0,CHA,103,1,2024-11-08,2025,False,240.0,33.0,83.0,0.398,9.0,29.0,0.31,8.0,14.0,0.571,7.0,30.0,37.0,24.0,10.0,4.0,14.0,16.0,0.465,0.452,0.349,0.169,14.0,69.8,39.8,72.7,10.6,10.0,13.6,100.0,88.3,109.5,11.0,17.0,0.647,5.0,7.0,1.0,4.0,5.0,1.0,4.0,6.0,10.0,9.0,3.0,2.0,3.0,5.0,27.0,5.0,0.755,0.794,1.0,0.313,12.0,28.7,16.2,41.8,5.7,7.5,22.2,27.5,119.0,123.0,38.0,90.0,0.422,17.0,50.0,0.34,10.0,12.0,0.833,13.0,43.0,56.0,23.0,6.0,7.0,15.0,16.0,0.541,0.517,0.556,0.133,30.2,86.0,60.2,60.5,6.4,13.0,13.6,100.0,109.5,88.3,10.0,29.0,1.0,7.0,18.0,0.636,6.0,8.0,1.0,4.0,11.0,15.0,6.0,1.0,3.0,3.0,3.0,31.0,39.0,1.0,1.0,1.0,0.276,15.6,77.8,41.8,36.8,1.9,9.2,66.7,43.9,163.0,97.0,83.0,69.39999999999999
262,PHI,106,0,LAL,116,1,2024-11-08,2025,False,240.0,39.0,96.0,0.406,13.0,39.0,0.333,15.0,23.0,0.652,13.0,31.0,44.0,28.0,6.0,4.0,8.0,14.0,0.499,0.474,0.406,0.24,24.5,86.1,49.4,71.8,6.1,8.0,7.0,100.0,108.3,118.5,6.0,17.0,1.0,4.0,9.0,1.0,2.0,7.0,1.0,5.0,7.0,12.0,8.0,3.0,1.0,2.0,4.0,18.0,8.0,1.083,1.083,0.857,1.0,39.4,58.0,46.9,72.3,6.6,41.7,25.0,28.7,223.0,125.0,44.0,85.0,0.518,16.0,35.0,0.457,12.0,14.0,0.857,5.0,40.0,45.0,28.0,1.0,13.0,13.0,17.0,0.636,0.612,0.412,0.165,13.9,75.5,50.6,63.6,1.0,22.8,12.5,100.0,118.5,108.3,11.0,20.0,1.0,6.0,10.0,1.0,7.0,8.0,1.0,3.0,12.0,12.0,13.0,1.0,4.0,3.0,5.0,31.0,20.0,1.5,1.5,1.0,0.5,11.3,61.7,36.8,74.4,1.8,21.6,50.0,94.3,236.0,118.0,76.3,88.60000000000001
263,GSW,117,0,CLE,136,1,2024-11-08,2025,False,240.0,47.0,98.0,0.48,13.0,42.0,0.31,10.0,14.0,0.714,11.0,29.0,40.0,32.0,14.0,4.0,17.0,24.0,0.562,0.546,0.429,0.143,24.4,76.3,48.2,68.1,13.1,9.3,14.0,100.0,109.6,127.4,7.0,14.0,1.0,3.0,7.0,1.0,4.0,6.0,1.0,2.0,6.0,7.0,6.0,4.0,1.0,6.0,4.0,21.0,7.0,1.5,1.5,1.0,0.429,22.5,48.4,25.8,33.1,6.8,11.4,36.5,27.4,264.0,138.0,46.0,85.0,0.541,20.0,42.0,0.476,24.0,28.0,0.857,9.0,34.0,43.0,33.0,7.0,7.0,20.0,12.0,0.699,0.659,0.494,0.329,23.7,75.6,51.8,71.7,6.6,12.5,17.0,100.0,127.4,109.6,9.0,17.0,1.0,6.0,11.0,1.0,9.0,10.0,1.0,4.0,8.0,12.0,6.0,3.0,2.0,4.0,4.0,27.0,32.0,1.5,1.5,1.0,0.833,16.7,29.1,22.9,43.7,6.4,9.4,33.3,35.7,260.0,118.0,88.60000000000001,76.3
264,DET,122,1,ATL,121,0,2024-11-08,2025,True,240.0,44.0,86.0,0.512,13.0,33.0,0.394,21.0,31.0,0.677,11.0,34.0,45.0,27.0,7.0,8.0,21.0,18.0,0.612,0.587,0.384,0.36,27.5,69.4,50.6,61.4,6.5,13.1,17.4,100.0,114.1,113.1,8.0,17.0,0.625,5.0,9.0,1.0,5.0,7.0,1.0,4.0,10.0,11.0,13.0,3.0,3.0,7.0,4.0,22.0,5.0,0.745,0.731,0.667,1.0,14.7,27.0,18.2,51.5,4.6,8.0,34.2,28.7,155.0,123.0,44.0,97.0,0.454,15.0,36.0,0.417,18.0,23.0,0.783,15.0,29.0,44.0,30.0,12.0,6.0,18.0,21.0,0.565,0.531,0.371,0.237,30.6,72.5,49.4,68.2,11.2,11.3,14.4,100.0,113.1,114.1,11.0,25.0,1.0,6.0,12.0,1.0,7.0,8.0,1.0,7.0,9.0,12.0,13.0,7.0,2.0,3.0,4.0,35.0,14.0,1.5,1.5,1.0,0.6,36.7,37.6,34.7,48.9,8.2,12.9,75.0,29.5,255.0,120.0,93.9,47.7
265,PHO,114,0,DAL,113,1,2024-11-08,2025,True,240.0,43.0,86.0,0.5,15.0,39.0,0.385,13.0,18.0,0.722,11.0,26.0,37.0,26.0,6.0,2.0,9.0,18.0,0.607,0.587,0.453,0.209,26.2,76.5,48.7,60.5,6.7,4.3,8.7,100.0,126.6,125.5,8.0,17.0,1.0,4.0,8.0,1.0,7.0,7.0,1.0,3.0,7.0,10.0,12.0,2.0,2.0,3.0,4.0,26.0,14.0,1.066,1.125,0.75,1.0,12.3,29.3,18.8,46.3,5.7,5.5,20.5,43.2,205.0,132.0,41.0,80.0,0.513,11.0,33.0,0.333,20.0,22.0,0.909,8.0,31.0,39.0,18.0,5.0,1.0,11.0,22.0,0.63,0.581,0.413,0.275,23.5,73.8,51.3,43.9,5.6,2.1,10.9,100.0,125.5,126.6,11.0,25.0,1.0,5.0,12.0,1.0,7.0,9.0,1.0,3.0,7.0,7.0,7.0,3.0,1.0,3.0,6.0,30.0,9.0,1.064,1.0,1.0,2.0,18.3,35.0,19.3,28.0,3.9,4.1,50.0,63.6,226.0,134.0,70.1,76.7
266,DAL,113,1,PHO,114,0,2024-11-08,2025,False,240.0,41.0,80.0,0.513,11.0,33.0,0.333,20.0,22.0,0.909,8.0,31.0,39.0,18.0,5.0,1.0,11.0,22.0,0.63,0.581,0.413,0.275,23.5,73.8,51.3,43.9,5.6,2.1,10.9,100.0,125.5,126.6,11.0,25.0,1.0,5.0,12.0,1.0,7.0,9.0,1.0,3.0,7.0,7.0,7.0,3.0,1.0,3.0,6.0,30.0,9.0,1.064,1.0,1.0,2.0,18.3,35.0,19.3,28.0,3.9,4.1,50.0,63.6,226.0,134.0,43.0,86.0,0.5,15.0,39.0,0.385,13.0,18.0,0.722,11.0,26.0,37.0,26.0,6.0,2.0,9.0,18.0,0.607,0.587,0.453,0.209,26.2,76.5,48.7,60.5,6.7,4.3,8.7,100.0,126.6,125.5,8.0,17.0,1.0,4.0,8.0,1.0,7.0,7.0,1.0,3.0,7.0,10.0,12.0,2.0,2.0,3.0,4.0,26.0,14.0,1.066,1.125,0.75,1.0,12.3,29.3,18.8,46.3,5.7,5.5,20.5,43.2,205.0,132.0,107.5,83.3
267,MIA,122,0,DEN,135,1,2024-11-08,2025,False,240.0,46.0,94.0,0.489,20.0,43.0,0.465,10.0,13.0,0.769,9.0,24.0,33.0,33.0,11.0,1.0,14.0,19.0,0.612,0.596,0.457,0.138,21.4,80.0,45.8,71.7,10.9,2.2,12.3,100.0,120.7,133.6,10.0,21.0,1.0,6.0,10.0,1.0,5.0,6.0,1.0,2.0,7.0,9.0,11.0,4.0,1.0,3.0,5.0,24.0,8.0,0.906,1.5,1.0,4.0,17.0,45.5,19.0,38.5,9.0,14.8,33.3,27.1,148.0,141.0,50.0,81.0,0.617,18.0,35.0,0.514,17.0,19.0,0.895,6.0,33.0,39.0,37.0,5.0,5.0,18.0,13.0,0.755,0.728,0.432,0.235,20.0,78.6,54.2,74.0,4.9,9.8,16.8,100.0,133.6,120.7,11.0,17.0,1.0,5.0,10.0,1.0,7.0,7.0,1.0,2.0,9.0,11.0,14.0,2.0,1.0,5.0,3.0,30.0,28.0,1.167,1.167,0.667,0.667,17.2,36.5,21.3,45.7,2.6,3.9,28.6,30.3,163.0,125.0,83.3,107.5
268,DEN,135,1,MIA,122,0,2024-11-08,2025,True,240.0,50.0,81.0,0.617,18.0,35.0,0.514,17.0,19.0,0.895,6.0,33.0,39.0,37.0,5.0,5.0,18.0,13.0,0.755,0.728,0.432,0.235,20.0,78.6,54.2,74.0,4.9,9.8,16.8,100.0,133.6,120.7,11.0,17.0,1.0,5.0,10.0,1.0,7.0,7.0,1.0,2.0,9.0,11.0,14.0,2.0,1.0,5.0,3.0,30.0,28.0,1.167,1.167,0.667,0.667,17.2,36.5,21.3,45.7,2.6,3.9,28.6,30.3,163.0,125.0,46.0,94.0,0.489,20.0,43.0,0.465,10.0,13.0,0.769,9.0,24.0,33.0,33.0,11.0,1.0,14.0,19.0,0.612,0.596,0.457,0.138,21.4,80.0,45.8,71.7,10.9,2.2,12.3,100.0,120.7,133.6,10.0,21.0,1.0,6.0,10.0,1.0,5.0,6.0,1.0,2.0,7.0,9.0,11.0,4.0,1.0,3.0,5.0,24.0,8.0,0.906,1.5,1.0,4.0,17.0,45.5,19.0,38.5,9.0,14.8,33.3,27.1,148.0,141.0,80.4,45.099999999999994
269,ATL,121,0,DET,122,1,2024-11-08,2025,False,240.0,44.0,97.0,0.454,15.0,36.0,0.417,18.0,23.0,0.783,15.0,29.0,44.0,30.0,12.0,6.0,18.0,21.0,0.565,0.531,0.371,0.237,30.6,72.5,49.4,68.2,11.2,11.3,14.4,100.0,113.1,114.1,11.0,25.0,1.0,6.0,12.0,1.0,7.0,8.0,1.0,7.0,9.0,12.0,13.0,7.0,2.0,3.0,4.0,35.0,14.0,1.5,1.5,1.0,0.6,36.7,37.6,34.7,48.9,8.2,12.9,75.0,29.5,255.0,120.0,44.0,86.0,0.512,13.0,33.0,0.394,21.0,31.0,0.677,11.0,34.0,45.0,27.0,7.0,8.0,21.0,18.0,0.612,0.587,0.384,0.36,27.5,69.4,50.6,61.4,6.5,13.1,17.4,100.0,114.1,113.1,8.0,17.0,0.625,5.0,9.0,1.0,5.0,7.0,1.0,4.0,10.0,11.0,13.0,3.0,3.0,7.0,4.0,22.0,5.0,0.745,0.731,0.667,1.0,14.7,27.0,18.2,51.5,4.6,8.0,34.2,28.7,155.0,123.0,45.099999999999994,80.4
270,CLE,136,1,GSW,117,0,2024-11-08,2025,True,240.0,46.0,85.0,0.541,20.0,42.0,0.476,24.0,28.0,0.857,9.0,34.0,43.0,33.0,7.0,7.0,20.0,12.0,0.699,0.659,0.494,0.329,23.7,75.6,51.8,71.7,6.6,12.5,17.0,100.0,127.4,109.6,9.0,17.0,1.0,6.0,11.0,1.0,9.0,10.0,1.0,4.0,8.0,12.0,6.0,3.0,2.0,4.0,4.0,27.0,32.0,1.5,1.5,1.0,0.833,16.7,29.1,22.9,43.7,6.4,9.4,33.3,35.7,260.0,118.0,47.0,98.0,0.48,13.0,42.0,0.31,10.0,14.0,0.714,11.0,29.0,40.0,32.0,14.0,4.0,17.0,24.0,0.562,0.546,0.429,0.143,24.4,76.3,48.2,68.1,13.1,9.3,14.0,100.0,109.6,127.4,7.0,14.0,1.0,3.0,7.0,1.0,4.0,6.0,1.0,2.0,6.0,7.0,6.0,4.0,1.0,6.0,4.0,21.0,7.0,1.5,1.5,1.0,0.429,22.5,48.4,25.8,33.1,6.8,11.4,36.5,27.4,264.0,138.0,49.0,76.3
271,BRK,104,0,BOS,108,1,2024-11-08,2025,False,265.0,41.0,100.0,0.41,10.0,38.0,0.263,12.0,15.0,0.8,12.0,39.0,51.0,24.0,6.0,3.0,13.0,22.0,0.488,0.46,0.38,0.15,25.5,90.7,56.7,58.5,5.8,8.1,10.9,100.0,99.8,103.6,11.0,23.0,0.667,4.0,9.0,0.444,5.0,7.0,1.0,4.0,9.0,12.0,8.0,4.0,2.0,4.0,5.0,31.0,1.0,0.667,0.667,0.615,0.318,19.4,42.4,30.4,46.8,5.4,10.2,33.3,31.9,143.0,109.0,39.0,90.0,0.433,14.0,53.0,0.264,16.0,19.0,0.842,4.0,35.0,39.0,23.0,7.0,9.0,13.0,15.0,0.549,0.511,0.589,0.211,9.3,74.5,43.3,59.0,6.7,14.5,11.7,100.0,103.6,99.8,11.0,25.0,0.571,5.0,13.0,0.429,6.0,7.0,1.0,1.0,9.0,10.0,6.0,3.0,3.0,3.0,3.0,33.0,15.0,0.758,0.682,1.0,1.0,4.6,38.2,22.2,29.8,4.3,9.7,41.0,34.9,134.0,111.0,76.3,49.0
272,SAS,110,1,UTA,111,0,2024-11-09,2025,False,240.0,38.0,85.0,0.447,17.0,47.0,0.362,17.0,19.0,0.895,6.0,31.0,37.0,29.0,8.0,10.0,20.0,26.0,0.589,0.547,0.553,0.224,14.3,77.5,45.1,76.3,7.7,20.4,17.6,100.0,105.4,106.3,8.0,16.0,0.615,6.0,9.0,1.0,5.0,6.0,1.0,3.0,13.0,16.0,9.0,2.0,7.0,6.0,5.0,24.0,17.0,0.756,0.733,1.0,0.6,10.5,47.7,28.7,41.3,6.5,21.0,31.1,32.9,134.0,115.0,38.0,82.0,0.463,10.0,33.0,0.303,25.0,35.0,0.714,9.0,36.0,45.0,23.0,13.0,4.0,18.0,20.0,0.57,0.524,0.402,0.427,22.5,85.7,54.9,60.5,12.5,10.5,15.6,100.0,106.3,105.4,8.0,15.0,0.75,3.0,7.0,0.5,7.0,8.0,1.0,3.0,7.0,10.0,6.0,3.0,1.0,5.0,5.0,23.0,11.0,0.94,0.875,0.667,0.8,12.7,27.7,20.2,36.4,5.7,7.4,40.0,31.5,192.0,114.0,56.7,86.80000000000001
273,UTA,111,0,SAS,110,1,2024-11-09,2025,True,240.0,38.0,82.0,0.463,10.0,33.0,0.303,25.0,35.0,0.714,9.0,36.0,45.0,23.0,13.0,4.0,18.0,20.0,0.57,0.524,0.402,0.427,22.5,85.7,54.9,60.5,12.5,10.5,15.6,100.0,106.3,105.4,8.0,15.0,0.75,3.0,7.0,0.5,7.0,8.0,1.0,3.0,7.0,10.0,6.0,3.0,1.0,5.0,5.0,23.0,11.0,0.94,0.875,0.667,0.8,12.7,27.7,20.2,36.4,5.7,7.4,40.0,31.5,192.0,114.0,38.0,85.0,0.447,17.0,47.0,0.362,17.0,19.0,0.895,6.0,31.0,37.0,29.0,8.0,10.0,20.0,26.0,0.589,0.547,0.553,0.224,14.3,77.5,45.1,76.3,7.7,20.4,17.6,100.0,105.4,106.3,8.0,16.0,0.615,6.0,9.0,1.0,5.0,6.0,1.0,3.0,13.0,16.0,9.0,2.0,7.0,6.0,5.0,24.0,17.0,0.756,0.733,1.0,0.6,10.5,47.7,28.7,41.3,6.5,21.0,31.1,32.9,134.0,115.0,86.80000000000001,56.7
274,LAC,105,1,TOR,103,0,2024-11-09,2025,True,240.0,35.0,76.0,0.461,10.0,26.0,0.385,25.0,32.0,0.781,7.0,40.0,47.0,18.0,6.0,8.0,14.0,20.0,0.583,0.526,0.342,0.421,17.9,76.9,51.6,51.4,6.2,13.8,13.5,100.0,107.8,105.8,7.0,17.0,1.0,3.0,8.0,1.0,12.0,13.0,1.0,2.0,11.0,12.0,7.0,2.0,3.0,4.0,5.0,24.0,16.0,1.167,1.167,0.6,0.765,8.6,29.7,18.5,46.6,2.6,9.8,100.0,36.1,154.0,114.0,40.0,95.0,0.421,11.0,37.0,0.297,12.0,21.0,0.571,12.0,32.0,44.0,26.0,8.0,5.0,10.0,23.0,0.494,0.479,0.389,0.221,23.1,82.1,48.4,65.0,8.2,10.0,8.8,100.0,105.8,107.8,9.0,18.0,0.667,3.0,8.0,0.5,3.0,6.0,1.0,3.0,10.0,12.0,4.0,2.0,3.0,4.0,5.0,21.0,13.0,0.75,0.75,1.0,1.0,11.5,40.8,21.0,59.0,5.3,11.3,100.0,32.0,162.0,117.0,66.5,83.0
275,TOR,103,0,LAC,105,1,2024-11-09,2025,False,240.0,40.0,95.0,0.421,11.0,37.0,0.297,12.0,21.0,0.571,12.0,32.0,44.0,26.0,8.0,5.0,10.0,23.0,0.494,0.479,0.389,0.221,23.1,82.1,48.4,65.0,8.2,10.0,8.8,100.0,105.8,107.8,9.0,18.0,0.667,3.0,8.0,0.5,3.0,6.0,1.0,3.0,10.0,12.0,4.0,2.0,3.0,4.0,5.0,21.0,13.0,0.75,0.75,1.0,1.0,11.5,40.8,21.0,59.0,5.3,11.3,100.0,32.0,162.0,117.0,35.0,76.0,0.461,10.0,26.0,0.385,25.0,32.0,0.781,7.0,40.0,47.0,18.0,6.0,8.0,14.0,20.0,0.583,0.526,0.342,0.421,17.9,76.9,51.6,51.4,6.2,13.8,13.5,100.0,107.8,105.8,7.0,17.0,1.0,3.0,8.0,1.0,12.0,13.0,1.0,2.0,11.0,12.0,7.0,2.0,3.0,4.0,5.0,24.0,16.0,1.167,1.167,0.6,0.765,8.6,29.7,18.5,46.6,2.6,9.8,100.0,36.1,154.0,114.0,83.0,66.5
276,BRK,100,0,CLE,105,1,2024-11-09,2025,False,240.0,34.0,76.0,0.447,15.0,43.0,0.349,17.0,18.0,0.944,10.0,26.0,36.0,21.0,4.0,2.0,20.0,14.0,0.596,0.546,0.566,0.237,25.6,86.7,52.2,61.8,4.3,4.3,19.2,100.0,108.4,113.9,8.0,17.0,0.8,4.0,8.0,0.571,8.0,8.0,1.0,3.0,8.0,10.0,6.0,2.0,1.0,6.0,3.0,23.0,11.0,0.803,0.8,1.0,0.6,24.6,40.0,22.7,30.8,7.3,7.3,40.0,37.8,164.0,118.0,40.0,74.0,0.541,10.0,28.0,0.357,15.0,19.0,0.789,4.0,29.0,33.0,24.0,12.0,5.0,16.0,18.0,0.637,0.608,0.378,0.257,13.3,74.4,47.8,60.0,13.0,15.2,16.3,100.0,113.9,108.4,10.0,12.0,0.909,4.0,6.0,1.0,8.0,8.0,1.0,3.0,13.0,16.0,6.0,4.0,2.0,4.0,3.0,23.0,19.0,0.871,0.955,1.0,0.667,13.6,45.4,31.6,38.3,5.9,9.9,30.4,23.8,153.0,119.0,78.4,107.5
277,ATL,113,1,CHI,125,0,2024-11-09,2025,False,240.0,41.0,89.0,0.461,9.0,29.0,0.31,22.0,30.0,0.733,10.0,29.0,39.0,31.0,8.0,5.0,14.0,19.0,0.553,0.511,0.326,0.337,22.7,69.0,45.3,75.6,7.7,9.4,12.0,100.0,109.0,120.6,8.0,16.0,0.667,3.0,6.0,1.0,5.0,6.0,1.0,5.0,7.0,9.0,16.0,6.0,2.0,6.0,4.0,20.0,4.0,0.773,0.833,1.0,0.8,21.3,30.6,19.6,60.7,7.7,6.0,50.0,34.9,159.0,129.0,46.0,92.0,0.5,13.0,39.0,0.333,20.0,23.0,0.87,13.0,34.0,47.0,30.0,12.0,6.0,18.0,18.0,0.612,0.571,0.424,0.25,31.0,77.3,54.7,65.2,11.6,10.0,15.0,100.0,120.6,109.0,8.0,14.0,0.7,2.0,9.0,1.0,4.0,4.0,1.0,4.0,10.0,12.0,7.0,3.0,2.0,3.0,3.0,19.0,14.0,0.839,0.8,0.75,1.0,32.3,34.7,21.3,36.2,6.5,5.7,69.4,26.6,181.0,120.0,107.5,78.4
278,CHI,125,0,ATL,113,1,2024-11-09,2025,True,240.0,46.0,92.0,0.5,13.0,39.0,0.333,20.0,23.0,0.87,13.0,34.0,47.0,30.0,12.0,6.0,18.0,18.0,0.612,0.571,0.424,0.25,31.0,77.3,54.7,65.2,11.6,10.0,15.0,100.0,120.6,109.0,8.0,14.0,0.7,2.0,9.0,1.0,4.0,4.0,1.0,4.0,10.0,12.0,7.0,3.0,2.0,3.0,3.0,19.0,14.0,0.839,0.8,0.75,1.0,32.3,34.7,21.3,36.2,6.5,5.7,69.4,26.6,181.0,120.0,41.0,89.0,0.461,9.0,29.0,0.31,22.0,30.0,0.733,10.0,29.0,39.0,31.0,8.0,5.0,14.0,19.0,0.553,0.511,0.326,0.337,22.7,69.0,45.3,75.6,7.7,9.4,12.0,100.0,109.0,120.6,8.0,16.0,0.667,3.0,6.0,1.0,5.0,6.0,1.0,5.0,7.0,9.0,16.0,6.0,2.0,6.0,4.0,20.0,4.0,0.773,0.833,1.0,0.8,21.3,30.6,19.6,60.7,7.7,6.0,50.0,34.9,159.0,129.0,80.4,49.0
279,CLE,105,1,BRK,100,0,2024-11-09,2025,True,240.0,40.0,74.0,0.541,10.0,28.0,0.357,15.0,19.0,0.789,4.0,29.0,33.0,24.0,12.0,5.0,16.0,18.0,0.637,0.608,0.378,0.257,13.3,74.4,47.8,60.0,13.0,15.2,16.3,100.0,113.9,108.4,10.0,12.0,0.909,4.0,6.0,1.0,8.0,8.0,1.0,3.0,13.0,16.0,6.0,4.0,2.0,4.0,3.0,23.0,19.0,0.871,0.955,1.0,0.667,13.6,45.4,31.6,38.3,5.9,9.9,30.4,23.8,153.0,119.0,34.0,76.0,0.447,15.0,43.0,0.349,17.0,18.0,0.944,10.0,26.0,36.0,21.0,4.0,2.0,20.0,14.0,0.596,0.546,0.566,0.237,25.6,86.7,52.2,61.8,4.3,4.3,19.2,100.0,108.4,113.9,8.0,17.0,0.8,4.0,8.0,0.571,8.0,8.0,1.0,3.0,8.0,10.0,6.0,2.0,1.0,6.0,3.0,23.0,11.0,0.803,0.8,1.0,0.6,24.6,40.0,22.7,30.8,7.3,7.3,40.0,37.8,164.0,118.0,49.0,80.4
280,GSW,127,0,OKC,116,1,2024-11-10,2025,True,240.0,45.0,89.0,0.506,21.0,43.0,0.488,16.0,23.0,0.696,13.0,33.0,46.0,35.0,8.0,3.0,15.0,26.0,0.641,0.624,0.483,0.258,32.5,70.2,52.9,77.8,8.1,4.9,13.1,100.0,129.1,117.9,13.0,23.0,1.0,7.0,13.0,0.667,4.0,6.0,1.0,5.0,8.0,10.0,11.0,3.0,1.0,4.0,5.0,36.0,21.0,0.902,1.0,0.75,0.667,17.1,43.3,23.4,42.4,5.5,3.0,37.5,32.0,145.0,128.0,42.0,94.0,0.447,11.0,33.0,0.333,21.0,26.0,0.808,14.0,27.0,41.0,25.0,4.0,6.0,11.0,18.0,0.55,0.505,0.351,0.277,29.8,67.5,47.1,59.5,4.1,13.0,9.4,100.0,117.9,129.1,9.0,17.0,0.6,3.0,8.0,1.0,12.0,14.0,1.0,4.0,5.0,6.0,4.0,1.0,4.0,4.0,4.0,24.0,8.0,0.735,0.7,0.857,0.824,27.3,92.9,42.7,23.0,2.4,13.3,20.1,33.2,154.0,136.0,56.7,61.599999999999994
281,MEM,134,0,POR,89,1,2024-11-10,2025,True,240.0,47.0,85.0,0.553,16.0,43.0,0.372,24.0,28.0,0.857,10.0,41.0,51.0,32.0,15.0,13.0,23.0,17.0,0.688,0.647,0.506,0.329,27.0,71.9,54.3,68.1,13.6,22.4,19.1,100.0,121.4,80.6,7.0,12.0,0.75,3.0,7.0,1.0,5.0,6.0,1.0,3.0,7.0,7.0,11.0,4.0,6.0,6.0,4.0,20.0,33.0,0.871,0.875,1.0,4.0,24.3,48.1,29.2,59.0,7.1,25.2,43.2,31.6,170.0,95.0,34.0,100.0,0.34,4.0,42.0,0.095,17.0,21.0,0.81,16.0,27.0,43.0,18.0,9.0,3.0,24.0,21.0,0.407,0.36,0.42,0.21,28.1,73.0,45.7,52.9,8.2,7.1,18.0,100.0,80.6,121.4,7.0,18.0,0.714,2.0,8.0,0.333,5.0,6.0,1.0,4.0,5.0,8.0,8.0,2.0,1.0,4.0,3.0,20.0,-6.0,0.781,0.714,0.833,0.8,21.1,57.0,22.4,48.2,6.2,10.0,44.4,47.7,140.0,129.0,66.4,91.19999999999999
282,PHO,118,1,SAC,127,0,2024-11-10,2025,False,265.0,44.0,105.0,0.419,18.0,57.0,0.316,12.0,15.0,0.8,8.0,40.0,48.0,30.0,11.0,3.0,12.0,19.0,0.529,0.505,0.543,0.143,14.0,83.3,45.7,68.2,9.6,4.6,9.7,100.0,103.0,110.8,9.0,22.0,1.0,6.0,11.0,0.6,7.0,9.0,1.0,2.0,9.0,11.0,12.0,2.0,1.0,2.0,4.0,28.0,7.0,0.904,1.0,0.846,1.5,7.2,50.9,23.3,44.6,5.8,3.8,23.1,25.8,172.0,118.0,50.0,102.0,0.49,11.0,37.0,0.297,16.0,19.0,0.842,8.0,49.0,57.0,23.0,7.0,3.0,15.0,20.0,0.575,0.544,0.363,0.186,16.7,86.0,54.3,46.0,6.1,6.3,12.0,100.0,110.8,103.0,14.0,25.0,0.667,5.0,9.0,1.0,5.0,6.0,1.0,4.0,13.0,14.0,8.0,3.0,1.0,6.0,6.0,34.0,11.0,0.872,0.833,1.0,0.667,11.4,37.2,20.2,32.9,6.2,6.3,36.8,29.4,127.0,111.0,91.19999999999999,66.4
283,OKC,116,1,GSW,127,0,2024-11-10,2025,False,240.0,42.0,94.0,0.447,11.0,33.0,0.333,21.0,26.0,0.808,14.0,27.0,41.0,25.0,4.0,6.0,11.0,18.0,0.55,0.505,0.351,0.277,29.8,67.5,47.1,59.5,4.1,13.0,9.4,100.0,117.9,129.1,9.0,17.0,0.6,3.0,8.0,1.0,12.0,14.0,1.0,4.0,5.0,6.0,4.0,1.0,4.0,4.0,4.0,24.0,8.0,0.735,0.7,0.857,0.824,27.3,92.9,42.7,23.0,2.4,13.3,20.1,33.2,154.0,136.0,45.0,89.0,0.506,21.0,43.0,0.488,16.0,23.0,0.696,13.0,33.0,46.0,35.0,8.0,3.0,15.0,26.0,0.641,0.624,0.483,0.258,32.5,70.2,52.9,77.8,8.1,4.9,13.1,100.0,129.1,117.9,13.0,23.0,1.0,7.0,13.0,0.667,4.0,6.0,1.0,5.0,8.0,10.0,11.0,3.0,1.0,4.0,5.0,36.0,21.0,0.902,1.0,0.75,0.667,17.1,43.3,23.4,42.4,5.5,3.0,37.5,32.0,145.0,128.0,61.599999999999994,56.7
284,PHI,107,1,CHA,105,0,2024-11-10,2025,True,265.0,39.0,84.0,0.464,9.0,33.0,0.273,20.0,26.0,0.769,8.0,32.0,40.0,24.0,8.0,1.0,17.0,23.0,0.561,0.518,0.393,0.31,17.4,72.7,44.4,61.5,7.6,2.4,15.1,100.0,101.6,99.7,10.0,18.0,0.667,3.0,9.0,0.5,4.0,4.0,1.0,3.0,7.0,10.0,9.0,4.0,1.0,4.0,5.0,27.0,12.0,0.84,0.833,1.0,1.333,14.5,35.4,24.7,48.8,4.9,3.9,50.0,32.5,137.0,110.0,36.0,95.0,0.379,14.0,54.0,0.259,19.0,22.0,0.864,12.0,38.0,50.0,22.0,10.0,5.0,21.0,22.0,0.502,0.453,0.568,0.232,27.3,82.6,55.6,61.1,9.5,9.8,16.7,100.0,99.7,101.6,13.0,30.0,0.5,6.0,18.0,0.333,6.0,7.0,1.0,5.0,8.0,11.0,8.0,2.0,3.0,6.0,4.0,38.0,3.0,0.604,0.533,0.688,1.0,27.2,48.0,27.7,55.1,3.4,8.2,28.6,40.7,139.0,111.0,71.2,35.8
285,CHA,105,0,PHI,107,1,2024-11-10,2025,False,265.0,36.0,95.0,0.379,14.0,54.0,0.259,19.0,22.0,0.864,12.0,38.0,50.0,22.0,10.0,5.0,21.0,22.0,0.502,0.453,0.568,0.232,27.3,82.6,55.6,61.1,9.5,9.8,16.7,100.0,99.7,101.6,13.0,30.0,0.5,6.0,18.0,0.333,6.0,7.0,1.0,5.0,8.0,11.0,8.0,2.0,3.0,6.0,4.0,38.0,3.0,0.604,0.533,0.688,1.0,27.2,48.0,27.7,55.1,3.4,8.2,28.6,40.7,139.0,111.0,39.0,84.0,0.464,9.0,33.0,0.273,20.0,26.0,0.769,8.0,32.0,40.0,24.0,8.0,1.0,17.0,23.0,0.561,0.518,0.393,0.31,17.4,72.7,44.4,61.5,7.6,2.4,15.1,100.0,101.6,99.7,10.0,18.0,0.667,3.0,9.0,0.5,4.0,4.0,1.0,3.0,7.0,10.0,9.0,4.0,1.0,4.0,5.0,27.0,12.0,0.84,0.833,1.0,1.333,14.5,35.4,24.7,48.8,4.9,3.9,50.0,32.5,137.0,110.0,35.8,71.2
286,ORL,121,1,WAS,94,0,2024-11-10,2025,True,240.0,41.0,91.0,0.451,17.0,48.0,0.354,22.0,25.0,0.88,15.0,29.0,44.0,25.0,6.0,5.0,12.0,21.0,0.593,0.544,0.527,0.275,33.3,80.6,54.3,61.0,6.4,12.8,10.5,100.0,130.1,101.0,9.0,20.0,1.0,3.0,6.0,1.0,8.0,8.0,1.0,6.0,6.0,12.0,7.0,2.0,2.0,4.0,5.0,23.0,21.0,1.5,1.5,1.0,2.0,29.6,55.4,32.8,48.6,10.7,25.6,33.3,32.0,300.0,110.0,33.0,72.0,0.458,10.0,33.0,0.303,18.0,25.0,0.72,7.0,30.0,37.0,20.0,4.0,7.0,17.0,25.0,0.566,0.528,0.458,0.347,19.4,66.7,45.7,60.6,4.3,16.3,17.0,100.0,101.0,130.1,9.0,19.0,1.0,4.0,10.0,0.5,5.0,6.0,1.0,3.0,7.0,7.0,6.0,1.0,3.0,3.0,6.0,24.0,0.0,1.031,1.0,0.889,0.667,27.7,44.3,36.9,36.7,4.6,11.9,43.6,36.8,178.0,139.0,103.1,43.5
287,WAS,94,0,ORL,121,1,2024-11-10,2025,False,240.0,33.0,72.0,0.458,10.0,33.0,0.303,18.0,25.0,0.72,7.0,30.0,37.0,20.0,4.0,7.0,17.0,25.0,0.566,0.528,0.458,0.347,19.4,66.7,45.7,60.6,4.3,16.3,17.0,100.0,101.0,130.1,9.0,19.0,1.0,4.0,10.0,0.5,5.0,6.0,1.0,3.0,7.0,7.0,6.0,1.0,3.0,3.0,6.0,24.0,0.0,1.031,1.0,0.889,0.667,27.7,44.3,36.9,36.7,4.6,11.9,43.6,36.8,178.0,139.0,41.0,91.0,0.451,17.0,48.0,0.354,22.0,25.0,0.88,15.0,29.0,44.0,25.0,6.0,5.0,12.0,21.0,0.593,0.544,0.527,0.275,33.3,80.6,54.3,61.0,6.4,12.8,10.5,100.0,130.1,101.0,9.0,20.0,1.0,3.0,6.0,1.0,8.0,8.0,1.0,6.0,6.0,12.0,7.0,2.0,2.0,4.0,5.0,23.0,21.0,1.5,1.5,1.0,2.0,29.6,55.4,32.8,48.6,10.7,25.6,33.3,32.0,300.0,110.0,43.5,103.1
288,POR,89,1,MEM,134,0,2024-11-10,2025,False,240.0,34.0,100.0,0.34,4.0,42.0,0.095,17.0,21.0,0.81,16.0,27.0,43.0,18.0,9.0,3.0,24.0,21.0,0.407,0.36,0.42,0.21,28.1,73.0,45.7,52.9,8.2,7.1,18.0,100.0,80.6,121.4,7.0,18.0,0.714,2.0,8.0,0.333,5.0,6.0,1.0,4.0,5.0,8.0,8.0,2.0,1.0,4.0,3.0,20.0,-6.0,0.781,0.714,0.833,0.8,21.1,57.0,22.4,48.2,6.2,10.0,44.4,47.7,140.0,129.0,47.0,85.0,0.553,16.0,43.0,0.372,24.0,28.0,0.857,10.0,41.0,51.0,32.0,15.0,13.0,23.0,17.0,0.688,0.647,0.506,0.329,27.0,71.9,54.3,68.1,13.6,22.4,19.1,100.0,121.4,80.6,7.0,12.0,0.75,3.0,7.0,1.0,5.0,6.0,1.0,3.0,7.0,7.0,11.0,4.0,6.0,6.0,4.0,20.0,33.0,0.871,0.875,1.0,4.0,24.3,48.1,29.2,59.0,7.1,25.2,43.2,31.6,170.0,95.0,95.4,84.9
289,MIN,94,1,MIA,95,0,2024-11-10,2025,False,240.0,35.0,88.0,0.398,13.0,45.0,0.289,11.0,13.0,0.846,16.0,31.0,47.0,22.0,13.0,5.0,20.0,20.0,0.501,0.472,0.511,0.148,30.2,83.8,52.2,62.9,13.2,10.9,17.6,100.0,95.2,96.2,8.0,24.0,0.833,4.0,14.0,0.667,4.0,4.0,1.0,6.0,7.0,13.0,6.0,4.0,2.0,6.0,4.0,22.0,10.0,1.0,1.0,0.778,0.75,16.7,27.9,21.3,31.3,6.6,6.4,30.8,35.5,199.0,104.0,34.0,77.0,0.442,11.0,31.0,0.355,16.0,22.0,0.727,6.0,37.0,43.0,18.0,14.0,9.0,23.0,20.0,0.548,0.513,0.403,0.286,16.2,69.8,47.8,52.9,14.2,20.9,21.0,100.0,96.2,95.2,9.0,15.0,0.667,4.0,8.0,0.5,4.0,6.0,1.0,2.0,7.0,7.0,7.0,5.0,3.0,8.0,5.0,26.0,12.0,0.756,0.733,0.8,2.0,19.9,27.8,24.5,44.3,15.3,37.1,34.7,32.5,118.0,107.0,84.9,95.4
290,SAC,127,0,PHO,118,1,2024-11-10,2025,True,265.0,50.0,102.0,0.49,11.0,37.0,0.297,16.0,19.0,0.842,8.0,49.0,57.0,23.0,7.0,3.0,15.0,20.0,0.575,0.544,0.363,0.186,16.7,86.0,54.3,46.0,6.1,6.3,12.0,100.0,110.8,103.0,14.0,25.0,0.667,5.0,9.0,1.0,5.0,6.0,1.0,4.0,13.0,14.0,8.0,3.0,1.0,6.0,6.0,34.0,11.0,0.872,0.833,1.0,0.667,11.4,37.2,20.2,32.9,6.2,6.3,36.8,29.4,127.0,111.0,44.0,105.0,0.419,18.0,57.0,0.316,12.0,15.0,0.8,8.0,40.0,48.0,30.0,11.0,3.0,12.0,19.0,0.529,0.505,0.543,0.143,14.0,83.3,45.7,68.2,9.6,4.6,9.7,100.0,103.0,110.8,9.0,22.0,1.0,6.0,11.0,0.6,7.0,9.0,1.0,2.0,9.0,11.0,12.0,2.0,1.0,2.0,4.0,28.0,7.0,0.904,1.0,0.846,1.5,7.2,50.9,23.3,44.6,5.8,3.8,23.1,25.8,172.0,118.0,51.5,94.80000000000001
291,NYK,121,0,IND,132,1,2024-11-10,2025,False,240.0,46.0,83.0,0.554,7.0,25.0,0.28,22.0,27.0,0.815,8.0,31.0,39.0,23.0,5.0,3.0,14.0,20.0,0.638,0.596,0.301,0.325,22.9,86.1,54.9,50.0,5.0,7.1,12.9,100.0,120.8,131.8,11.0,19.0,1.0,3.0,6.0,0.75,10.0,12.0,1.0,3.0,8.0,10.0,10.0,2.0,1.0,3.0,4.0,33.0,2.0,1.0,1.0,0.556,0.706,9.9,29.2,15.8,35.8,3.3,2.9,50.0,27.8,144.0,137.0,45.0,88.0,0.511,21.0,46.0,0.457,21.0,25.0,0.84,5.0,27.0,32.0,27.0,6.0,4.0,10.0,22.0,0.667,0.631,0.523,0.284,13.9,77.1,45.1,60.0,6.0,6.9,9.2,100.0,131.8,120.8,13.0,18.0,1.0,7.0,10.0,0.778,9.0,11.0,1.0,3.0,6.0,8.0,14.0,2.0,2.0,2.0,4.0,38.0,16.0,1.0,1.0,1.0,0.611,11.7,31.6,15.9,63.7,3.5,4.2,20.0,31.1,209.0,126.0,83.3,76.7
292,DAL,120,0,DEN,122,1,2024-11-10,2025,False,240.0,48.0,90.0,0.533,10.0,33.0,0.303,14.0,19.0,0.737,10.0,32.0,42.0,29.0,7.0,5.0,10.0,17.0,0.61,0.589,0.367,0.211,23.8,71.1,48.3,60.4,7.3,8.3,9.2,100.0,124.5,126.6,17.0,22.0,0.778,6.0,8.0,0.75,4.0,6.0,1.0,3.0,8.0,9.0,9.0,2.0,2.0,5.0,5.0,43.0,7.0,0.922,0.909,0.714,1.333,16.1,22.5,19.4,28.3,3.5,4.7,18.8,30.7,173.0,135.0,45.0,89.0,0.506,14.0,29.0,0.483,18.0,26.0,0.692,13.0,32.0,45.0,35.0,6.0,5.0,10.0,16.0,0.607,0.584,0.326,0.292,28.9,76.2,51.7,77.8,6.2,8.8,9.1,100.0,126.6,124.5,13.0,21.0,0.667,4.0,6.0,1.0,8.0,8.0,1.0,8.0,10.0,18.0,15.0,3.0,2.0,4.0,3.0,37.0,15.0,0.889,0.889,0.556,1.0,22.4,30.1,26.1,66.3,3.9,7.2,16.7,32.6,171.0,131.0,47.7,93.9
293,DEN,122,1,DAL,120,0,2024-11-10,2025,True,240.0,45.0,89.0,0.506,14.0,29.0,0.483,18.0,26.0,0.692,13.0,32.0,45.0,35.0,6.0,5.0,10.0,16.0,0.607,0.584,0.326,0.292,28.9,76.2,51.7,77.8,6.2,8.8,9.1,100.0,126.6,124.5,13.0,21.0,0.667,4.0,6.0,1.0,8.0,8.0,1.0,8.0,10.0,18.0,15.0,3.0,2.0,4.0,3.0,37.0,15.0,0.889,0.889,0.556,1.0,22.4,30.1,26.1,66.3,3.9,7.2,16.7,32.6,171.0,131.0,48.0,90.0,0.533,10.0,33.0,0.303,14.0,19.0,0.737,10.0,32.0,42.0,29.0,7.0,5.0,10.0,17.0,0.61,0.589,0.367,0.211,23.8,71.1,48.3,60.4,7.3,8.3,9.2,100.0,124.5,126.6,17.0,22.0,0.778,6.0,8.0,0.75,4.0,6.0,1.0,3.0,8.0,9.0,9.0,2.0,2.0,5.0,5.0,43.0,7.0,0.922,0.909,0.714,1.333,16.1,22.5,19.4,28.3,3.5,4.7,18.8,30.7,173.0,135.0,93.9,47.7
294,HOU,101,0,DET,99,1,2024-11-10,2025,True,240.0,38.0,93.0,0.409,7.0,34.0,0.206,18.0,24.0,0.75,17.0,36.0,53.0,19.0,10.0,5.0,12.0,21.0,0.488,0.446,0.366,0.258,32.7,76.6,53.5,50.0,10.3,10.0,10.4,100.0,103.8,101.8,11.0,17.0,0.647,2.0,8.0,0.5,5.0,7.0,1.0,4.0,7.0,10.0,7.0,3.0,1.0,2.0,5.0,27.0,14.0,0.676,0.667,1.0,1.333,24.4,24.4,16.0,26.3,4.3,3.6,25.0,28.9,139.0,107.0,36.0,84.0,0.429,11.0,34.0,0.324,16.0,23.0,0.696,11.0,35.0,46.0,21.0,6.0,6.0,18.0,21.0,0.526,0.494,0.405,0.274,23.4,67.3,46.5,58.3,6.2,10.2,16.1,100.0,101.8,103.8,10.0,21.0,1.0,4.0,9.0,0.5,4.0,6.0,1.0,5.0,8.0,8.0,9.0,3.0,2.0,6.0,6.0,26.0,8.0,1.042,1.0,1.0,1.0,15.5,22.0,13.1,52.9,4.3,5.5,28.6,32.8,163.0,111.0,76.3,69.39999999999999
295,DET,99,1,HOU,101,0,2024-11-10,2025,False,240.0,36.0,84.0,0.429,11.0,34.0,0.324,16.0,23.0,0.696,11.0,35.0,46.0,21.0,6.0,6.0,18.0,21.0,0.526,0.494,0.405,0.274,23.4,67.3,46.5,58.3,6.2,10.2,16.1,100.0,101.8,103.8,10.0,21.0,1.0,4.0,9.0,0.5,4.0,6.0,1.0,5.0,8.0,8.0,9.0,3.0,2.0,6.0,6.0,26.0,8.0,1.042,1.0,1.0,1.0,15.5,22.0,13.1,52.9,4.3,5.5,28.6,32.8,163.0,111.0,38.0,93.0,0.409,7.0,34.0,0.206,18.0,24.0,0.75,17.0,36.0,53.0,19.0,10.0,5.0,12.0,21.0,0.488,0.446,0.366,0.258,32.7,76.6,53.5,50.0,10.3,10.0,10.4,100.0,103.8,101.8,11.0,17.0,0.647,2.0,8.0,0.5,5.0,7.0,1.0,4.0,7.0,10.0,7.0,3.0,1.0,2.0,5.0,27.0,14.0,0.676,0.667,1.0,1.333,24.4,24.4,16.0,26.3,4.3,3.6,25.0,28.9,139.0,107.0,69.39999999999999,76.3
296,MIA,95,0,MIN,94,1,2024-11-10,2025,True,240.0,34.0,77.0,0.442,11.0,31.0,0.355,16.0,22.0,0.727,6.0,37.0,43.0,18.0,14.0,9.0,23.0,20.0,0.548,0.513,0.403,0.286,16.2,69.8,47.8,52.9,14.2,20.9,21.0,100.0,96.2,95.2,9.0,15.0,0.667,4.0,8.0,0.5,4.0,6.0,1.0,2.0,7.0,7.0,7.0,5.0,3.0,8.0,5.0,26.0,12.0,0.756,0.733,0.8,2.0,19.9,27.8,24.5,44.3,15.3,37.1,34.7,32.5,118.0,107.0,35.0,88.0,0.398,13.0,45.0,0.289,11.0,13.0,0.846,16.0,31.0,47.0,22.0,13.0,5.0,20.0,20.0,0.501,0.472,0.511,0.148,30.2,83.8,52.2,62.9,13.2,10.9,17.6,100.0,95.2,96.2,8.0,24.0,0.833,4.0,14.0,0.667,4.0,4.0,1.0,6.0,7.0,13.0,6.0,4.0,2.0,6.0,4.0,22.0,10.0,1.0,1.0,0.778,0.75,16.7,27.9,21.3,31.3,6.6,6.4,30.8,35.5,199.0,104.0,88.60000000000001,70.1
297,IND,132,1,NYK,121,0,2024-11-10,2025,True,240.0,45.0,88.0,0.511,21.0,46.0,0.457,21.0,25.0,0.84,5.0,27.0,32.0,27.0,6.0,4.0,10.0,22.0,0.667,0.631,0.523,0.284,13.9,77.1,45.1,60.0,6.0,6.9,9.2,100.0,131.8,120.8,13.0,18.0,1.0,7.0,10.0,0.778,9.0,11.0,1.0,3.0,6.0,8.0,14.0,2.0,2.0,2.0,4.0,38.0,16.0,1.0,1.0,1.0,0.611,11.7,31.6,15.9,63.7,3.5,4.2,20.0,31.1,209.0,126.0,46.0,83.0,0.554,7.0,25.0,0.28,22.0,27.0,0.815,8.0,31.0,39.0,23.0,5.0,3.0,14.0,20.0,0.638,0.596,0.301,0.325,22.9,86.1,54.9,50.0,5.0,7.1,12.9,100.0,120.8,131.8,11.0,19.0,1.0,3.0,6.0,0.75,10.0,12.0,1.0,3.0,8.0,10.0,10.0,2.0,1.0,3.0,4.0,33.0,2.0,1.0,1.0,0.556,0.706,9.9,29.2,15.8,35.8,3.3,2.9,50.0,27.8,144.0,137.0,70.1,88.60000000000001
298,TOR,103,0,LAL,123,1,2024-11-10,2025,False,240.0,37.0,82.0,0.451,10.0,29.0,0.345,19.0,22.0,0.864,12.0,28.0,40.0,26.0,2.0,2.0,18.0,23.0,0.562,0.512,0.354,0.268,34.3,73.7,54.8,70.3,2.2,4.1,16.4,100.0,112.8,134.7,7.0,15.0,1.0,4.0,7.0,0.8,7.0,9.0,1.0,4.0,7.0,10.0,5.0,1.0,1.0,4.0,4.0,18.0,3.0,1.015,1.0,1.0,0.6,21.3,31.4,24.5,37.6,2.6,9.3,66.7,33.5,200.0,140.0,44.0,86.0,0.512,12.0,37.0,0.324,23.0,28.0,0.821,10.0,23.0,33.0,30.0,9.0,4.0,5.0,15.0,0.626,0.581,0.43,0.326,26.3,65.7,45.2,68.2,9.9,7.5,4.8,100.0,134.7,112.8,10.0,17.0,1.0,3.0,9.0,1.0,8.0,10.0,1.0,3.0,8.0,10.0,16.0,2.0,2.0,3.0,4.0,27.0,21.0,1.5,1.5,1.0,1.25,17.7,82.3,39.5,61.8,31.5,7.0,16.7,27.9,300.0,123.0,76.7,83.3
299,LAL,123,1,TOR,103,0,2024-11-10,2025,True,240.0,44.0,86.0,0.512,12.0,37.0,0.324,23.0,28.0,0.821,10.0,23.0,33.0,30.0,9.0,4.0,5.0,15.0,0.626,0.581,0.43,0.326,26.3,65.7,45.2,68.2,9.9,7.5,4.8,100.0,134.7,112.8,10.0,17.0,1.0,3.0,9.0,1.0,8.0,10.0,1.0,3.0,8.0,10.0,16.0,2.0,2.0,3.0,4.0,27.0,21.0,1.5,1.5,1.0,1.25,17.7,82.3,39.5,61.8,31.5,7.0,16.7,27.9,300.0,123.0,37.0,82.0,0.451,10.0,29.0,0.345,19.0,22.0,0.864,12.0,28.0,40.0,26.0,2.0,2.0,18.0,23.0,0.562,0.512,0.354,0.268,34.3,73.7,54.8,70.3,2.2,4.1,16.4,100.0,112.8,134.7,7.0,15.0,1.0,4.0,7.0,0.8,7.0,9.0,1.0,4.0,7.0,10.0,5.0,1.0,1.0,4.0,4.0,18.0,3.0,1.015,1.0,1.0,0.6,21.3,31.4,24.5,37.6,2.6,9.3,66.7,33.5,200.0,140.0,45.099999999999994,95.0
300,BOS,113,0,MIL,107,1,2024-11-10,2025,True,240.0,35.0,86.0,0.407,19.0,50.0,0.38,24.0,27.0,0.889,8.0,34.0,42.0,27.0,5.0,2.0,12.0,16.0,0.577,0.517,0.581,0.314,18.2,87.2,50.6,77.1,5.1,4.1,10.9,100.0,115.6,109.5,7.0,21.0,0.6,5.0,12.0,0.625,13.0,15.0,1.0,2.0,12.0,12.0,6.0,2.0,1.0,5.0,3.0,31.0,15.0,0.862,0.85,0.857,0.714,19.1,36.7,19.7,29.5,3.9,3.1,22.3,35.4,247.0,115.0,39.0,81.0,0.481,13.0,32.0,0.406,16.0,21.0,0.762,5.0,36.0,41.0,21.0,9.0,8.0,13.0,18.0,0.593,0.562,0.395,0.259,12.8,81.8,49.4,53.8,9.2,22.2,12.6,100.0,109.5,115.6,18.0,29.0,0.667,4.0,8.0,0.75,6.0,10.0,1.0,1.0,12.0,13.0,6.0,3.0,3.0,3.0,4.0,43.0,8.0,1.0,1.0,1.0,0.667,10.1,33.4,19.2,36.2,5.5,32.7,50.0,40.9,181.0,127.0,95.0,45.099999999999994
301,MIL,107,1,BOS,113,0,2024-11-10,2025,False,240.0,39.0,81.0,0.481,13.0,32.0,0.406,16.0,21.0,0.762,5.0,36.0,41.0,21.0,9.0,8.0,13.0,18.0,0.593,0.562,0.395,0.259,12.8,81.8,49.4,53.8,9.2,22.2,12.6,100.0,109.5,115.6,18.0,29.0,0.667,4.0,8.0,0.75,6.0,10.0,1.0,1.0,12.0,13.0,6.0,3.0,3.0,3.0,4.0,43.0,8.0,1.0,1.0,1.0,0.667,10.1,33.4,19.2,36.2,5.5,32.7,50.0,40.9,181.0,127.0,35.0,86.0,0.407,19.0,50.0,0.38,24.0,27.0,0.889,8.0,34.0,42.0,27.0,5.0,2.0,12.0,16.0,0.577,0.517,0.581,0.314,18.2,87.2,50.6,77.1,5.1,4.1,10.9,100.0,115.6,109.5,7.0,21.0,0.6,5.0,12.0,0.625,13.0,15.0,1.0,2.0,12.0,12.0,6.0,2.0,1.0,5.0,3.0,31.0,15.0,0.862,0.85,0.857,0.714,19.1,36.7,19.7,29.5,3.9,3.1,22.3,35.4,247.0,115.0,94.80000000000001,51.5
302,NOP,105,1,BRK,107,0,2024-11-11,2025,False,240.0,42.0,94.0,0.447,10.0,30.0,0.333,11.0,12.0,0.917,14.0,31.0,45.0,31.0,13.0,4.0,11.0,15.0,0.529,0.5,0.319,0.128,30.4,68.9,49.5,73.8,14.0,9.5,10.0,100.0,113.2,115.4,10.0,24.0,1.0,2.0,9.0,0.667,3.0,4.0,1.0,3.0,8.0,11.0,10.0,3.0,2.0,4.0,3.0,24.0,6.0,1.0,1.0,0.8,0.5,34.2,35.8,23.6,43.0,12.6,12.5,21.2,35.5,200.0,127.0,36.0,84.0,0.429,19.0,42.0,0.452,16.0,19.0,0.842,14.0,32.0,46.0,24.0,4.0,5.0,17.0,14.0,0.579,0.542,0.5,0.226,31.1,69.6,50.5,66.7,4.3,7.8,15.5,100.0,115.4,113.2,6.0,13.0,0.6,5.0,10.0,0.8,4.0,4.0,1.0,5.0,7.0,9.0,12.0,2.0,2.0,3.0,3.0,17.0,9.0,0.781,0.8,0.769,0.444,21.3,26.0,18.4,87.4,4.6,4.7,37.5,30.6,133.0,122.0,80.6,91.19999999999999
303,SAS,116,1,SAC,96,0,2024-11-11,2025,True,240.0,43.0,85.0,0.506,22.0,46.0,0.478,8.0,8.0,1.0,8.0,36.0,44.0,31.0,5.0,5.0,18.0,10.0,0.655,0.635,0.541,0.094,22.2,80.0,54.3,72.1,5.2,9.4,16.9,100.0,121.7,100.7,13.0,22.0,1.0,6.0,12.0,1.0,3.0,3.0,1.0,4.0,10.0,14.0,11.0,2.0,3.0,3.0,2.0,34.0,28.0,1.0,1.0,1.0,0.5,15.7,31.3,24.4,50.9,58.1,8.0,100.0,52.0,200.0,110.0,39.0,91.0,0.429,10.0,38.0,0.263,8.0,9.0,0.889,9.0,28.0,37.0,18.0,11.0,4.0,11.0,14.0,0.505,0.484,0.418,0.099,20.0,77.8,45.7,46.2,11.5,10.3,10.4,100.0,100.7,121.7,11.0,19.0,0.579,2.0,6.0,1.0,4.0,5.0,1.0,4.0,8.0,12.0,6.0,3.0,2.0,4.0,5.0,24.0,8.0,0.625,0.625,0.833,0.333,11.9,29.6,19.7,26.7,6.3,9.1,100.0,32.7,138.0,132.0,61.599999999999994,66.5
304,LAC,128,0,OKC,134,1,2024-11-11,2025,False,240.0,44.0,80.0,0.55,20.0,37.0,0.541,20.0,29.0,0.69,15.0,32.0,47.0,31.0,5.0,5.0,24.0,22.0,0.69,0.675,0.463,0.363,42.9,78.0,61.8,70.5,5.0,11.1,20.6,100.0,128.0,134.0,10.0,15.0,0.75,5.0,8.0,0.8,6.0,8.0,1.0,4.0,10.0,14.0,9.0,3.0,3.0,5.0,6.0,31.0,4.0,0.837,0.833,1.0,0.667,16.5,34.4,26.0,35.7,3.9,9.4,50.0,26.7,185.0,138.0,47.0,91.0,0.516,18.0,46.0,0.391,22.0,23.0,0.957,9.0,20.0,29.0,31.0,16.0,5.0,11.0,23.0,0.663,0.615,0.505,0.253,22.0,57.1,38.2,66.0,16.0,11.6,9.8,100.0,134.0,128.0,13.0,21.0,0.688,4.0,8.0,0.667,15.0,16.0,1.0,2.0,6.0,8.0,9.0,5.0,2.0,3.0,5.0,45.0,17.0,0.833,0.833,1.0,0.762,20.7,48.4,33.4,35.3,6.1,5.7,40.0,31.6,168.0,140.0,66.5,61.599999999999994
305,OKC,134,1,LAC,128,0,2024-11-11,2025,True,240.0,47.0,91.0,0.516,18.0,46.0,0.391,22.0,23.0,0.957,9.0,20.0,29.0,31.0,16.0,5.0,11.0,23.0,0.663,0.615,0.505,0.253,22.0,57.1,38.2,66.0,16.0,11.6,9.8,100.0,134.0,128.0,13.0,21.0,0.688,4.0,8.0,0.667,15.0,16.0,1.0,2.0,6.0,8.0,9.0,5.0,2.0,3.0,5.0,45.0,17.0,0.833,0.833,1.0,0.762,20.7,48.4,33.4,35.3,6.1,5.7,40.0,31.6,168.0,140.0,44.0,80.0,0.55,20.0,37.0,0.541,20.0,29.0,0.69,15.0,32.0,47.0,31.0,5.0,5.0,24.0,22.0,0.69,0.675,0.463,0.363,42.9,78.0,61.8,70.5,5.0,11.1,20.6,100.0,128.0,134.0,10.0,15.0,0.75,5.0,8.0,0.8,6.0,8.0,1.0,4.0,10.0,14.0,9.0,3.0,3.0,5.0,6.0,31.0,4.0,0.837,0.833,1.0,0.667,16.5,34.4,26.0,35.7,3.9,9.4,50.0,26.7,185.0,138.0,91.19999999999999,80.6
306,SAC,96,0,SAS,116,1,2024-11-11,2025,False,240.0,39.0,91.0,0.429,10.0,38.0,0.263,8.0,9.0,0.889,9.0,28.0,37.0,18.0,11.0,4.0,11.0,14.0,0.505,0.484,0.418,0.099,20.0,77.8,45.7,46.2,11.5,10.3,10.4,100.0,100.7,121.7,11.0,19.0,0.579,2.0,6.0,1.0,4.0,5.0,1.0,4.0,8.0,12.0,6.0,3.0,2.0,4.0,5.0,24.0,8.0,0.625,0.625,0.833,0.333,11.9,29.6,19.7,26.7,6.3,9.1,100.0,32.7,138.0,132.0,43.0,85.0,0.506,22.0,46.0,0.478,8.0,8.0,1.0,8.0,36.0,44.0,31.0,5.0,5.0,18.0,10.0,0.655,0.635,0.541,0.094,22.2,80.0,54.3,72.1,5.2,9.4,16.9,100.0,121.7,100.7,13.0,22.0,1.0,6.0,12.0,1.0,3.0,3.0,1.0,4.0,10.0,14.0,11.0,2.0,3.0,3.0,2.0,34.0,28.0,1.0,1.0,1.0,0.5,15.7,31.3,24.4,50.9,58.1,8.0,100.0,52.0,200.0,110.0,83.0,33.2
307,CLE,119,0,CHI,113,1,2024-11-11,2025,True,240.0,43.0,97.0,0.443,15.0,45.0,0.333,18.0,24.0,0.75,12.0,31.0,43.0,26.0,14.0,3.0,9.0,13.0,0.553,0.521,0.464,0.247,21.8,79.5,45.7,60.5,13.5,6.1,7.7,100.0,114.6,108.8,12.0,26.0,0.6,7.0,16.0,0.5,5.0,6.0,1.0,5.0,7.0,11.0,6.0,4.0,2.0,3.0,3.0,36.0,21.0,0.667,0.667,1.0,0.714,13.9,26.4,17.9,42.7,6.5,10.5,20.9,34.1,129.0,117.0,43.0,87.0,0.494,14.0,38.0,0.368,13.0,16.0,0.813,8.0,43.0,51.0,26.0,7.0,5.0,21.0,17.0,0.601,0.575,0.437,0.184,20.5,78.2,54.3,60.5,6.7,9.6,18.3,100.0,108.8,114.6,12.0,20.0,1.0,5.0,11.0,0.5,5.0,6.0,1.0,2.0,9.0,10.0,7.0,4.0,1.0,5.0,4.0,26.0,16.0,1.0,1.0,1.0,0.75,27.4,23.4,15.6,33.1,5.0,9.4,50.0,26.1,125.0,124.0,78.4,67.69999999999999
308,CHI,113,1,CLE,119,0,2024-11-11,2025,False,240.0,43.0,87.0,0.494,14.0,38.0,0.368,13.0,16.0,0.813,8.0,43.0,51.0,26.0,7.0,5.0,21.0,17.0,0.601,0.575,0.437,0.184,20.5,78.2,54.3,60.5,6.7,9.6,18.3,100.0,108.8,114.6,12.0,20.0,1.0,5.0,11.0,0.5,5.0,6.0,1.0,2.0,9.0,10.0,7.0,4.0,1.0,5.0,4.0,26.0,16.0,1.0,1.0,1.0,0.75,27.4,23.4,15.6,33.1,5.0,9.4,50.0,26.1,125.0,124.0,43.0,97.0,0.443,15.0,45.0,0.333,18.0,24.0,0.75,12.0,31.0,43.0,26.0,14.0,3.0,9.0,13.0,0.553,0.521,0.464,0.247,21.8,79.5,45.7,60.5,13.5,6.1,7.7,100.0,114.6,108.8,12.0,26.0,0.6,7.0,16.0,0.5,5.0,6.0,1.0,5.0,7.0,11.0,6.0,4.0,2.0,3.0,3.0,36.0,21.0,0.667,0.667,1.0,0.714,13.9,26.4,17.9,42.7,6.5,10.5,20.9,34.1,129.0,117.0,107.5,61.0
309,BRK,107,0,NOP,105,1,2024-11-11,2025,True,240.0,36.0,84.0,0.429,19.0,42.0,0.452,16.0,19.0,0.842,14.0,32.0,46.0,24.0,4.0,5.0,17.0,14.0,0.579,0.542,0.5,0.226,31.1,69.6,50.5,66.7,4.3,7.8,15.5,100.0,115.4,113.2,6.0,13.0,0.6,5.0,10.0,0.8,4.0,4.0,1.0,5.0,7.0,9.0,12.0,2.0,2.0,3.0,3.0,17.0,9.0,0.781,0.8,0.769,0.444,21.3,26.0,18.4,87.4,4.6,4.7,37.5,30.6,133.0,122.0,42.0,94.0,0.447,10.0,30.0,0.333,11.0,12.0,0.917,14.0,31.0,45.0,31.0,13.0,4.0,11.0,15.0,0.529,0.5,0.319,0.128,30.4,68.9,49.5,73.8,14.0,9.5,10.0,100.0,113.2,115.4,10.0,24.0,1.0,2.0,9.0,0.667,3.0,4.0,1.0,3.0,8.0,11.0,10.0,3.0,2.0,4.0,3.0,24.0,6.0,1.0,1.0,0.8,0.5,34.2,35.8,23.6,43.0,12.6,12.5,21.2,35.5,200.0,127.0,61.0,107.5
310,WAS,92,0,HOU,107,1,2024-11-11,2025,False,240.0,36.0,88.0,0.409,11.0,31.0,0.355,9.0,13.0,0.692,8.0,26.0,34.0,21.0,14.0,5.0,19.0,17.0,0.491,0.472,0.352,0.148,16.3,60.5,37.0,58.3,13.9,7.8,16.9,100.0,91.4,106.3,7.0,18.0,1.0,3.0,8.0,1.0,2.0,4.0,1.0,3.0,5.0,8.0,6.0,4.0,2.0,8.0,3.0,18.0,5.0,1.5,1.5,1.0,0.667,43.2,61.4,28.7,73.4,6.2,5.4,100.0,37.8,261.0,119.0,40.0,87.0,0.46,5.0,23.0,0.217,22.0,25.0,0.88,17.0,41.0,58.0,13.0,12.0,10.0,21.0,17.0,0.546,0.489,0.264,0.287,39.5,83.7,63.0,32.5,11.9,17.5,17.6,100.0,106.3,91.4,12.0,19.0,0.632,1.0,7.0,1.0,6.0,8.0,1.0,7.0,10.0,17.0,3.0,4.0,4.0,6.0,5.0,27.0,22.0,0.814,0.7,0.7,1.0,25.2,53.9,28.7,21.7,6.8,12.0,66.7,28.5,157.0,103.0,67.69999999999999,78.4
311,HOU,107,1,WAS,92,0,2024-11-11,2025,True,240.0,40.0,87.0,0.46,5.0,23.0,0.217,22.0,25.0,0.88,17.0,41.0,58.0,13.0,12.0,10.0,21.0,17.0,0.546,0.489,0.264,0.287,39.5,83.7,63.0,32.5,11.9,17.5,17.6,100.0,106.3,91.4,12.0,19.0,0.632,1.0,7.0,1.0,6.0,8.0,1.0,7.0,10.0,17.0,3.0,4.0,4.0,6.0,5.0,27.0,22.0,0.814,0.7,0.7,1.0,25.2,53.9,28.7,21.7,6.8,12.0,66.7,28.5,157.0,103.0,36.0,88.0,0.409,11.0,31.0,0.355,9.0,13.0,0.692,8.0,26.0,34.0,21.0,14.0,5.0,19.0,17.0,0.491,0.472,0.352,0.148,16.3,60.5,37.0,58.3,13.9,7.8,16.9,100.0,91.4,106.3,7.0,18.0,1.0,3.0,8.0,1.0,2.0,4.0,1.0,3.0,5.0,8.0,6.0,4.0,2.0,8.0,3.0,18.0,5.0,1.5,1.5,1.0,0.667,43.2,61.4,28.7,73.4,6.2,5.4,100.0,37.8,261.0,119.0,33.2,83.0
312,CHA,89,0,ORL,114,1,2024-11-12,2025,False,240.0,34.0,84.0,0.405,13.0,38.0,0.342,8.0,14.0,0.571,8.0,40.0,48.0,22.0,7.0,3.0,22.0,18.0,0.494,0.482,0.452,0.167,18.6,83.3,52.7,64.7,6.9,6.1,19.6,100.0,87.1,111.6,13.0,27.0,0.857,6.0,14.0,1.0,3.0,4.0,1.0,3.0,12.0,15.0,7.0,2.0,3.0,5.0,4.0,35.0,2.0,1.0,1.0,1.0,0.8,15.6,40.1,26.4,71.8,3.5,9.8,80.0,43.5,180.0,119.0,43.0,93.0,0.462,13.0,44.0,0.295,15.0,19.0,0.789,8.0,35.0,43.0,25.0,12.0,7.0,11.0,21.0,0.562,0.532,0.473,0.204,16.7,81.4,47.3,58.1,11.7,15.2,9.8,100.0,111.6,87.1,14.0,25.0,0.75,3.0,9.0,1.0,6.0,6.0,1.0,2.0,7.0,8.0,5.0,3.0,2.0,2.0,4.0,32.0,30.0,0.934,0.875,1.0,0.857,10.4,56.8,26.8,56.8,6.7,8.5,25.0,65.2,177.0,98.0,56.7,67.3
313,ORL,114,1,CHA,89,0,2024-11-12,2025,True,240.0,43.0,93.0,0.462,13.0,44.0,0.295,15.0,19.0,0.789,8.0,35.0,43.0,25.0,12.0,7.0,11.0,21.0,0.562,0.532,0.473,0.204,16.7,81.4,47.3,58.1,11.7,15.2,9.8,100.0,111.6,87.1,14.0,25.0,0.75,3.0,9.0,1.0,6.0,6.0,1.0,2.0,7.0,8.0,5.0,3.0,2.0,2.0,4.0,32.0,30.0,0.934,0.875,1.0,0.857,10.4,56.8,26.8,56.8,6.7,8.5,25.0,65.2,177.0,98.0,34.0,84.0,0.405,13.0,38.0,0.342,8.0,14.0,0.571,8.0,40.0,48.0,22.0,7.0,3.0,22.0,18.0,0.494,0.482,0.452,0.167,18.6,83.3,52.7,64.7,6.9,6.1,19.6,100.0,87.1,111.6,13.0,27.0,0.857,6.0,14.0,1.0,3.0,4.0,1.0,3.0,12.0,15.0,7.0,2.0,3.0,5.0,4.0,35.0,2.0,1.0,1.0,1.0,0.8,15.6,40.1,26.4,71.8,3.5,9.8,80.0,43.5,180.0,119.0,67.3,56.7
314,PHO,120,0,UTA,112,1,2024-11-12,2025,True,240.0,43.0,86.0,0.5,18.0,39.0,0.462,16.0,22.0,0.727,10.0,32.0,42.0,21.0,6.0,11.0,10.0,11.0,0.627,0.605,0.453,0.256,27.0,72.7,51.9,48.8,6.4,20.4,9.5,100.0,128.2,119.6,11.0,20.0,0.667,5.0,9.0,1.0,4.0,6.0,1.0,4.0,11.0,14.0,7.0,2.0,3.0,3.0,3.0,31.0,12.0,0.8,0.8,0.9,0.5,24.2,45.3,33.2,26.3,4.4,11.3,27.6,30.0,161.0,130.0,45.0,92.0,0.489,15.0,38.0,0.395,7.0,9.0,0.778,12.0,27.0,39.0,32.0,7.0,3.0,13.0,17.0,0.584,0.571,0.413,0.098,27.3,73.0,48.1,71.1,7.5,6.4,11.9,100.0,119.6,128.2,12.0,19.0,1.0,4.0,9.0,0.5,2.0,2.0,1.0,4.0,6.0,10.0,8.0,3.0,2.0,2.0,4.0,29.0,9.0,1.0,1.0,1.0,0.182,31.8,37.8,34.5,82.1,4.5,8.7,50.0,28.0,212.0,136.0,50.4,71.2
315,POR,122,1,MIN,108,0,2024-11-12,2025,True,240.0,43.0,84.0,0.512,18.0,32.0,0.563,18.0,20.0,0.9,11.0,28.0,39.0,30.0,14.0,7.0,20.0,23.0,0.657,0.619,0.381,0.238,28.2,87.5,54.9,69.8,14.0,18.4,17.7,100.0,122.0,108.0,9.0,15.0,0.9,4.0,6.0,1.0,9.0,10.0,1.0,3.0,7.0,9.0,8.0,3.0,3.0,5.0,5.0,21.0,20.0,0.91,0.9,1.0,2.0,17.5,41.3,23.9,29.1,6.9,14.9,35.7,25.5,171.0,118.0,37.0,73.0,0.507,13.0,35.0,0.371,21.0,23.0,0.913,4.0,28.0,32.0,22.0,13.0,4.0,23.0,22.0,0.65,0.596,0.479,0.315,12.5,71.8,45.1,59.5,13.0,7.7,21.7,100.0,108.0,122.0,10.0,19.0,0.8,4.0,10.0,0.5,6.0,6.0,1.0,3.0,8.0,8.0,6.0,3.0,2.0,4.0,5.0,28.0,7.0,0.85,0.85,1.0,2.0,15.4,30.0,16.5,73.4,5.3,5.2,57.1,27.7,235.0,133.0,71.2,50.4
316,PHI,99,1,NYK,111,0,2024-11-12,2025,False,240.0,31.0,83.0,0.373,14.0,42.0,0.333,23.0,24.0,0.958,9.0,31.0,40.0,19.0,10.0,6.0,15.0,20.0,0.529,0.458,0.506,0.289,18.8,79.5,46.0,61.3,10.1,10.3,13.8,100.0,100.4,112.5,10.0,19.0,0.7,7.0,11.0,0.636,8.0,8.0,1.0,2.0,9.0,10.0,5.0,4.0,2.0,4.0,5.0,29.0,3.0,0.781,0.75,1.0,0.727,10.3,38.0,22.7,100.0,5.4,5.8,30.0,73.7,145.0,122.0,44.0,89.0,0.494,9.0,31.0,0.29,14.0,15.0,0.933,8.0,39.0,47.0,31.0,8.0,5.0,15.0,15.0,0.581,0.545,0.348,0.169,20.5,81.3,54.0,70.5,8.1,12.2,13.6,100.0,112.5,100.4,11.0,16.0,1.0,3.0,8.0,0.5,8.0,8.0,1.0,3.0,11.0,13.0,10.0,2.0,1.0,6.0,3.0,24.0,18.0,1.0,1.0,0.667,0.533,25.8,29.4,18.7,41.2,3.8,12.3,32.2,30.5,212.0,112.0,46.9,43.5
317,NYK,111,0,PHI,99,1,2024-11-12,2025,True,240.0,44.0,89.0,0.494,9.0,31.0,0.29,14.0,15.0,0.933,8.0,39.0,47.0,31.0,8.0,5.0,15.0,15.0,0.581,0.545,0.348,0.169,20.5,81.3,54.0,70.5,8.1,12.2,13.6,100.0,112.5,100.4,11.0,16.0,1.0,3.0,8.0,0.5,8.0,8.0,1.0,3.0,11.0,13.0,10.0,2.0,1.0,6.0,3.0,24.0,18.0,1.0,1.0,0.667,0.533,25.8,29.4,18.7,41.2,3.8,12.3,32.2,30.5,212.0,112.0,31.0,83.0,0.373,14.0,42.0,0.333,23.0,24.0,0.958,9.0,31.0,40.0,19.0,10.0,6.0,15.0,20.0,0.529,0.458,0.506,0.289,18.8,79.5,46.0,61.3,10.1,10.3,13.8,100.0,100.4,112.5,10.0,19.0,0.7,7.0,11.0,0.636,8.0,8.0,1.0,2.0,9.0,10.0,5.0,4.0,2.0,4.0,5.0,29.0,3.0,0.781,0.75,1.0,0.727,10.3,38.0,22.7,100.0,5.4,5.8,30.0,73.7,145.0,122.0,95.4,84.9
318,UTA,112,1,PHO,120,0,2024-11-12,2025,False,240.0,45.0,92.0,0.489,15.0,38.0,0.395,7.0,9.0,0.778,12.0,27.0,39.0,32.0,7.0,3.0,13.0,17.0,0.584,0.571,0.413,0.098,27.3,73.0,48.1,71.1,7.5,6.4,11.9,100.0,119.6,128.2,12.0,19.0,1.0,4.0,9.0,0.5,2.0,2.0,1.0,4.0,6.0,10.0,8.0,3.0,2.0,2.0,4.0,29.0,9.0,1.0,1.0,1.0,0.182,31.8,37.8,34.5,82.1,4.5,8.7,50.0,28.0,212.0,136.0,43.0,86.0,0.5,18.0,39.0,0.462,16.0,22.0,0.727,10.0,32.0,42.0,21.0,6.0,11.0,10.0,11.0,0.627,0.605,0.453,0.256,27.0,72.7,51.9,48.8,6.4,20.4,9.5,100.0,128.2,119.6,11.0,20.0,0.667,5.0,9.0,1.0,4.0,6.0,1.0,4.0,11.0,14.0,7.0,2.0,3.0,3.0,3.0,31.0,12.0,0.8,0.8,0.9,0.5,24.2,45.3,33.2,26.3,4.4,11.3,27.6,30.0,161.0,130.0,84.9,95.4
319,MIN,108,0,POR,122,1,2024-11-12,2025,False,240.0,37.0,73.0,0.507,13.0,35.0,0.371,21.0,23.0,0.913,4.0,28.0,32.0,22.0,13.0,4.0,23.0,22.0,0.65,0.596,0.479,0.315,12.5,71.8,45.1,59.5,13.0,7.7,21.7,100.0,108.0,122.0,10.0,19.0,0.8,4.0,10.0,0.5,6.0,6.0,1.0,3.0,8.0,8.0,6.0,3.0,2.0,4.0,5.0,28.0,7.0,0.85,0.85,1.0,2.0,15.4,30.0,16.5,73.4,5.3,5.2,57.1,27.7,235.0,133.0,43.0,84.0,0.512,18.0,32.0,0.563,18.0,20.0,0.9,11.0,28.0,39.0,30.0,14.0,7.0,20.0,23.0,0.657,0.619,0.381,0.238,28.2,87.5,54.9,69.8,14.0,18.4,17.7,100.0,122.0,108.0,9.0,15.0,0.9,4.0,6.0,1.0,9.0,10.0,1.0,3.0,7.0,9.0,8.0,3.0,3.0,5.0,5.0,21.0,20.0,0.91,0.9,1.0,2.0,17.5,41.3,23.9,29.1,6.9,14.9,35.7,25.5,171.0,118.0,43.5,46.9
320,GSW,120,1,DAL,117,0,2024-11-12,2025,True,240.0,45.0,94.0,0.479,14.0,41.0,0.341,16.0,27.0,0.593,18.0,32.0,50.0,29.0,13.0,7.0,13.0,18.0,0.567,0.553,0.436,0.287,36.0,80.0,55.6,64.4,12.9,14.0,10.9,100.0,118.8,115.9,14.0,27.0,0.6,5.0,12.0,1.0,4.0,6.0,1.0,9.0,7.0,11.0,9.0,3.0,2.0,4.0,4.0,37.0,24.0,0.75,0.75,0.667,1.2,58.3,33.8,39.6,48.2,6.7,16.1,25.4,38.4,172.0,124.0,44.0,84.0,0.524,11.0,34.0,0.324,18.0,24.0,0.75,8.0,32.0,40.0,26.0,6.0,1.0,18.0,23.0,0.619,0.589,0.405,0.286,20.0,64.0,44.4,59.1,5.9,1.9,16.0,100.0,115.9,118.8,13.0,27.0,0.875,6.0,12.0,0.5,4.0,7.0,1.0,2.0,8.0,8.0,6.0,3.0,1.0,5.0,5.0,31.0,16.0,0.805,0.875,1.0,1.167,10.9,23.6,17.5,24.4,3.5,3.7,25.8,34.6,163.0,128.0,72.1,51.5
321,TOR,85,0,MIL,99,1,2024-11-12,2025,False,240.0,30.0,86.0,0.349,9.0,25.0,0.36,16.0,20.0,0.8,17.0,37.0,54.0,20.0,11.0,6.0,22.0,11.0,0.448,0.401,0.291,0.233,32.7,75.5,53.5,66.7,11.1,15.8,18.8,100.0,86.1,100.2,7.0,20.0,0.5,4.0,10.0,0.5,14.0,16.0,0.875,5.0,8.0,13.0,8.0,3.0,2.0,5.0,4.0,32.0,1.0,0.592,0.5,0.5,1.0,47.7,44.3,34.9,38.6,5.2,14.3,51.0,32.5,122.0,113.0,38.0,94.0,0.404,16.0,56.0,0.286,7.0,12.0,0.583,12.0,35.0,47.0,25.0,16.0,9.0,17.0,18.0,0.499,0.489,0.596,0.128,24.5,67.3,46.5,65.8,16.2,14.8,14.6,100.0,100.2,86.1,9.0,17.0,1.0,4.0,14.0,1.0,5.0,9.0,1.0,3.0,6.0,8.0,7.0,5.0,4.0,4.0,4.0,23.0,18.0,1.5,1.5,1.0,0.75,16.3,47.7,24.6,65.3,10.9,40.7,100.0,42.7,300.0,104.0,70.1,88.60000000000001
322,MIL,99,1,TOR,85,0,2024-11-12,2025,True,240.0,38.0,94.0,0.404,16.0,56.0,0.286,7.0,12.0,0.583,12.0,35.0,47.0,25.0,16.0,9.0,17.0,18.0,0.499,0.489,0.596,0.128,24.5,67.3,46.5,65.8,16.2,14.8,14.6,100.0,100.2,86.1,9.0,17.0,1.0,4.0,14.0,1.0,5.0,9.0,1.0,3.0,6.0,8.0,7.0,5.0,4.0,4.0,4.0,23.0,18.0,1.5,1.5,1.0,0.75,16.3,47.7,24.6,65.3,10.9,40.7,100.0,42.7,300.0,104.0,30.0,86.0,0.349,9.0,25.0,0.36,16.0,20.0,0.8,17.0,37.0,54.0,20.0,11.0,6.0,22.0,11.0,0.448,0.401,0.291,0.233,32.7,75.5,53.5,66.7,11.1,15.8,18.8,100.0,86.1,100.2,7.0,20.0,0.5,4.0,10.0,0.5,14.0,16.0,0.875,5.0,8.0,13.0,8.0,3.0,2.0,5.0,4.0,32.0,1.0,0.592,0.5,0.5,1.0,47.7,44.3,34.9,38.6,5.2,14.3,51.0,32.5,122.0,113.0,88.60000000000001,70.1
323,BOS,116,1,ATL,117,0,2024-11-12,2025,False,240.0,38.0,75.0,0.507,18.0,45.0,0.4,22.0,27.0,0.815,6.0,28.0,34.0,28.0,7.0,5.0,20.0,12.0,0.668,0.627,0.6,0.36,19.4,59.6,43.6,73.7,7.1,7.5,18.7,100.0,117.7,118.7,14.0,22.0,0.667,7.0,12.0,0.667,8.0,10.0,1.0,2.0,6.0,6.0,8.0,3.0,2.0,6.0,3.0,37.0,5.0,1.0,1.0,1.0,0.8,14.7,47.3,28.5,58.5,11.3,6.8,100.0,40.5,247.0,128.0,50.0,99.0,0.505,10.0,32.0,0.313,7.0,13.0,0.538,19.0,25.0,44.0,35.0,16.0,2.0,16.0,17.0,0.559,0.556,0.323,0.131,40.4,80.6,56.4,70.0,16.2,6.7,13.3,100.0,118.7,117.7,12.0,21.0,1.0,5.0,6.0,0.833,3.0,5.0,1.0,6.0,10.0,12.0,10.0,6.0,1.0,6.0,4.0,28.0,15.0,1.0,1.0,1.0,0.667,36.3,39.9,32.8,30.8,7.1,5.8,34.0,30.1,200.0,129.0,83.3,45.099999999999994
324,MIA,121,0,DET,123,1,2024-11-12,2025,False,265.0,47.0,101.0,0.465,17.0,45.0,0.378,10.0,13.0,0.769,12.0,31.0,43.0,25.0,14.0,3.0,12.0,22.0,0.567,0.55,0.446,0.129,22.6,67.4,43.4,53.2,13.3,5.4,10.1,100.0,115.1,117.0,14.0,27.0,1.0,10.0,17.0,1.0,3.0,5.0,1.0,6.0,6.0,12.0,8.0,4.0,1.0,3.0,5.0,40.0,14.0,1.0,1.0,1.0,0.6,13.8,46.1,21.4,34.0,5.6,2.6,50.0,35.7,171.0,129.0,43.0,92.0,0.467,13.0,36.0,0.361,24.0,28.0,0.857,15.0,41.0,56.0,32.0,4.0,4.0,19.0,19.0,0.59,0.538,0.391,0.304,32.6,77.4,56.6,74.4,3.8,7.1,15.4,100.0,117.0,115.1,8.0,18.0,0.8,5.0,11.0,0.5,7.0,7.0,1.0,5.0,8.0,11.0,9.0,1.0,2.0,7.0,6.0,21.0,12.0,0.752,0.8,0.667,1.0,25.4,26.4,23.6,36.7,2.2,6.3,27.9,28.7,175.0,121.0,45.099999999999994,83.3
325,DET,123,1,MIA,121,0,2024-11-12,2025,True,265.0,43.0,92.0,0.467,13.0,36.0,0.361,24.0,28.0,0.857,15.0,41.0,56.0,32.0,4.0,4.0,19.0,19.0,0.59,0.538,0.391,0.304,32.6,77.4,56.6,74.4,3.8,7.1,15.4,100.0,117.0,115.1,8.0,18.0,0.8,5.0,11.0,0.5,7.0,7.0,1.0,5.0,8.0,11.0,9.0,1.0,2.0,7.0,6.0,21.0,12.0,0.752,0.8,0.667,1.0,25.4,26.4,23.6,36.7,2.2,6.3,27.9,28.7,175.0,121.0,47.0,101.0,0.465,17.0,45.0,0.378,10.0,13.0,0.769,12.0,31.0,43.0,25.0,14.0,3.0,12.0,22.0,0.567,0.55,0.446,0.129,22.6,67.4,43.4,53.2,13.3,5.4,10.1,100.0,115.1,117.0,14.0,27.0,1.0,10.0,17.0,1.0,3.0,5.0,1.0,6.0,6.0,12.0,8.0,4.0,1.0,3.0,5.0,40.0,14.0,1.0,1.0,1.0,0.6,13.8,46.1,21.4,34.0,5.6,2.6,50.0,35.7,171.0,129.0,95.0,31.299999999999997
326,DAL,117,0,GSW,120,1,2024-11-12,2025,False,240.0,44.0,84.0,0.524,11.0,34.0,0.324,18.0,24.0,0.75,8.0,32.0,40.0,26.0,6.0,1.0,18.0,23.0,0.619,0.589,0.405,0.286,20.0,64.0,44.4,59.1,5.9,1.9,16.0,100.0,115.9,118.8,13.0,27.0,0.875,6.0,12.0,0.5,4.0,7.0,1.0,2.0,8.0,8.0,6.0,3.0,1.0,5.0,5.0,31.0,16.0,0.805,0.875,1.0,1.167,10.9,23.6,17.5,24.4,3.5,3.7,25.8,34.6,163.0,128.0,45.0,94.0,0.479,14.0,41.0,0.341,16.0,27.0,0.593,18.0,32.0,50.0,29.0,13.0,7.0,13.0,18.0,0.567,0.553,0.436,0.287,36.0,80.0,55.6,64.4,12.9,14.0,10.9,100.0,118.8,115.9,14.0,27.0,0.6,5.0,12.0,1.0,4.0,6.0,1.0,9.0,7.0,11.0,9.0,3.0,2.0,4.0,4.0,37.0,24.0,0.75,0.75,0.667,1.2,58.3,33.8,39.6,48.2,6.7,16.1,25.4,38.4,172.0,124.0,31.299999999999997,95.0
327,ATL,117,0,BOS,116,1,2024-11-12,2025,True,240.0,50.0,99.0,0.505,10.0,32.0,0.313,7.0,13.0,0.538,19.0,25.0,44.0,35.0,16.0,2.0,16.0,17.0,0.559,0.556,0.323,0.131,40.4,80.6,56.4,70.0,16.2,6.7,13.3,100.0,118.7,117.7,12.0,21.0,1.0,5.0,6.0,0.833,3.0,5.0,1.0,6.0,10.0,12.0,10.0,6.0,1.0,6.0,4.0,28.0,15.0,1.0,1.0,1.0,0.667,36.3,39.9,32.8,30.8,7.1,5.8,34.0,30.1,200.0,129.0,38.0,75.0,0.507,18.0,45.0,0.4,22.0,27.0,0.815,6.0,28.0,34.0,28.0,7.0,5.0,20.0,12.0,0.668,0.627,0.6,0.36,19.4,59.6,43.6,73.7,7.1,7.5,18.7,100.0,117.7,118.7,14.0,22.0,0.667,7.0,12.0,0.667,8.0,10.0,1.0,2.0,6.0,6.0,8.0,3.0,2.0,6.0,3.0,37.0,5.0,1.0,1.0,1.0,0.8,14.7,47.3,28.5,58.5,11.3,6.8,100.0,40.5,247.0,128.0,51.5,72.1
328,IND,90,0,ORL,94,1,2024-11-13,2025,False,240.0,32.0,84.0,0.381,10.0,30.0,0.333,16.0,18.0,0.889,7.0,34.0,41.0,22.0,10.0,6.0,17.0,19.0,0.49,0.44,0.357,0.214,15.9,72.3,45.1,68.8,10.4,13.0,15.6,100.0,94.0,98.1,8.0,17.0,0.727,4.0,8.0,0.667,8.0,9.0,1.0,2.0,11.0,12.0,11.0,4.0,2.0,4.0,4.0,25.0,5.0,0.947,0.909,0.75,0.529,24.6,34.3,21.2,47.1,8.8,11.2,21.7,37.0,144.0,112.0,34.0,84.0,0.405,13.0,38.0,0.342,13.0,15.0,0.867,13.0,37.0,50.0,26.0,8.0,10.0,17.0,19.0,0.519,0.482,0.452,0.179,27.7,84.1,54.9,76.5,8.4,18.5,15.8,100.0,98.1,94.0,9.0,24.0,0.857,3.0,11.0,0.667,8.0,9.0,1.0,6.0,10.0,12.0,6.0,4.0,3.0,5.0,4.0,29.0,10.0,1.0,1.0,1.0,0.4,22.0,48.8,26.0,44.5,8.1,11.9,41.7,38.9,161.0,103.0,33.2,95.4
329,SAC,127,1,PHO,104,0,2024-11-13,2025,True,240.0,50.0,78.0,0.641,15.0,28.0,0.536,12.0,17.0,0.706,6.0,39.0,45.0,38.0,7.0,8.0,17.0,20.0,0.743,0.737,0.359,0.218,22.2,67.2,52.9,76.0,7.3,14.8,16.6,100.0,132.9,108.8,11.0,17.0,1.0,3.0,6.0,1.0,6.0,8.0,1.0,1.0,9.0,10.0,10.0,3.0,2.0,7.0,4.0,29.0,25.0,1.25,1.25,0.75,0.5,37.3,28.5,23.7,100.0,4.1,10.2,58.9,34.4,250.0,121.0,36.0,97.0,0.371,13.0,43.0,0.302,19.0,26.0,0.731,19.0,21.0,40.0,23.0,12.0,2.0,10.0,12.0,0.48,0.438,0.443,0.268,32.8,77.8,47.1,63.9,12.6,4.0,8.4,100.0,108.8,132.9,10.0,16.0,0.667,3.0,9.0,0.75,5.0,6.0,1.0,6.0,6.0,11.0,8.0,3.0,2.0,3.0,4.0,25.0,-1.0,0.833,0.833,1.0,1.5,19.2,61.8,28.8,39.0,7.0,6.9,34.0,27.9,174.0,141.0,43.5,80.6
330,CLE,114,0,PHI,106,1,2024-11-13,2025,True,240.0,42.0,85.0,0.494,16.0,40.0,0.4,14.0,17.0,0.824,9.0,37.0,46.0,25.0,8.0,1.0,11.0,14.0,0.616,0.588,0.471,0.2,21.4,75.5,50.5,59.5,8.5,2.0,10.6,100.0,121.3,112.8,10.0,21.0,1.0,5.0,13.0,1.0,6.0,6.0,1.0,2.0,11.0,13.0,9.0,2.0,1.0,4.0,3.0,25.0,17.0,1.0,1.0,1.0,2.0,11.4,33.6,19.9,42.7,5.1,3.9,34.7,28.6,143.0,122.0,41.0,92.0,0.446,14.0,43.0,0.326,10.0,11.0,0.909,12.0,33.0,45.0,24.0,8.0,2.0,12.0,13.0,0.547,0.522,0.467,0.12,24.5,78.6,49.5,58.5,8.5,4.4,11.0,100.0,112.8,121.3,12.0,26.0,0.714,6.0,13.0,0.75,4.0,4.0,1.0,3.0,6.0,9.0,10.0,2.0,1.0,3.0,4.0,34.0,4.0,0.929,0.929,1.0,0.5,27.5,39.8,29.6,48.6,4.3,6.2,29.1,35.6,162.0,130.0,80.6,43.5
331,PHI,106,1,CLE,114,0,2024-11-13,2025,False,240.0,41.0,92.0,0.446,14.0,43.0,0.326,10.0,11.0,0.909,12.0,33.0,45.0,24.0,8.0,2.0,12.0,13.0,0.547,0.522,0.467,0.12,24.5,78.6,49.5,58.5,8.5,4.4,11.0,100.0,112.8,121.3,12.0,26.0,0.714,6.0,13.0,0.75,4.0,4.0,1.0,3.0,6.0,9.0,10.0,2.0,1.0,3.0,4.0,34.0,4.0,0.929,0.929,1.0,0.5,27.5,39.8,29.6,48.6,4.3,6.2,29.1,35.6,162.0,130.0,42.0,85.0,0.494,16.0,40.0,0.4,14.0,17.0,0.824,9.0,37.0,46.0,25.0,8.0,1.0,11.0,14.0,0.616,0.588,0.471,0.2,21.4,75.5,50.5,59.5,8.5,2.0,10.6,100.0,121.3,112.8,10.0,21.0,1.0,5.0,13.0,1.0,6.0,6.0,1.0,2.0,11.0,13.0,9.0,2.0,1.0,4.0,3.0,25.0,17.0,1.0,1.0,1.0,2.0,11.4,33.6,19.9,42.7,5.1,3.9,34.7,28.6,143.0,122.0,19.9,54.5
332,WAS,130,0,SAS,139,1,2024-11-13,2025,False,240.0,49.0,95.0,0.516,18.0,44.0,0.409,14.0,16.0,0.875,11.0,30.0,41.0,27.0,5.0,5.0,18.0,23.0,0.637,0.611,0.463,0.168,26.2,78.9,51.3,55.1,4.8,10.4,15.0,100.0,123.6,132.1,15.0,22.0,0.682,6.0,9.0,0.667,6.0,6.0,1.0,5.0,8.0,13.0,6.0,2.0,2.0,6.0,5.0,42.0,9.0,0.852,0.818,0.75,0.8,25.4,45.0,34.7,31.6,2.8,8.9,40.0,33.2,165.0,139.0,48.0,92.0,0.522,18.0,44.0,0.409,25.0,32.0,0.781,8.0,31.0,39.0,38.0,7.0,7.0,9.0,15.0,0.655,0.62,0.478,0.348,21.1,73.8,48.8,79.2,6.7,13.7,7.8,100.0,132.1,123.6,18.0,29.0,1.0,8.0,16.0,1.0,6.0,9.0,1.0,3.0,5.0,7.0,11.0,3.0,3.0,3.0,3.0,50.0,24.0,1.0,1.0,0.875,0.8,16.8,36.8,27.0,44.3,4.8,8.7,20.5,43.7,170.0,130.0,66.5,61.599999999999994
333,POR,106,1,MIN,98,0,2024-11-13,2025,True,240.0,38.0,83.0,0.458,9.0,25.0,0.36,21.0,23.0,0.913,11.0,36.0,47.0,17.0,10.0,10.0,20.0,18.0,0.569,0.512,0.301,0.277,28.2,73.5,53.4,44.7,10.0,18.2,17.7,100.0,106.4,98.4,12.0,23.0,0.6,3.0,10.0,1.0,6.0,7.0,1.0,6.0,6.0,12.0,5.0,2.0,8.0,5.0,3.0,33.0,19.0,0.707,0.643,0.435,0.8,23.5,44.5,24.8,33.4,4.9,22.2,100.0,34.1,150.0,111.0,37.0,94.0,0.394,7.0,39.0,0.179,17.0,22.0,0.773,13.0,28.0,41.0,16.0,12.0,3.0,14.0,19.0,0.473,0.431,0.415,0.234,26.5,71.8,46.6,43.2,12.0,5.2,11.9,100.0,98.4,106.4,10.0,25.0,0.5,3.0,9.0,0.5,5.0,7.0,1.0,7.0,7.0,10.0,4.0,4.0,1.0,4.0,6.0,24.0,3.0,0.75,0.75,1.0,0.625,20.4,23.2,16.3,19.1,5.7,2.9,60.0,30.2,130.0,117.0,91.19999999999999,39.0
334,PHO,104,0,SAC,127,1,2024-11-13,2025,False,240.0,36.0,97.0,0.371,13.0,43.0,0.302,19.0,26.0,0.731,19.0,21.0,40.0,23.0,12.0,2.0,10.0,12.0,0.48,0.438,0.443,0.268,32.8,77.8,47.1,63.9,12.6,4.0,8.4,100.0,108.8,132.9,10.0,16.0,0.667,3.0,9.0,0.75,5.0,6.0,1.0,6.0,6.0,11.0,8.0,3.0,2.0,3.0,4.0,25.0,-1.0,0.833,0.833,1.0,1.5,19.2,61.8,28.8,39.0,7.0,6.9,34.0,27.9,174.0,141.0,50.0,78.0,0.641,15.0,28.0,0.536,12.0,17.0,0.706,6.0,39.0,45.0,38.0,7.0,8.0,17.0,20.0,0.743,0.737,0.359,0.218,22.2,67.2,52.9,76.0,7.3,14.8,16.6,100.0,132.9,108.8,11.0,17.0,1.0,3.0,6.0,1.0,6.0,8.0,1.0,1.0,9.0,10.0,10.0,3.0,2.0,7.0,4.0,29.0,25.0,1.25,1.25,0.75,0.5,37.3,28.5,23.7,100.0,4.1,10.2,58.9,34.4,250.0,121.0,39.0,91.19999999999999
335,SAS,139,1,WAS,130,0,2024-11-13,2025,True,240.0,48.0,92.0,0.522,18.0,44.0,0.409,25.0,32.0,0.781,8.0,31.0,39.0,38.0,7.0,7.0,9.0,15.0,0.655,0.62,0.478,0.348,21.1,73.8,48.8,79.2,6.7,13.7,7.8,100.0,132.1,123.6,18.0,29.0,1.0,8.0,16.0,1.0,6.0,9.0,1.0,3.0,5.0,7.0,11.0,3.0,3.0,3.0,3.0,50.0,24.0,1.0,1.0,0.875,0.8,16.8,36.8,27.0,44.3,4.8,8.7,20.5,43.7,170.0,130.0,49.0,95.0,0.516,18.0,44.0,0.409,14.0,16.0,0.875,11.0,30.0,41.0,27.0,5.0,5.0,18.0,23.0,0.637,0.611,0.463,0.168,26.2,78.9,51.3,55.1,4.8,10.4,15.0,100.0,123.6,132.1,15.0,22.0,0.682,6.0,9.0,0.667,6.0,6.0,1.0,5.0,8.0,13.0,6.0,2.0,2.0,6.0,5.0,42.0,9.0,0.852,0.818,0.75,0.8,25.4,45.0,34.7,31.6,2.8,8.9,40.0,33.2,165.0,139.0,61.599999999999994,66.5
336,OKC,106,1,NOP,88,0,2024-11-13,2025,True,240.0,39.0,88.0,0.443,15.0,39.0,0.385,13.0,16.0,0.813,5.0,26.0,31.0,20.0,16.0,7.0,7.0,17.0,0.558,0.528,0.443,0.182,11.9,55.3,34.8,51.3,17.1,14.3,6.9,100.0,113.3,94.1,12.0,25.0,1.0,4.0,7.0,1.0,7.0,7.0,1.0,3.0,5.0,6.0,7.0,5.0,2.0,2.0,4.0,31.0,18.0,1.5,1.5,1.0,0.667,14.1,16.3,11.1,45.5,9.2,7.0,8.7,40.8,300.0,110.0,34.0,86.0,0.395,9.0,37.0,0.243,11.0,17.0,0.647,21.0,37.0,58.0,21.0,3.0,4.0,24.0,15.0,0.471,0.448,0.43,0.198,44.7,88.1,65.2,61.8,3.2,8.2,20.4,100.0,94.1,113.3,7.0,18.0,1.0,4.0,8.0,0.667,4.0,4.0,1.0,4.0,6.0,10.0,6.0,2.0,2.0,8.0,3.0,18.0,2.0,1.011,1.0,0.714,1.333,23.1,25.9,24.4,33.4,3.3,11.1,38.7,30.1,165.0,118.0,95.4,33.2
337,MIN,98,0,POR,106,1,2024-11-13,2025,False,240.0,37.0,94.0,0.394,7.0,39.0,0.179,17.0,22.0,0.773,13.0,28.0,41.0,16.0,12.0,3.0,14.0,19.0,0.473,0.431,0.415,0.234,26.5,71.8,46.6,43.2,12.0,5.2,11.9,100.0,98.4,106.4,10.0,25.0,0.5,3.0,9.0,0.5,5.0,7.0,1.0,7.0,7.0,10.0,4.0,4.0,1.0,4.0,6.0,24.0,3.0,0.75,0.75,1.0,0.625,20.4,23.2,16.3,19.1,5.7,2.9,60.0,30.2,130.0,117.0,38.0,83.0,0.458,9.0,25.0,0.36,21.0,23.0,0.913,11.0,36.0,47.0,17.0,10.0,10.0,20.0,18.0,0.569,0.512,0.301,0.277,28.2,73.5,53.4,44.7,10.0,18.2,17.7,100.0,106.4,98.4,12.0,23.0,0.6,3.0,10.0,1.0,6.0,7.0,1.0,6.0,6.0,12.0,5.0,2.0,8.0,5.0,3.0,33.0,19.0,0.707,0.643,0.435,0.8,23.5,44.5,24.8,33.4,4.9,22.2,100.0,34.1,150.0,111.0,54.5,19.9
338,ORL,94,1,IND,90,0,2024-11-13,2025,True,240.0,34.0,84.0,0.405,13.0,38.0,0.342,13.0,15.0,0.867,13.0,37.0,50.0,26.0,8.0,10.0,17.0,19.0,0.519,0.482,0.452,0.179,27.7,84.1,54.9,76.5,8.4,18.5,15.8,100.0,98.1,94.0,9.0,24.0,0.857,3.0,11.0,0.667,8.0,9.0,1.0,6.0,10.0,12.0,6.0,4.0,3.0,5.0,4.0,29.0,10.0,1.0,1.0,1.0,0.4,22.0,48.8,26.0,44.5,8.1,11.9,41.7,38.9,161.0,103.0,32.0,84.0,0.381,10.0,30.0,0.333,16.0,18.0,0.889,7.0,34.0,41.0,22.0,10.0,6.0,17.0,19.0,0.49,0.44,0.357,0.214,15.9,72.3,45.1,68.8,10.4,13.0,15.6,100.0,94.0,98.1,8.0,17.0,0.727,4.0,8.0,0.667,8.0,9.0,1.0,2.0,11.0,12.0,11.0,4.0,2.0,4.0,4.0,25.0,5.0,0.947,0.909,0.75,0.529,24.6,34.3,21.2,47.1,8.8,11.2,21.7,37.0,144.0,112.0,84.9,55.8
339,NYK,123,1,CHI,124,0,2024-11-13,2025,False,240.0,48.0,94.0,0.511,15.0,37.0,0.405,12.0,18.0,0.667,10.0,30.0,40.0,31.0,7.0,3.0,15.0,17.0,0.603,0.59,0.394,0.191,23.3,81.1,50.0,64.6,6.7,6.5,12.8,100.0,118.3,119.3,18.0,30.0,1.0,6.0,12.0,1.0,4.0,8.0,1.0,4.0,9.0,10.0,8.0,3.0,2.0,4.0,5.0,46.0,11.0,1.375,1.375,0.75,0.267,25.0,29.9,20.1,33.6,8.2,6.1,100.0,39.4,265.0,126.0,44.0,82.0,0.537,14.0,36.0,0.389,22.0,27.0,0.815,7.0,33.0,40.0,31.0,10.0,6.0,18.0,17.0,0.66,0.622,0.439,0.329,18.9,76.7,50.0,70.5,9.6,10.5,16.1,100.0,119.3,118.3,12.0,17.0,1.0,4.0,9.0,1.0,8.0,8.0,1.0,3.0,8.0,11.0,8.0,2.0,3.0,6.0,4.0,31.0,21.0,1.25,1.5,1.0,2.0,11.3,36.9,19.8,37.6,3.7,20.8,50.0,30.3,250.0,125.0,69.39999999999999,83.0
340,HOU,111,1,LAC,103,0,2024-11-13,2025,True,240.0,42.0,97.0,0.433,15.0,40.0,0.375,12.0,17.0,0.706,18.0,41.0,59.0,28.0,8.0,11.0,14.0,17.0,0.531,0.51,0.412,0.175,36.0,80.4,58.4,66.7,8.0,19.0,11.8,100.0,111.6,103.6,8.0,21.0,1.0,5.0,14.0,1.0,4.0,6.0,1.0,6.0,8.0,11.0,6.0,2.0,4.0,4.0,4.0,21.0,26.0,1.0,1.0,0.75,0.667,16.8,29.0,18.3,30.9,4.2,11.0,22.2,28.2,217.0,114.0,38.0,96.0,0.396,14.0,38.0,0.368,13.0,16.0,0.813,10.0,32.0,42.0,27.0,10.0,3.0,12.0,16.0,0.5,0.469,0.396,0.167,19.6,64.0,41.6,71.1,10.1,5.3,10.4,100.0,103.6,111.6,6.0,18.0,0.667,3.0,8.0,1.0,4.0,5.0,1.0,2.0,6.0,7.0,8.0,3.0,2.0,3.0,4.0,19.0,11.0,0.854,0.833,1.0,0.5,23.3,35.6,29.4,41.6,4.6,7.2,16.8,38.3,140.0,125.0,47.7,93.9
341,CHI,124,0,NYK,123,1,2024-11-13,2025,True,240.0,44.0,82.0,0.537,14.0,36.0,0.389,22.0,27.0,0.815,7.0,33.0,40.0,31.0,10.0,6.0,18.0,17.0,0.66,0.622,0.439,0.329,18.9,76.7,50.0,70.5,9.6,10.5,16.1,100.0,119.3,118.3,12.0,17.0,1.0,4.0,9.0,1.0,8.0,8.0,1.0,3.0,8.0,11.0,8.0,2.0,3.0,6.0,4.0,31.0,21.0,1.25,1.5,1.0,2.0,11.3,36.9,19.8,37.6,3.7,20.8,50.0,30.3,250.0,125.0,48.0,94.0,0.511,15.0,37.0,0.405,12.0,18.0,0.667,10.0,30.0,40.0,31.0,7.0,3.0,15.0,17.0,0.603,0.59,0.394,0.191,23.3,81.1,50.0,64.6,6.7,6.5,12.8,100.0,118.3,119.3,18.0,30.0,1.0,6.0,12.0,1.0,4.0,8.0,1.0,4.0,9.0,10.0,8.0,3.0,2.0,4.0,5.0,46.0,11.0,1.375,1.375,0.75,0.267,25.0,29.9,20.1,33.6,8.2,6.1,100.0,39.4,265.0,126.0,93.9,47.7
342,NOP,88,0,OKC,106,1,2024-11-13,2025,False,240.0,34.0,86.0,0.395,9.0,37.0,0.243,11.0,17.0,0.647,21.0,37.0,58.0,21.0,3.0,4.0,24.0,15.0,0.471,0.448,0.43,0.198,44.7,88.1,65.2,61.8,3.2,8.2,20.4,100.0,94.1,113.3,7.0,18.0,1.0,4.0,8.0,0.667,4.0,4.0,1.0,4.0,6.0,10.0,6.0,2.0,2.0,8.0,3.0,18.0,2.0,1.011,1.0,0.714,1.333,23.1,25.9,24.4,33.4,3.3,11.1,38.7,30.1,165.0,118.0,39.0,88.0,0.443,15.0,39.0,0.385,13.0,16.0,0.813,5.0,26.0,31.0,20.0,16.0,7.0,7.0,17.0,0.558,0.528,0.443,0.182,11.9,55.3,34.8,51.3,17.1,14.3,6.9,100.0,113.3,94.1,12.0,25.0,1.0,4.0,7.0,1.0,7.0,7.0,1.0,3.0,5.0,6.0,7.0,5.0,2.0,2.0,4.0,31.0,18.0,1.5,1.5,1.0,0.667,14.1,16.3,11.1,45.5,9.2,7.0,8.7,40.8,300.0,110.0,55.8,84.9
343,BRK,114,1,BOS,139,0,2024-11-13,2025,False,240.0,40.0,79.0,0.506,19.0,43.0,0.442,15.0,18.0,0.833,3.0,31.0,34.0,26.0,4.0,3.0,13.0,20.0,0.656,0.627,0.544,0.228,8.3,72.1,43.0,65.0,4.1,6.4,13.0,100.0,117.8,143.7,8.0,14.0,0.8,4.0,8.0,1.0,5.0,6.0,1.0,1.0,6.0,6.0,8.0,1.0,2.0,2.0,4.0,23.0,-3.0,0.935,0.9,0.833,0.429,6.0,25.5,13.9,46.0,2.2,8.8,22.5,32.3,173.0,150.0,50.0,93.0,0.538,22.0,46.0,0.478,17.0,24.0,0.708,12.0,33.0,45.0,35.0,7.0,6.0,8.0,17.0,0.671,0.656,0.495,0.258,27.9,91.7,57.0,70.0,7.2,16.7,7.2,100.0,143.7,117.8,12.0,19.0,1.0,5.0,10.0,1.0,7.0,9.0,1.0,3.0,10.0,12.0,10.0,3.0,1.0,3.0,4.0,36.0,27.0,1.5,1.5,1.0,0.474,10.6,37.0,20.2,55.4,28.6,6.3,21.4,29.1,300.0,126.0,83.0,69.39999999999999
344,LAC,103,0,HOU,111,1,2024-11-13,2025,False,240.0,38.0,96.0,0.396,14.0,38.0,0.368,13.0,16.0,0.813,10.0,32.0,42.0,27.0,10.0,3.0,12.0,16.0,0.5,0.469,0.396,0.167,19.6,64.0,41.6,71.1,10.1,5.3,10.4,100.0,103.6,111.6,6.0,18.0,0.667,3.0,8.0,1.0,4.0,5.0,1.0,2.0,6.0,7.0,8.0,3.0,2.0,3.0,4.0,19.0,11.0,0.854,0.833,1.0,0.5,23.3,35.6,29.4,41.6,4.6,7.2,16.8,38.3,140.0,125.0,42.0,97.0,0.433,15.0,40.0,0.375,12.0,17.0,0.706,18.0,41.0,59.0,28.0,8.0,11.0,14.0,17.0,0.531,0.51,0.412,0.175,36.0,80.4,58.4,66.7,8.0,19.0,11.8,100.0,111.6,103.6,8.0,21.0,1.0,5.0,14.0,1.0,4.0,6.0,1.0,6.0,8.0,11.0,6.0,2.0,4.0,4.0,4.0,21.0,26.0,1.0,1.0,0.75,0.667,16.8,29.0,18.3,30.9,4.2,11.0,22.2,28.2,217.0,114.0,76.3,42.6
345,BOS,139,0,BRK,114,1,2024-11-13,2025,True,240.0,50.0,93.0,0.538,22.0,46.0,0.478,17.0,24.0,0.708,12.0,33.0,45.0,35.0,7.0,6.0,8.0,17.0,0.671,0.656,0.495,0.258,27.9,91.7,57.0,70.0,7.2,16.7,7.2,100.0,143.7,117.8,12.0,19.0,1.0,5.0,10.0,1.0,7.0,9.0,1.0,3.0,10.0,12.0,10.0,3.0,1.0,3.0,4.0,36.0,27.0,1.5,1.5,1.0,0.474,10.6,37.0,20.2,55.4,28.6,6.3,21.4,29.1,300.0,126.0,40.0,79.0,0.506,19.0,43.0,0.442,15.0,18.0,0.833,3.0,31.0,34.0,26.0,4.0,3.0,13.0,20.0,0.656,0.627,0.544,0.228,8.3,72.1,43.0,65.0,4.1,6.4,13.0,100.0,117.8,143.7,8.0,14.0,0.8,4.0,8.0,1.0,5.0,6.0,1.0,1.0,6.0,6.0,8.0,1.0,2.0,2.0,4.0,23.0,-3.0,0.935,0.9,0.833,0.429,6.0,25.5,13.9,46.0,2.2,8.8,22.5,32.3,173.0,150.0,42.6,76.3
346,MEM,123,0,LAL,128,1,2024-11-13,2025,False,240.0,42.0,89.0,0.472,12.0,33.0,0.364,27.0,33.0,0.818,12.0,29.0,41.0,28.0,11.0,6.0,14.0,25.0,0.594,0.539,0.371,0.371,25.5,80.6,49.4,66.7,10.5,13.6,11.9,100.0,116.9,121.7,10.0,20.0,0.75,4.0,7.0,1.0,7.0,8.0,1.0,4.0,6.0,8.0,6.0,3.0,1.0,4.0,6.0,29.0,12.0,0.88,0.875,1.0,1.6,16.0,25.1,18.1,35.7,4.6,8.5,31.9,31.3,175.0,129.0,43.0,85.0,0.506,20.0,41.0,0.488,22.0,32.0,0.688,7.0,35.0,42.0,31.0,7.0,5.0,18.0,22.0,0.646,0.624,0.482,0.376,19.4,74.5,50.6,72.1,6.7,8.9,15.4,100.0,121.7,116.9,13.0,22.0,1.0,5.0,11.0,1.0,7.0,8.0,0.875,3.0,12.0,14.0,14.0,2.0,3.0,6.0,5.0,35.0,17.0,1.188,1.5,1.0,4.0,11.2,38.3,25.3,69.7,4.0,8.0,50.0,35.0,189.0,125.0,78.4,107.5
347,LAL,128,1,MEM,123,0,2024-11-13,2025,True,240.0,43.0,85.0,0.506,20.0,41.0,0.488,22.0,32.0,0.688,7.0,35.0,42.0,31.0,7.0,5.0,18.0,22.0,0.646,0.624,0.482,0.376,19.4,74.5,50.6,72.1,6.7,8.9,15.4,100.0,121.7,116.9,13.0,22.0,1.0,5.0,11.0,1.0,7.0,8.0,0.875,3.0,12.0,14.0,14.0,2.0,3.0,6.0,5.0,35.0,17.0,1.188,1.5,1.0,4.0,11.2,38.3,25.3,69.7,4.0,8.0,50.0,35.0,189.0,125.0,42.0,89.0,0.472,12.0,33.0,0.364,27.0,33.0,0.818,12.0,29.0,41.0,28.0,11.0,6.0,14.0,25.0,0.594,0.539,0.371,0.371,25.5,80.6,49.4,66.7,10.5,13.6,11.9,100.0,116.9,121.7,10.0,20.0,0.75,4.0,7.0,1.0,7.0,8.0,1.0,4.0,6.0,8.0,6.0,3.0,1.0,4.0,6.0,29.0,12.0,0.88,0.875,1.0,1.6,16.0,25.1,18.1,35.7,4.6,8.5,31.9,31.3,175.0,129.0,107.5,78.4
348,DET,120,0,MIL,127,1,2024-11-13,2025,False,265.0,46.0,100.0,0.46,18.0,38.0,0.474,10.0,13.0,0.769,11.0,34.0,45.0,29.0,6.0,7.0,15.0,21.0,0.568,0.55,0.38,0.13,22.4,79.1,48.9,63.0,5.6,11.7,12.4,100.0,112.7,119.2,13.0,34.0,0.75,8.0,16.0,1.0,4.0,4.0,1.0,4.0,8.0,10.0,11.0,2.0,3.0,6.0,5.0,35.0,13.0,0.799,0.765,0.941,1.0,12.7,22.3,15.2,44.5,2.3,6.2,46.5,42.2,164.0,127.0,45.0,95.0,0.474,15.0,35.0,0.429,22.0,25.0,0.88,9.0,38.0,47.0,26.0,10.0,9.0,12.0,12.0,0.599,0.553,0.368,0.263,20.9,77.6,51.1,57.8,9.4,14.5,10.2,100.0,119.2,112.7,21.0,34.0,0.618,5.0,8.0,0.625,16.0,17.0,0.941,3.0,11.0,14.0,8.0,3.0,5.0,3.0,4.0,59.0,24.0,0.711,0.688,0.8,0.5,9.2,27.3,18.5,43.6,3.7,10.6,28.6,45.8,146.0,121.0,67.69999999999999,80.0
349,MIL,127,1,DET,120,0,2024-11-13,2025,True,265.0,45.0,95.0,0.474,15.0,35.0,0.429,22.0,25.0,0.88,9.0,38.0,47.0,26.0,10.0,9.0,12.0,12.0,0.599,0.553,0.368,0.263,20.9,77.6,51.1,57.8,9.4,14.5,10.2,100.0,119.2,112.7,21.0,34.0,0.618,5.0,8.0,0.625,16.0,17.0,0.941,3.0,11.0,14.0,8.0,3.0,5.0,3.0,4.0,59.0,24.0,0.711,0.688,0.8,0.5,9.2,27.3,18.5,43.6,3.7,10.6,28.6,45.8,146.0,121.0,46.0,100.0,0.46,18.0,38.0,0.474,10.0,13.0,0.769,11.0,34.0,45.0,29.0,6.0,7.0,15.0,21.0,0.568,0.55,0.38,0.13,22.4,79.1,48.9,63.0,5.6,11.7,12.4,100.0,112.7,119.2,13.0,34.0,0.75,8.0,16.0,1.0,4.0,4.0,1.0,4.0,8.0,10.0,11.0,2.0,3.0,6.0,5.0,35.0,13.0,0.799,0.765,0.941,1.0,12.7,22.3,15.2,44.5,2.3,6.2,46.5,42.2,164.0,127.0,80.0,67.69999999999999
350,UTA,115,1,DAL,113,0,2024-11-14,2025,True,240.0,43.0,85.0,0.506,13.0,34.0,0.382,16.0,21.0,0.762,16.0,24.0,40.0,25.0,11.0,2.0,20.0,20.0,0.61,0.582,0.4,0.247,45.7,68.6,57.1,58.1,11.7,4.3,17.5,100.0,121.9,119.7,10.0,20.0,0.75,4.0,9.0,1.0,7.0,7.0,1.0,6.0,4.0,9.0,6.0,3.0,1.0,5.0,4.0,28.0,12.0,0.717,0.813,0.7,0.667,23.2,32.2,20.1,26.3,8.3,6.1,71.4,32.1,155.0,127.0,43.0,85.0,0.506,12.0,39.0,0.308,15.0,20.0,0.75,11.0,19.0,30.0,25.0,11.0,10.0,17.0,18.0,0.602,0.576,0.459,0.235,31.4,54.3,42.9,58.1,11.7,19.6,15.3,100.0,119.7,121.9,13.0,25.0,1.0,5.0,13.0,0.429,7.0,7.0,1.0,4.0,6.0,7.0,9.0,3.0,4.0,3.0,5.0,37.0,11.0,0.868,1.0,0.778,1.0,28.9,21.6,18.1,42.7,6.9,21.5,50.0,35.4,148.0,134.0,59.3,67.3
351,DAL,113,0,UTA,115,1,2024-11-14,2025,False,240.0,43.0,85.0,0.506,12.0,39.0,0.308,15.0,20.0,0.75,11.0,19.0,30.0,25.0,11.0,10.0,17.0,18.0,0.602,0.576,0.459,0.235,31.4,54.3,42.9,58.1,11.7,19.6,15.3,100.0,119.7,121.9,13.0,25.0,1.0,5.0,13.0,0.429,7.0,7.0,1.0,4.0,6.0,7.0,9.0,3.0,4.0,3.0,5.0,37.0,11.0,0.868,1.0,0.778,1.0,28.9,21.6,18.1,42.7,6.9,21.5,50.0,35.4,148.0,134.0,43.0,85.0,0.506,13.0,34.0,0.382,16.0,21.0,0.762,16.0,24.0,40.0,25.0,11.0,2.0,20.0,20.0,0.61,0.582,0.4,0.247,45.7,68.6,57.1,58.1,11.7,4.3,17.5,100.0,121.9,119.7,10.0,20.0,0.75,4.0,9.0,1.0,7.0,7.0,1.0,6.0,4.0,9.0,6.0,3.0,1.0,5.0,4.0,28.0,12.0,0.717,0.813,0.7,0.667,23.2,32.2,20.1,26.3,8.3,6.1,71.4,32.1,155.0,127.0,67.3,59.3
352,NYK,124,1,BRK,122,0,2024-11-15,2025,True,240.0,44.0,83.0,0.53,13.0,38.0,0.342,23.0,28.0,0.821,8.0,37.0,45.0,25.0,7.0,6.0,13.0,21.0,0.65,0.608,0.458,0.337,22.9,78.7,54.9,56.8,7.2,14.0,12.0,100.0,126.9,124.8,12.0,20.0,1.0,4.0,8.0,1.0,10.0,12.0,1.0,3.0,9.0,9.0,9.0,2.0,4.0,3.0,6.0,37.0,10.0,1.33,1.5,1.0,2.0,22.9,35.0,22.8,36.3,4.2,14.9,33.8,36.7,270.0,132.0,39.0,89.0,0.438,19.0,46.0,0.413,25.0,28.0,0.893,10.0,27.0,37.0,27.0,8.0,2.0,9.0,22.0,0.602,0.545,0.517,0.315,21.3,77.1,45.1,69.2,8.2,4.4,8.2,100.0,124.8,126.9,16.0,22.0,0.727,7.0,10.0,0.7,10.0,10.0,1.0,2.0,7.0,8.0,8.0,2.0,1.0,4.0,5.0,43.0,19.0,0.873,0.886,1.0,1.0,37.1,34.0,21.3,34.4,4.2,3.3,34.0,32.2,154.0,134.0,84.9,51.5
353,TOR,95,1,DET,99,0,2024-11-15,2025,False,240.0,35.0,97.0,0.361,8.0,31.0,0.258,17.0,22.0,0.773,17.0,36.0,53.0,21.0,7.0,6.0,15.0,13.0,0.445,0.402,0.32,0.227,28.8,72.0,48.6,60.0,6.9,10.5,12.3,100.0,94.1,98.1,12.0,20.0,0.75,3.0,10.0,0.75,8.0,9.0,1.0,10.0,8.0,18.0,7.0,3.0,3.0,3.0,4.0,25.0,14.0,1.125,1.125,1.0,1.0,23.2,41.2,22.6,36.5,4.3,12.1,100.0,26.3,206.0,106.0,39.0,95.0,0.411,8.0,38.0,0.211,13.0,20.0,0.65,14.0,42.0,56.0,24.0,8.0,8.0,14.0,16.0,0.477,0.453,0.4,0.211,28.0,71.2,51.4,61.5,7.9,12.1,11.9,100.0,98.1,94.1,8.0,21.0,0.833,4.0,9.0,0.444,5.0,8.0,1.0,4.0,9.0,11.0,10.0,3.0,2.0,4.0,5.0,20.0,18.0,0.773,0.833,0.6,0.667,18.0,26.3,17.4,42.3,6.7,6.2,29.1,28.9,139.0,99.0,61.599999999999994,56.7
354,DET,99,0,TOR,95,1,2024-11-15,2025,True,240.0,39.0,95.0,0.411,8.0,38.0,0.211,13.0,20.0,0.65,14.0,42.0,56.0,24.0,8.0,8.0,14.0,16.0,0.477,0.453,0.4,0.211,28.0,71.2,51.4,61.5,7.9,12.1,11.9,100.0,98.1,94.1,8.0,21.0,0.833,4.0,9.0,0.444,5.0,8.0,1.0,4.0,9.0,11.0,10.0,3.0,2.0,4.0,5.0,20.0,18.0,0.773,0.833,0.6,0.667,18.0,26.3,17.4,42.3,6.7,6.2,29.1,28.9,139.0,99.0,35.0,97.0,0.361,8.0,31.0,0.258,17.0,22.0,0.773,17.0,36.0,53.0,21.0,7.0,6.0,15.0,13.0,0.445,0.402,0.32,0.227,28.8,72.0,48.6,60.0,6.9,10.5,12.3,100.0,94.1,98.1,12.0,20.0,0.75,3.0,10.0,0.75,8.0,9.0,1.0,10.0,8.0,18.0,7.0,3.0,3.0,3.0,4.0,25.0,14.0,1.125,1.125,1.0,1.0,23.2,41.2,22.6,36.5,4.3,12.1,100.0,26.3,206.0,106.0,66.5,70.4
355,SAS,115,1,LAL,120,0,2024-11-15,2025,False,240.0,43.0,88.0,0.489,17.0,45.0,0.378,12.0,16.0,0.75,11.0,29.0,40.0,32.0,6.0,5.0,13.0,19.0,0.605,0.585,0.511,0.182,26.2,74.4,49.4,74.4,6.3,8.8,12.0,100.0,119.8,125.1,12.0,25.0,1.0,4.0,13.0,1.0,5.0,8.0,1.0,5.0,9.0,14.0,11.0,2.0,2.0,5.0,4.0,28.0,17.0,1.0,1.0,0.833,1.333,17.8,32.6,24.4,47.4,3.4,10.0,100.0,39.2,175.0,133.0,44.0,88.0,0.5,14.0,31.0,0.452,18.0,23.0,0.783,10.0,31.0,41.0,27.0,10.0,3.0,12.0,11.0,0.611,0.58,0.352,0.261,25.6,73.8,50.6,61.4,10.4,7.0,10.9,100.0,125.1,119.8,14.0,26.0,0.571,5.0,9.0,0.667,10.0,12.0,1.0,5.0,15.0,16.0,12.0,3.0,2.0,7.0,3.0,40.0,23.0,0.738,0.708,0.75,0.5,17.0,45.3,25.1,41.9,7.7,6.2,33.7,40.1,165.0,130.0,70.4,66.5
356,LAL,120,0,SAS,115,1,2024-11-15,2025,True,240.0,44.0,88.0,0.5,14.0,31.0,0.452,18.0,23.0,0.783,10.0,31.0,41.0,27.0,10.0,3.0,12.0,11.0,0.611,0.58,0.352,0.261,25.6,73.8,50.6,61.4,10.4,7.0,10.9,100.0,125.1,119.8,14.0,26.0,0.571,5.0,9.0,0.667,10.0,12.0,1.0,5.0,15.0,16.0,12.0,3.0,2.0,7.0,3.0,40.0,23.0,0.738,0.708,0.75,0.5,17.0,45.3,25.1,41.9,7.7,6.2,33.7,40.1,165.0,130.0,43.0,88.0,0.489,17.0,45.0,0.378,12.0,16.0,0.75,11.0,29.0,40.0,32.0,6.0,5.0,13.0,19.0,0.605,0.585,0.511,0.182,26.2,74.4,49.4,74.4,6.3,8.8,12.0,100.0,119.8,125.1,12.0,25.0,1.0,4.0,13.0,1.0,5.0,8.0,1.0,5.0,9.0,14.0,11.0,2.0,2.0,5.0,4.0,28.0,17.0,1.0,1.0,0.833,1.333,17.8,32.6,24.4,47.4,3.4,10.0,100.0,39.2,175.0,133.0,46.9,54.5
357,BRK,122,0,NYK,124,1,2024-11-15,2025,False,240.0,39.0,89.0,0.438,19.0,46.0,0.413,25.0,28.0,0.893,10.0,27.0,37.0,27.0,8.0,2.0,9.0,22.0,0.602,0.545,0.517,0.315,21.3,77.1,45.1,69.2,8.2,4.4,8.2,100.0,124.8,126.9,16.0,22.0,0.727,7.0,10.0,0.7,10.0,10.0,1.0,2.0,7.0,8.0,8.0,2.0,1.0,4.0,5.0,43.0,19.0,0.873,0.886,1.0,1.0,37.1,34.0,21.3,34.4,4.2,3.3,34.0,32.2,154.0,134.0,44.0,83.0,0.53,13.0,38.0,0.342,23.0,28.0,0.821,8.0,37.0,45.0,25.0,7.0,6.0,13.0,21.0,0.65,0.608,0.458,0.337,22.9,78.7,54.9,56.8,7.2,14.0,12.0,100.0,126.9,124.8,12.0,20.0,1.0,4.0,8.0,1.0,10.0,12.0,1.0,3.0,9.0,9.0,9.0,2.0,4.0,3.0,6.0,37.0,10.0,1.33,1.5,1.0,2.0,22.9,35.0,22.8,36.3,4.2,14.9,33.8,36.7,270.0,132.0,56.7,61.599999999999994
358,MIN,130,0,SAC,126,1,2024-11-15,2025,True,265.0,48.0,101.0,0.475,20.0,49.0,0.408,14.0,16.0,0.875,10.0,31.0,41.0,26.0,9.0,4.0,11.0,19.0,0.602,0.574,0.485,0.158,20.0,73.8,44.6,54.2,8.5,6.8,9.2,100.0,123.5,119.7,14.0,27.0,0.714,6.0,14.0,0.667,8.0,8.0,1.0,3.0,8.0,11.0,7.0,5.0,3.0,4.0,6.0,36.0,17.0,0.833,0.833,1.0,0.4,8.5,24.6,15.5,23.9,6.8,6.6,17.8,31.7,152.0,129.0,48.0,96.0,0.5,12.0,37.0,0.324,18.0,20.0,0.9,11.0,40.0,51.0,21.0,6.0,7.0,13.0,17.0,0.601,0.563,0.385,0.208,26.2,80.0,55.4,43.8,5.7,13.5,11.0,100.0,119.7,123.5,22.0,35.0,0.667,6.0,10.0,0.6,10.0,11.0,1.0,3.0,10.0,12.0,7.0,3.0,3.0,6.0,4.0,60.0,10.0,0.753,0.714,0.75,1.0,8.4,26.7,17.4,38.3,3.4,7.7,20.0,46.4,144.0,129.0,54.5,46.9
359,ORL,98,1,PHI,86,0,2024-11-15,2025,True,240.0,34.0,78.0,0.436,11.0,37.0,0.297,19.0,22.0,0.864,11.0,32.0,43.0,15.0,11.0,6.0,18.0,21.0,0.559,0.506,0.474,0.282,28.2,84.2,55.8,44.1,12.0,14.6,17.0,100.0,107.3,94.2,10.0,23.0,1.0,5.0,11.0,1.0,6.0,6.0,1.0,4.0,10.0,11.0,6.0,2.0,2.0,5.0,4.0,31.0,21.0,1.5,1.5,1.0,0.667,19.8,100.0,51.2,100.0,3.8,96.2,83.3,37.3,300.0,106.0,29.0,72.0,0.403,10.0,31.0,0.323,18.0,21.0,0.857,6.0,28.0,34.0,19.0,10.0,3.0,18.0,23.0,0.529,0.472,0.431,0.292,15.8,71.8,44.2,65.5,10.9,7.3,18.1,100.0,94.2,107.3,10.0,17.0,1.0,5.0,10.0,1.0,10.0,10.0,1.0,1.0,7.0,8.0,5.0,4.0,1.0,6.0,6.0,29.0,13.0,0.798,1.0,0.6,2.0,33.1,100.0,81.7,100.0,5.9,7.4,57.1,74.7,166.0,118.0,43.5,80.6
360,PHI,86,0,ORL,98,1,2024-11-15,2025,False,240.0,29.0,72.0,0.403,10.0,31.0,0.323,18.0,21.0,0.857,6.0,28.0,34.0,19.0,10.0,3.0,18.0,23.0,0.529,0.472,0.431,0.292,15.8,71.8,44.2,65.5,10.9,7.3,18.1,100.0,94.2,107.3,10.0,17.0,1.0,5.0,10.0,1.0,10.0,10.0,1.0,1.0,7.0,8.0,5.0,4.0,1.0,6.0,6.0,29.0,13.0,0.798,1.0,0.6,2.0,33.1,100.0,81.7,100.0,5.9,7.4,57.1,74.7,166.0,118.0,34.0,78.0,0.436,11.0,37.0,0.297,19.0,22.0,0.864,11.0,32.0,43.0,15.0,11.0,6.0,18.0,21.0,0.559,0.506,0.474,0.282,28.2,84.2,55.8,44.1,12.0,14.6,17.0,100.0,107.3,94.2,10.0,23.0,1.0,5.0,11.0,1.0,6.0,6.0,1.0,4.0,10.0,11.0,6.0,2.0,2.0,5.0,4.0,31.0,21.0,1.5,1.5,1.0,0.667,19.8,100.0,51.2,100.0,3.8,96.2,83.3,37.3,300.0,106.0,80.6,43.5
361,OKC,99,1,PHO,83,0,2024-11-15,2025,True,240.0,36.0,91.0,0.396,10.0,40.0,0.25,17.0,18.0,0.944,13.0,40.0,53.0,21.0,6.0,11.0,11.0,26.0,0.5,0.451,0.44,0.198,25.0,78.4,51.5,58.3,6.3,28.9,10.0,100.0,104.1,87.3,11.0,25.0,0.667,2.0,7.0,1.0,4.0,4.0,1.0,3.0,8.0,9.0,4.0,2.0,3.0,2.0,4.0,28.0,23.0,0.833,0.833,1.0,1.0,22.3,31.1,18.5,29.2,6.1,25.0,41.0,38.1,179.0,100.0,22.0,75.0,0.293,9.0,37.0,0.243,30.0,40.0,0.75,11.0,39.0,50.0,17.0,6.0,4.0,17.0,20.0,0.448,0.353,0.493,0.533,21.6,75.0,48.5,77.3,6.3,7.8,15.5,100.0,87.3,104.1,4.0,13.0,0.5,2.0,9.0,1.0,8.0,9.0,1.0,3.0,6.0,9.0,4.0,1.0,1.0,4.0,5.0,15.0,10.0,0.868,0.75,1.0,2.0,12.8,35.6,18.0,100.0,9.7,4.8,100.0,46.0,241.0,115.0,33.2,66.8
362,PHO,83,0,OKC,99,1,2024-11-15,2025,False,240.0,22.0,75.0,0.293,9.0,37.0,0.243,30.0,40.0,0.75,11.0,39.0,50.0,17.0,6.0,4.0,17.0,20.0,0.448,0.353,0.493,0.533,21.6,75.0,48.5,77.3,6.3,7.8,15.5,100.0,87.3,104.1,4.0,13.0,0.5,2.0,9.0,1.0,8.0,9.0,1.0,3.0,6.0,9.0,4.0,1.0,1.0,4.0,5.0,15.0,10.0,0.868,0.75,1.0,2.0,12.8,35.6,18.0,100.0,9.7,4.8,100.0,46.0,241.0,115.0,36.0,91.0,0.396,10.0,40.0,0.25,17.0,18.0,0.944,13.0,40.0,53.0,21.0,6.0,11.0,11.0,26.0,0.5,0.451,0.44,0.198,25.0,78.4,51.5,58.3,6.3,28.9,10.0,100.0,104.1,87.3,11.0,25.0,0.667,2.0,7.0,1.0,4.0,4.0,1.0,3.0,8.0,9.0,4.0,2.0,3.0,2.0,4.0,28.0,23.0,0.833,0.833,1.0,1.0,22.3,31.1,18.5,29.2,6.1,25.0,41.0,38.1,179.0,100.0,66.8,33.2
363,SAC,126,1,MIN,130,0,2024-11-15,2025,False,265.0,48.0,96.0,0.5,12.0,37.0,0.324,18.0,20.0,0.9,11.0,40.0,51.0,21.0,6.0,7.0,13.0,17.0,0.601,0.563,0.385,0.208,26.2,80.0,55.4,43.8,5.7,13.5,11.0,100.0,119.7,123.5,22.0,35.0,0.667,6.0,10.0,0.6,10.0,11.0,1.0,3.0,10.0,12.0,7.0,3.0,3.0,6.0,4.0,60.0,10.0,0.753,0.714,0.75,1.0,8.4,26.7,17.4,38.3,3.4,7.7,20.0,46.4,144.0,129.0,48.0,101.0,0.475,20.0,49.0,0.408,14.0,16.0,0.875,10.0,31.0,41.0,26.0,9.0,4.0,11.0,19.0,0.602,0.574,0.485,0.158,20.0,73.8,44.6,54.2,8.5,6.8,9.2,100.0,123.5,119.7,14.0,27.0,0.714,6.0,14.0,0.667,8.0,8.0,1.0,3.0,8.0,11.0,7.0,5.0,3.0,4.0,6.0,36.0,17.0,0.833,0.833,1.0,0.4,8.5,24.6,15.5,23.9,6.8,6.6,17.8,31.7,152.0,129.0,51.5,84.9
364,CLE,144,1,CHI,126,0,2024-11-15,2025,True,240.0,51.0,93.0,0.548,21.0,43.0,0.488,21.0,24.0,0.875,4.0,36.0,40.0,33.0,11.0,6.0,13.0,16.0,0.695,0.661,0.462,0.258,10.8,92.3,52.6,64.7,10.0,13.0,11.2,100.0,130.8,114.4,12.0,23.0,1.0,7.0,13.0,0.8,7.0,7.0,1.0,1.0,9.0,10.0,9.0,3.0,2.0,5.0,3.0,37.0,20.0,0.902,1.0,1.0,1.0,6.8,39.6,20.3,38.7,4.5,6.1,41.0,32.7,164.0,123.0,45.0,88.0,0.511,20.0,42.0,0.476,16.0,20.0,0.8,3.0,33.0,36.0,32.0,7.0,4.0,17.0,20.0,0.651,0.625,0.477,0.227,7.7,89.2,47.4,71.1,6.4,8.0,14.9,100.0,114.4,130.8,11.0,16.0,1.0,6.0,11.0,1.0,7.0,7.0,1.0,1.0,8.0,8.0,9.0,2.0,1.0,4.0,5.0,29.0,8.0,1.5,1.5,1.0,0.667,6.7,36.8,17.9,33.1,2.9,11.4,45.0,55.0,300.0,137.0,43.099999999999994,57.3
365,MIA,124,0,IND,111,1,2024-11-15,2025,True,240.0,45.0,87.0,0.517,15.0,42.0,0.357,19.0,23.0,0.826,4.0,32.0,36.0,27.0,16.0,1.0,10.0,12.0,0.638,0.603,0.483,0.264,11.4,80.0,48.0,60.0,15.8,2.0,9.3,100.0,122.5,109.6,10.0,17.0,1.0,3.0,9.0,1.0,8.0,9.0,1.0,1.0,10.0,11.0,7.0,5.0,1.0,4.0,2.0,30.0,22.0,1.167,1.167,1.0,0.667,11.2,58.6,36.5,36.3,15.4,4.1,17.7,29.7,233.0,119.0,44.0,86.0,0.512,14.0,35.0,0.4,9.0,11.0,0.818,8.0,31.0,39.0,28.0,8.0,4.0,20.0,15.0,0.611,0.593,0.407,0.128,20.0,88.6,52.0,63.6,7.9,8.9,18.0,100.0,109.6,122.5,8.0,14.0,0.8,4.0,9.0,1.0,2.0,3.0,1.0,2.0,6.0,7.0,8.0,2.0,1.0,7.0,3.0,21.0,14.0,0.965,0.95,0.857,1.0,23.2,33.3,18.1,41.7,4.6,12.4,100.0,36.4,160.0,128.0,66.2,81.9
366,HOU,125,1,LAC,104,0,2024-11-15,2025,True,240.0,46.0,95.0,0.484,19.0,44.0,0.432,14.0,18.0,0.778,9.0,39.0,48.0,31.0,11.0,3.0,12.0,25.0,0.607,0.584,0.463,0.189,19.1,75.0,48.5,67.4,10.6,6.0,10.4,100.0,120.6,100.3,11.0,17.0,0.667,5.0,9.0,0.667,9.0,10.0,1.0,3.0,8.0,11.0,10.0,2.0,2.0,3.0,5.0,28.0,39.0,1.0,1.0,1.0,1.111,13.7,59.6,31.3,40.1,6.7,5.8,100.0,46.3,187.0,112.0,34.0,90.0,0.378,10.0,40.0,0.25,26.0,33.0,0.788,13.0,38.0,51.0,12.0,6.0,6.0,15.0,15.0,0.498,0.433,0.444,0.367,25.0,80.9,51.5,35.3,5.8,11.8,12.6,100.0,100.3,120.6,7.0,14.0,1.0,3.0,9.0,0.6,9.0,10.0,1.0,3.0,8.0,11.0,3.0,2.0,1.0,5.0,4.0,21.0,4.0,1.0,1.0,0.643,3.333,22.3,32.6,18.7,26.1,5.6,22.8,100.0,30.5,171.0,127.0,83.0,69.39999999999999
367,LAC,104,0,HOU,125,1,2024-11-15,2025,False,240.0,34.0,90.0,0.378,10.0,40.0,0.25,26.0,33.0,0.788,13.0,38.0,51.0,12.0,6.0,6.0,15.0,15.0,0.498,0.433,0.444,0.367,25.0,80.9,51.5,35.3,5.8,11.8,12.6,100.0,100.3,120.6,7.0,14.0,1.0,3.0,9.0,0.6,9.0,10.0,1.0,3.0,8.0,11.0,3.0,2.0,1.0,5.0,4.0,21.0,4.0,1.0,1.0,0.643,3.333,22.3,32.6,18.7,26.1,5.6,22.8,100.0,30.5,171.0,127.0,46.0,95.0,0.484,19.0,44.0,0.432,14.0,18.0,0.778,9.0,39.0,48.0,31.0,11.0,3.0,12.0,25.0,0.607,0.584,0.463,0.189,19.1,75.0,48.5,67.4,10.6,6.0,10.4,100.0,120.6,100.3,11.0,17.0,0.667,5.0,9.0,0.667,9.0,10.0,1.0,3.0,8.0,11.0,10.0,2.0,2.0,3.0,5.0,28.0,39.0,1.0,1.0,1.0,1.111,13.7,59.6,31.3,40.1,6.7,5.8,100.0,46.3,187.0,112.0,69.39999999999999,83.0
368,GSW,123,1,MEM,118,0,2024-11-15,2025,True,240.0,43.0,98.0,0.439,19.0,46.0,0.413,18.0,25.0,0.72,14.0,42.0,56.0,33.0,9.0,5.0,19.0,28.0,0.564,0.536,0.469,0.255,28.0,70.0,50.9,76.7,8.1,8.2,14.8,100.0,110.7,106.2,7.0,15.0,0.75,4.0,8.0,0.667,4.0,5.0,1.0,4.0,8.0,8.0,7.0,4.0,2.0,5.0,5.0,18.0,9.0,1.0,1.0,0.778,1.0,23.0,25.6,24.4,32.6,6.6,8.3,50.0,32.9,169.0,117.0,42.0,103.0,0.408,7.0,42.0,0.167,27.0,33.0,0.818,18.0,36.0,54.0,22.0,8.0,11.0,15.0,21.0,0.502,0.442,0.408,0.32,30.0,72.0,49.1,52.4,7.2,21.2,11.3,100.0,106.2,110.7,11.0,20.0,0.625,2.0,6.0,1.0,10.0,11.0,1.0,4.0,5.0,9.0,6.0,3.0,2.0,3.0,4.0,32.0,14.0,0.788,0.75,1.0,0.55,13.6,29.9,17.0,44.6,7.7,15.1,30.4,28.5,170.0,121.0,75.2,76.3
369,MEM,118,0,GSW,123,1,2024-11-15,2025,False,240.0,42.0,103.0,0.408,7.0,42.0,0.167,27.0,33.0,0.818,18.0,36.0,54.0,22.0,8.0,11.0,15.0,21.0,0.502,0.442,0.408,0.32,30.0,72.0,49.1,52.4,7.2,21.2,11.3,100.0,106.2,110.7,11.0,20.0,0.625,2.0,6.0,1.0,10.0,11.0,1.0,4.0,5.0,9.0,6.0,3.0,2.0,3.0,4.0,32.0,14.0,0.788,0.75,1.0,0.55,13.6,29.9,17.0,44.6,7.7,15.1,30.4,28.5,170.0,121.0,43.0,98.0,0.439,19.0,46.0,0.413,18.0,25.0,0.72,14.0,42.0,56.0,33.0,9.0,5.0,19.0,28.0,0.564,0.536,0.469,0.255,28.0,70.0,50.9,76.7,8.1,8.2,14.8,100.0,110.7,106.2,7.0,15.0,0.75,4.0,8.0,0.667,4.0,5.0,1.0,4.0,8.0,8.0,7.0,4.0,2.0,5.0,5.0,18.0,9.0,1.0,1.0,0.778,1.0,23.0,25.6,24.4,32.6,6.6,8.3,50.0,32.9,169.0,117.0,76.3,75.2
370,NOP,101,1,DEN,94,0,2024-11-15,2025,True,240.0,37.0,87.0,0.425,11.0,35.0,0.314,16.0,18.0,0.889,17.0,39.0,56.0,21.0,4.0,5.0,15.0,13.0,0.532,0.489,0.402,0.207,34.0,88.6,59.6,56.8,4.3,10.0,13.6,100.0,109.6,102.0,12.0,26.0,0.667,3.0,9.0,1.0,4.0,4.0,1.0,6.0,9.0,12.0,7.0,1.0,2.0,6.0,4.0,29.0,18.0,0.773,0.667,0.625,0.667,20.2,26.7,21.5,42.8,2.0,9.8,46.6,34.3,164.0,107.0,37.0,87.0,0.425,10.0,37.0,0.27,10.0,11.0,0.909,5.0,33.0,38.0,26.0,10.0,1.0,8.0,16.0,0.512,0.483,0.425,0.126,11.4,66.0,40.4,70.3,10.9,1.9,8.0,100.0,102.0,109.6,10.0,18.0,0.583,4.0,8.0,0.571,5.0,6.0,1.0,1.0,7.0,8.0,8.0,5.0,1.0,4.0,4.0,24.0,12.0,0.667,0.667,1.0,0.5,13.6,19.9,12.7,47.1,9.1,11.5,30.8,39.0,128.0,122.0,57.3,43.099999999999994
371,CHI,126,0,CLE,144,1,2024-11-15,2025,False,240.0,45.0,88.0,0.511,20.0,42.0,0.476,16.0,20.0,0.8,3.0,33.0,36.0,32.0,7.0,4.0,17.0,20.0,0.651,0.625,0.477,0.227,7.7,89.2,47.4,71.1,6.4,8.0,14.9,100.0,114.4,130.8,11.0,16.0,1.0,6.0,11.0,1.0,7.0,7.0,1.0,1.0,8.0,8.0,9.0,2.0,1.0,4.0,5.0,29.0,8.0,1.5,1.5,1.0,0.667,6.7,36.8,17.9,33.1,2.9,11.4,45.0,55.0,300.0,137.0,51.0,93.0,0.548,21.0,43.0,0.488,21.0,24.0,0.875,4.0,36.0,40.0,33.0,11.0,6.0,13.0,16.0,0.695,0.661,0.462,0.258,10.8,92.3,52.6,64.7,10.0,13.0,11.2,100.0,130.8,114.4,12.0,23.0,1.0,7.0,13.0,0.8,7.0,7.0,1.0,1.0,9.0,10.0,9.0,3.0,2.0,5.0,3.0,37.0,20.0,0.902,1.0,1.0,1.0,6.8,39.6,20.3,38.7,4.5,6.1,41.0,32.7,164.0,123.0,78.4,86.80000000000001
372,ATL,129,1,WAS,117,0,2024-11-15,2025,True,240.0,46.0,98.0,0.469,12.0,37.0,0.324,25.0,30.0,0.833,15.0,40.0,55.0,28.0,10.0,10.0,16.0,17.0,0.58,0.531,0.378,0.306,27.8,75.5,51.4,60.9,8.9,15.9,12.6,100.0,115.0,104.3,10.0,18.0,0.714,4.0,9.0,0.6,5.0,7.0,1.0,6.0,11.0,13.0,9.0,6.0,4.0,6.0,3.0,25.0,12.0,0.816,0.786,1.0,0.667,24.2,31.4,26.4,33.7,7.2,8.7,23.3,30.9,170.0,114.0,43.0,106.0,0.406,15.0,43.0,0.349,16.0,21.0,0.762,13.0,39.0,52.0,28.0,11.0,5.0,16.0,23.0,0.508,0.476,0.406,0.198,24.5,72.2,48.6,65.1,9.8,8.2,12.2,100.0,104.3,115.0,11.0,28.0,0.538,4.0,11.0,0.75,6.0,7.0,1.0,4.0,9.0,9.0,9.0,4.0,3.0,4.0,5.0,24.0,10.0,0.678,0.654,0.643,0.5,11.6,27.6,13.9,29.8,6.4,11.7,25.4,40.4,127.0,120.0,86.80000000000001,78.4
373,WAS,117,0,ATL,129,1,2024-11-15,2025,False,240.0,43.0,106.0,0.406,15.0,43.0,0.349,16.0,21.0,0.762,13.0,39.0,52.0,28.0,11.0,5.0,16.0,23.0,0.508,0.476,0.406,0.198,24.5,72.2,48.6,65.1,9.8,8.2,12.2,100.0,104.3,115.0,11.0,28.0,0.538,4.0,11.0,0.75,6.0,7.0,1.0,4.0,9.0,9.0,9.0,4.0,3.0,4.0,5.0,24.0,10.0,0.678,0.654,0.643,0.5,11.6,27.6,13.9,29.8,6.4,11.7,25.4,40.4,127.0,120.0,46.0,98.0,0.469,12.0,37.0,0.324,25.0,30.0,0.833,15.0,40.0,55.0,28.0,10.0,10.0,16.0,17.0,0.58,0.531,0.378,0.306,27.8,75.5,51.4,60.9,8.9,15.9,12.6,100.0,115.0,104.3,10.0,18.0,0.714,4.0,9.0,0.6,5.0,7.0,1.0,6.0,11.0,13.0,9.0,6.0,4.0,6.0,3.0,25.0,12.0,0.816,0.786,1.0,0.667,24.2,31.4,26.4,33.7,7.2,8.7,23.3,30.9,170.0,114.0,63.0,69.39999999999999
374,IND,111,1,MIA,124,0,2024-11-15,2025,False,240.0,44.0,86.0,0.512,14.0,35.0,0.4,9.0,11.0,0.818,8.0,31.0,39.0,28.0,8.0,4.0,20.0,15.0,0.611,0.593,0.407,0.128,20.0,88.6,52.0,63.6,7.9,8.9,18.0,100.0,109.6,122.5,8.0,14.0,0.8,4.0,9.0,1.0,2.0,3.0,1.0,2.0,6.0,7.0,8.0,2.0,1.0,7.0,3.0,21.0,14.0,0.965,0.95,0.857,1.0,23.2,33.3,18.1,41.7,4.6,12.4,100.0,36.4,160.0,128.0,45.0,87.0,0.517,15.0,42.0,0.357,19.0,23.0,0.826,4.0,32.0,36.0,27.0,16.0,1.0,10.0,12.0,0.638,0.603,0.483,0.264,11.4,80.0,48.0,60.0,15.8,2.0,9.3,100.0,122.5,109.6,10.0,17.0,1.0,3.0,9.0,1.0,8.0,9.0,1.0,1.0,10.0,11.0,7.0,5.0,1.0,4.0,2.0,30.0,22.0,1.167,1.167,1.0,0.667,11.2,58.6,36.5,36.3,15.4,4.1,17.7,29.7,233.0,119.0,69.39999999999999,63.0
375,DEN,94,0,NOP,101,1,2024-11-15,2025,False,240.0,37.0,87.0,0.425,10.0,37.0,0.27,10.0,11.0,0.909,5.0,33.0,38.0,26.0,10.0,1.0,8.0,16.0,0.512,0.483,0.425,0.126,11.4,66.0,40.4,70.3,10.9,1.9,8.0,100.0,102.0,109.6,10.0,18.0,0.583,4.0,8.0,0.571,5.0,6.0,1.0,1.0,7.0,8.0,8.0,5.0,1.0,4.0,4.0,24.0,12.0,0.667,0.667,1.0,0.5,13.6,19.9,12.7,47.1,9.1,11.5,30.8,39.0,128.0,122.0,37.0,87.0,0.425,11.0,35.0,0.314,16.0,18.0,0.889,17.0,39.0,56.0,21.0,4.0,5.0,15.0,13.0,0.532,0.489,0.402,0.207,34.0,88.6,59.6,56.8,4.3,10.0,13.6,100.0,109.6,102.0,12.0,26.0,0.667,3.0,9.0,1.0,4.0,4.0,1.0,6.0,9.0,12.0,7.0,1.0,2.0,6.0,4.0,29.0,18.0,0.773,0.667,0.625,0.667,20.2,26.7,21.5,42.8,2.0,9.8,46.6,34.3,164.0,107.0,81.9,66.2
376,NOP,99,1,LAL,104,0,2024-11-16,2025,False,240.0,35.0,83.0,0.422,11.0,29.0,0.379,18.0,23.0,0.783,18.0,32.0,50.0,24.0,7.0,4.0,17.0,19.0,0.532,0.488,0.349,0.277,40.9,65.3,53.8,68.6,7.9,8.2,15.4,100.0,112.0,117.6,11.0,23.0,0.75,3.0,7.0,0.6,7.0,9.0,1.0,5.0,7.0,9.0,8.0,3.0,1.0,7.0,4.0,32.0,3.0,0.82,0.75,0.667,0.8,26.3,19.2,19.9,48.7,4.3,4.7,30.7,39.3,176.0,121.0,39.0,89.0,0.438,12.0,40.0,0.3,14.0,18.0,0.778,17.0,26.0,43.0,24.0,10.0,3.0,11.0,14.0,0.537,0.506,0.449,0.202,34.7,59.1,46.2,61.5,11.3,5.6,10.2,100.0,117.6,112.0,12.0,20.0,0.75,5.0,10.0,0.5,5.0,7.0,1.0,4.0,11.0,14.0,7.0,2.0,1.0,6.0,3.0,31.0,11.0,0.755,0.75,1.0,0.4,36.4,32.2,28.8,33.4,5.0,8.3,33.8,32.7,176.0,122.0,67.3,56.7
377,LAL,104,0,NOP,99,1,2024-11-16,2025,True,240.0,39.0,89.0,0.438,12.0,40.0,0.3,14.0,18.0,0.778,17.0,26.0,43.0,24.0,10.0,3.0,11.0,14.0,0.537,0.506,0.449,0.202,34.7,59.1,46.2,61.5,11.3,5.6,10.2,100.0,117.6,112.0,12.0,20.0,0.75,5.0,10.0,0.5,5.0,7.0,1.0,4.0,11.0,14.0,7.0,2.0,1.0,6.0,3.0,31.0,11.0,0.755,0.75,1.0,0.4,36.4,32.2,28.8,33.4,5.0,8.3,33.8,32.7,176.0,122.0,35.0,83.0,0.422,11.0,29.0,0.379,18.0,23.0,0.783,18.0,32.0,50.0,24.0,7.0,4.0,17.0,19.0,0.532,0.488,0.349,0.277,40.9,65.3,53.8,68.6,7.9,8.2,15.4,100.0,112.0,117.6,11.0,23.0,0.75,3.0,7.0,0.6,7.0,9.0,1.0,5.0,7.0,9.0,8.0,3.0,1.0,7.0,4.0,32.0,3.0,0.82,0.75,0.667,0.8,26.3,19.2,19.9,48.7,4.3,4.7,30.7,39.3,176.0,121.0,42.1,47.1
378,DAL,110,1,SAS,93,0,2024-11-16,2025,True,240.0,44.0,94.0,0.468,8.0,31.0,0.258,14.0,18.0,0.778,13.0,40.0,53.0,26.0,9.0,7.0,15.0,18.0,0.54,0.511,0.33,0.191,28.9,75.5,54.1,59.1,9.1,14.6,12.8,100.0,111.7,94.4,9.0,16.0,0.9,3.0,9.0,0.4,4.0,4.0,1.0,3.0,7.0,8.0,6.0,2.0,4.0,4.0,4.0,22.0,22.0,0.935,0.9,0.563,0.4,30.9,39.4,35.5,35.2,5.2,19.5,35.5,43.7,218.0,110.0,28.0,88.0,0.318,11.0,40.0,0.275,26.0,30.0,0.867,13.0,32.0,45.0,21.0,10.0,9.0,12.0,17.0,0.459,0.381,0.455,0.341,24.5,71.1,45.9,75.0,10.2,14.3,10.6,100.0,94.4,111.7,6.0,13.0,0.462,3.0,8.0,0.5,8.0,8.0,1.0,3.0,6.0,6.0,4.0,4.0,3.0,2.0,5.0,20.0,7.0,0.726,0.571,0.857,2.0,16.4,37.4,17.8,45.3,9.5,10.6,20.0,29.9,158.0,122.0,47.1,42.1
379,SAS,93,0,DAL,110,1,2024-11-16,2025,False,240.0,28.0,88.0,0.318,11.0,40.0,0.275,26.0,30.0,0.867,13.0,32.0,45.0,21.0,10.0,9.0,12.0,17.0,0.459,0.381,0.455,0.341,24.5,71.1,45.9,75.0,10.2,14.3,10.6,100.0,94.4,111.7,6.0,13.0,0.462,3.0,8.0,0.5,8.0,8.0,1.0,3.0,6.0,6.0,4.0,4.0,3.0,2.0,5.0,20.0,7.0,0.726,0.571,0.857,2.0,16.4,37.4,17.8,45.3,9.5,10.6,20.0,29.9,158.0,122.0,44.0,94.0,0.468,8.0,31.0,0.258,14.0,18.0,0.778,13.0,40.0,53.0,26.0,9.0,7.0,15.0,18.0,0.54,0.511,0.33,0.191,28.9,75.5,54.1,59.1,9.1,14.6,12.8,100.0,111.7,94.4,9.0,16.0,0.9,3.0,9.0,0.4,4.0,4.0,1.0,3.0,7.0,8.0,6.0,2.0,4.0,4.0,4.0,22.0,22.0,0.935,0.9,0.563,0.4,30.9,39.4,35.5,35.2,5.2,19.5,35.5,43.7,218.0,110.0,33.2,72.1
380,UTA,117,0,SAC,121,1,2024-11-16,2025,False,240.0,37.0,75.0,0.493,12.0,26.0,0.462,31.0,42.0,0.738,11.0,22.0,33.0,16.0,11.0,3.0,16.0,20.0,0.626,0.573,0.347,0.56,29.7,71.0,48.5,43.2,11.6,7.1,14.6,100.0,123.2,127.4,7.0,18.0,1.0,4.0,7.0,1.0,9.0,10.0,1.0,4.0,6.0,8.0,5.0,3.0,2.0,3.0,6.0,25.0,12.0,1.16,1.167,1.0,1.8,24.5,32.8,17.8,30.6,5.4,7.2,66.7,33.0,179.0,138.0,42.0,83.0,0.506,19.0,41.0,0.463,18.0,25.0,0.72,9.0,26.0,35.0,24.0,6.0,3.0,14.0,29.0,0.644,0.62,0.494,0.301,29.0,70.3,51.5,57.1,6.3,6.1,13.0,100.0,127.4,123.2,16.0,30.0,1.0,5.0,12.0,1.0,14.0,19.0,1.0,4.0,5.0,6.0,9.0,2.0,1.0,4.0,5.0,49.0,12.0,1.042,1.25,1.0,1.0,48.0,46.8,34.0,59.0,2.8,8.1,66.7,52.7,221.0,130.0,56.7,67.3
381,MIL,114,0,CHA,115,1,2024-11-16,2025,False,240.0,47.0,92.0,0.511,15.0,36.0,0.417,5.0,11.0,0.455,8.0,32.0,40.0,31.0,6.0,6.0,9.0,18.0,0.589,0.592,0.391,0.12,17.8,66.7,43.0,66.0,6.3,11.8,8.5,100.0,120.2,121.2,11.0,22.0,0.667,4.0,7.0,0.8,2.0,5.0,1.0,2.0,13.0,15.0,12.0,3.0,3.0,3.0,4.0,23.0,7.0,1.017,1.0,0.833,0.333,8.9,38.8,23.1,55.1,8.5,8.5,30.4,33.1,142.0,132.0,41.0,93.0,0.441,15.0,42.0,0.357,18.0,21.0,0.857,16.0,37.0,53.0,25.0,7.0,4.0,10.0,16.0,0.562,0.522,0.452,0.226,33.3,82.2,57.0,61.0,7.4,7.1,8.9,100.0,121.2,120.2,7.0,20.0,0.857,3.0,11.0,1.0,11.0,11.0,1.0,10.0,7.0,14.0,6.0,3.0,3.0,3.0,4.0,26.0,12.0,0.857,0.857,0.75,2.0,40.4,24.5,29.2,28.1,5.3,10.4,30.0,31.6,188.0,128.0,97.4,81.9
382,BOS,126,1,TOR,123,0,2024-11-16,2025,True,265.0,44.0,99.0,0.444,21.0,61.0,0.344,17.0,19.0,0.895,14.0,28.0,42.0,30.0,2.0,6.0,9.0,20.0,0.587,0.551,0.616,0.192,31.1,65.1,47.7,68.2,2.1,8.0,7.7,100.0,129.4,126.3,8.0,20.0,0.75,5.0,12.0,0.5,9.0,10.0,1.0,4.0,11.0,11.0,9.0,1.0,2.0,3.0,5.0,27.0,8.0,0.787,0.773,1.0,0.625,20.5,32.6,21.0,32.6,3.2,3.4,25.0,25.4,180.0,133.0,50.0,98.0,0.51,9.0,23.0,0.391,14.0,21.0,0.667,15.0,31.0,46.0,35.0,3.0,2.0,9.0,19.0,0.573,0.556,0.235,0.214,34.9,68.9,52.3,70.0,3.1,5.3,7.7,100.0,126.3,129.4,16.0,27.0,1.0,3.0,8.0,1.0,4.0,9.0,1.0,6.0,10.0,12.0,15.0,1.0,1.0,2.0,4.0,35.0,3.0,1.5,1.5,1.0,1.0,25.1,27.7,19.4,49.9,1.7,3.5,33.3,34.3,270.0,138.0,81.9,97.4
383,TOR,123,0,BOS,126,1,2024-11-16,2025,False,265.0,50.0,98.0,0.51,9.0,23.0,0.391,14.0,21.0,0.667,15.0,31.0,46.0,35.0,3.0,2.0,9.0,19.0,0.573,0.556,0.235,0.214,34.9,68.9,52.3,70.0,3.1,5.3,7.7,100.0,126.3,129.4,16.0,27.0,1.0,3.0,8.0,1.0,4.0,9.0,1.0,6.0,10.0,12.0,15.0,1.0,1.0,2.0,4.0,35.0,3.0,1.5,1.5,1.0,1.0,25.1,27.7,19.4,49.9,1.7,3.5,33.3,34.3,270.0,138.0,44.0,99.0,0.444,21.0,61.0,0.344,17.0,19.0,0.895,14.0,28.0,42.0,30.0,2.0,6.0,9.0,20.0,0.587,0.551,0.616,0.192,31.1,65.1,47.7,68.2,2.1,8.0,7.7,100.0,129.4,126.3,8.0,20.0,0.75,5.0,12.0,0.5,9.0,10.0,1.0,4.0,11.0,11.0,9.0,1.0,2.0,3.0,5.0,27.0,8.0,0.787,0.773,1.0,0.625,20.5,32.6,21.0,32.6,3.2,3.4,25.0,25.4,180.0,133.0,60.599999999999994,95.0
384,CHA,115,1,MIL,114,0,2024-11-16,2025,True,240.0,41.0,93.0,0.441,15.0,42.0,0.357,18.0,21.0,0.857,16.0,37.0,53.0,25.0,7.0,4.0,10.0,16.0,0.562,0.522,0.452,0.226,33.3,82.2,57.0,61.0,7.4,7.1,8.9,100.0,121.2,120.2,7.0,20.0,0.857,3.0,11.0,1.0,11.0,11.0,1.0,10.0,7.0,14.0,6.0,3.0,3.0,3.0,4.0,26.0,12.0,0.857,0.857,0.75,2.0,40.4,24.5,29.2,28.1,5.3,10.4,30.0,31.6,188.0,128.0,47.0,92.0,0.511,15.0,36.0,0.417,5.0,11.0,0.455,8.0,32.0,40.0,31.0,6.0,6.0,9.0,18.0,0.589,0.592,0.391,0.12,17.8,66.7,43.0,66.0,6.3,11.8,8.5,100.0,120.2,121.2,11.0,22.0,0.667,4.0,7.0,0.8,2.0,5.0,1.0,2.0,13.0,15.0,12.0,3.0,3.0,3.0,4.0,23.0,7.0,1.017,1.0,0.833,0.333,8.9,38.8,23.1,55.1,8.5,8.5,30.4,33.1,142.0,132.0,95.0,60.599999999999994
385,SAC,121,1,UTA,117,0,2024-11-16,2025,True,240.0,42.0,83.0,0.506,19.0,41.0,0.463,18.0,25.0,0.72,9.0,26.0,35.0,24.0,6.0,3.0,14.0,29.0,0.644,0.62,0.494,0.301,29.0,70.3,51.5,57.1,6.3,6.1,13.0,100.0,127.4,123.2,16.0,30.0,1.0,5.0,12.0,1.0,14.0,19.0,1.0,4.0,5.0,6.0,9.0,2.0,1.0,4.0,5.0,49.0,12.0,1.042,1.25,1.0,1.0,48.0,46.8,34.0,59.0,2.8,8.1,66.7,52.7,221.0,130.0,37.0,75.0,0.493,12.0,26.0,0.462,31.0,42.0,0.738,11.0,22.0,33.0,16.0,11.0,3.0,16.0,20.0,0.626,0.573,0.347,0.56,29.7,71.0,48.5,43.2,11.6,7.1,14.6,100.0,123.2,127.4,7.0,18.0,1.0,4.0,7.0,1.0,9.0,10.0,1.0,4.0,6.0,8.0,5.0,3.0,2.0,3.0,6.0,25.0,12.0,1.16,1.167,1.0,1.8,24.5,32.8,17.8,30.6,5.4,7.2,66.7,33.0,179.0,138.0,72.1,33.2
386,DET,124,0,WAS,104,1,2024-11-17,2025,True,240.0,46.0,97.0,0.474,17.0,38.0,0.447,15.0,19.0,0.789,13.0,38.0,51.0,27.0,11.0,4.0,9.0,19.0,0.588,0.562,0.392,0.196,27.7,88.4,56.7,58.7,10.9,7.1,7.9,100.0,123.4,103.5,10.0,19.0,0.625,6.0,11.0,0.571,5.0,5.0,1.0,4.0,8.0,10.0,10.0,5.0,2.0,3.0,3.0,28.0,30.0,0.813,0.813,0.833,1.0,22.4,36.8,29.3,44.9,7.8,6.7,25.8,33.5,161.0,111.0,39.0,83.0,0.47,12.0,27.0,0.444,14.0,20.0,0.7,5.0,34.0,39.0,21.0,6.0,3.0,17.0,16.0,0.566,0.542,0.325,0.241,11.6,72.3,43.3,53.8,6.0,5.1,15.6,100.0,103.5,123.4,10.0,16.0,1.0,3.0,6.0,1.0,4.0,4.0,1.0,2.0,9.0,10.0,6.0,3.0,1.0,4.0,4.0,22.0,5.0,1.042,1.0,0.857,1.0,27.9,45.7,26.7,36.3,5.5,4.0,33.3,66.2,220.0,133.0,54.5,39.0
387,HOU,143,0,CHI,107,1,2024-11-17,2025,True,240.0,55.0,105.0,0.524,10.0,34.0,0.294,23.0,32.0,0.719,14.0,52.0,66.0,34.0,8.0,9.0,11.0,18.0,0.6,0.571,0.324,0.305,29.2,80.0,58.4,61.8,7.0,17.6,8.5,100.0,125.0,93.5,10.0,16.0,1.0,4.0,6.0,0.8,6.0,8.0,1.0,4.0,9.0,11.0,11.0,2.0,3.0,2.0,5.0,28.0,35.0,1.0,1.0,1.0,1.333,24.7,29.9,21.0,54.3,8.4,18.9,20.5,29.7,207.0,101.0,36.0,107.0,0.336,14.0,56.0,0.25,21.0,22.0,0.955,13.0,34.0,47.0,26.0,8.0,7.0,15.0,21.0,0.459,0.402,0.523,0.206,20.0,70.8,41.6,72.2,7.0,9.9,11.4,100.0,93.5,125.0,4.0,11.0,0.5,2.0,7.0,0.667,6.0,6.0,1.0,4.0,7.0,9.0,6.0,2.0,3.0,3.0,3.0,15.0,10.0,0.644,0.5,1.0,0.667,29.7,33.1,20.3,57.8,6.8,13.9,23.3,45.1,136.0,133.0,39.0,54.5
388,CHI,107,1,HOU,143,0,2024-11-17,2025,False,240.0,36.0,107.0,0.336,14.0,56.0,0.25,21.0,22.0,0.955,13.0,34.0,47.0,26.0,8.0,7.0,15.0,21.0,0.459,0.402,0.523,0.206,20.0,70.8,41.6,72.2,7.0,9.9,11.4,100.0,93.5,125.0,4.0,11.0,0.5,2.0,7.0,0.667,6.0,6.0,1.0,4.0,7.0,9.0,6.0,2.0,3.0,3.0,3.0,15.0,10.0,0.644,0.5,1.0,0.667,29.7,33.1,20.3,57.8,6.8,13.9,23.3,45.1,136.0,133.0,55.0,105.0,0.524,10.0,34.0,0.294,23.0,32.0,0.719,14.0,52.0,66.0,34.0,8.0,9.0,11.0,18.0,0.6,0.571,0.324,0.305,29.2,80.0,58.4,61.8,7.0,17.6,8.5,100.0,125.0,93.5,10.0,16.0,1.0,4.0,6.0,0.8,6.0,8.0,1.0,4.0,9.0,11.0,11.0,2.0,3.0,2.0,5.0,28.0,35.0,1.0,1.0,1.0,1.333,24.7,29.9,21.0,54.3,8.4,18.9,20.5,29.7,207.0,101.0,80.6,95.4
389,CHA,114,0,CLE,128,1,2024-11-17,2025,False,240.0,42.0,103.0,0.408,20.0,52.0,0.385,10.0,12.0,0.833,17.0,23.0,40.0,34.0,12.0,6.0,10.0,23.0,0.526,0.505,0.505,0.117,30.4,71.9,45.5,81.0,12.2,12.8,8.5,100.0,116.2,130.4,11.0,29.0,0.75,5.0,15.0,1.0,4.0,4.0,1.0,5.0,7.0,9.0,12.0,2.0,3.0,5.0,5.0,31.0,2.0,1.125,1.125,1.0,0.333,54.7,39.2,34.8,60.3,5.3,12.0,50.0,51.8,172.0,140.0,44.0,77.0,0.571,13.0,30.0,0.433,27.0,28.0,0.964,9.0,39.0,48.0,26.0,3.0,4.0,20.0,15.0,0.717,0.656,0.39,0.364,28.1,69.6,54.5,59.1,3.1,7.8,18.3,100.0,130.4,116.2,9.0,16.0,1.0,4.0,7.0,0.667,9.0,10.0,1.0,4.0,11.0,15.0,12.0,2.0,1.0,4.0,5.0,25.0,20.0,1.0,1.0,1.0,1.429,19.1,54.7,34.8,57.4,4.6,60.1,100.0,31.7,200.0,127.0,95.4,80.6
390,CLE,128,1,CHA,114,0,2024-11-17,2025,True,240.0,44.0,77.0,0.571,13.0,30.0,0.433,27.0,28.0,0.964,9.0,39.0,48.0,26.0,3.0,4.0,20.0,15.0,0.717,0.656,0.39,0.364,28.1,69.6,54.5,59.1,3.1,7.8,18.3,100.0,130.4,116.2,9.0,16.0,1.0,4.0,7.0,0.667,9.0,10.0,1.0,4.0,11.0,15.0,12.0,2.0,1.0,4.0,5.0,25.0,20.0,1.0,1.0,1.0,1.429,19.1,54.7,34.8,57.4,4.6,60.1,100.0,31.7,200.0,127.0,42.0,103.0,0.408,20.0,52.0,0.385,10.0,12.0,0.833,17.0,23.0,40.0,34.0,12.0,6.0,10.0,23.0,0.526,0.505,0.505,0.117,30.4,71.9,45.5,81.0,12.2,12.8,8.5,100.0,116.2,130.4,11.0,29.0,0.75,5.0,15.0,1.0,4.0,4.0,1.0,5.0,7.0,9.0,12.0,2.0,3.0,5.0,5.0,31.0,2.0,1.125,1.125,1.0,0.333,54.7,39.2,34.8,60.3,5.3,12.0,50.0,51.8,172.0,140.0,51.5,84.9
391,MIA,110,0,IND,119,1,2024-11-17,2025,False,240.0,36.0,90.0,0.4,19.0,43.0,0.442,19.0,20.0,0.95,15.0,23.0,38.0,21.0,4.0,1.0,11.0,13.0,0.557,0.506,0.478,0.222,30.0,69.7,45.8,58.3,4.4,1.8,10.0,100.0,120.6,130.5,9.0,18.0,0.6,7.0,11.0,0.714,6.0,6.0,1.0,6.0,6.0,8.0,4.0,1.0,1.0,2.0,3.0,28.0,10.0,0.883,0.85,0.7,0.667,14.5,74.6,29.7,37.8,3.4,3.5,25.0,26.2,156.0,137.0,44.0,85.0,0.518,13.0,29.0,0.448,18.0,20.0,0.9,10.0,35.0,45.0,30.0,6.0,6.0,11.0,16.0,0.634,0.594,0.341,0.235,30.3,70.0,54.2,68.2,6.6,12.8,10.5,100.0,130.5,120.6,14.0,23.0,0.818,5.0,8.0,0.667,8.0,8.0,1.0,3.0,10.0,12.0,13.0,2.0,2.0,3.0,6.0,34.0,19.0,0.933,0.909,0.615,0.8,12.4,35.5,25.0,42.6,3.2,6.3,26.5,32.0,160.0,127.0,84.9,51.5
392,IND,119,1,MIA,110,0,2024-11-17,2025,True,240.0,44.0,85.0,0.518,13.0,29.0,0.448,18.0,20.0,0.9,10.0,35.0,45.0,30.0,6.0,6.0,11.0,16.0,0.634,0.594,0.341,0.235,30.3,70.0,54.2,68.2,6.6,12.8,10.5,100.0,130.5,120.6,14.0,23.0,0.818,5.0,8.0,0.667,8.0,8.0,1.0,3.0,10.0,12.0,13.0,2.0,2.0,3.0,6.0,34.0,19.0,0.933,0.909,0.615,0.8,12.4,35.5,25.0,42.6,3.2,6.3,26.5,32.0,160.0,127.0,36.0,90.0,0.4,19.0,43.0,0.442,19.0,20.0,0.95,15.0,23.0,38.0,21.0,4.0,1.0,11.0,13.0,0.557,0.506,0.478,0.222,30.0,69.7,45.8,58.3,4.4,1.8,10.0,100.0,120.6,130.5,9.0,18.0,0.6,7.0,11.0,0.714,6.0,6.0,1.0,6.0,6.0,8.0,4.0,1.0,1.0,2.0,3.0,28.0,10.0,0.883,0.85,0.7,0.667,14.5,74.6,29.7,37.8,3.4,3.5,25.0,26.2,156.0,137.0,66.2,83.0
393,UTA,105,0,LAC,116,1,2024-11-17,2025,False,240.0,39.0,79.0,0.494,12.0,40.0,0.3,15.0,18.0,0.833,9.0,32.0,41.0,24.0,7.0,1.0,19.0,14.0,0.604,0.57,0.506,0.228,25.0,69.6,50.0,61.5,7.4,1.9,17.9,100.0,111.3,123.0,7.0,17.0,0.833,4.0,11.0,0.667,5.0,5.0,1.0,2.0,8.0,10.0,8.0,2.0,1.0,4.0,4.0,21.0,11.0,0.888,0.833,0.667,0.5,13.5,27.0,15.2,41.3,3.9,4.5,42.9,32.5,170.0,130.0,46.0,94.0,0.489,11.0,40.0,0.275,13.0,17.0,0.765,14.0,27.0,41.0,30.0,11.0,5.0,9.0,11.0,0.572,0.548,0.426,0.181,30.4,75.0,50.0,65.2,11.7,12.8,8.1,100.0,123.0,111.3,11.0,17.0,0.667,4.0,11.0,0.5,4.0,5.0,1.0,6.0,5.0,11.0,11.0,3.0,2.0,5.0,3.0,22.0,10.0,0.688,0.688,1.0,0.667,20.6,43.8,30.8,42.4,7.4,9.0,21.9,30.3,160.0,120.0,83.0,66.2
394,LAC,116,1,UTA,105,0,2024-11-17,2025,True,240.0,46.0,94.0,0.489,11.0,40.0,0.275,13.0,17.0,0.765,14.0,27.0,41.0,30.0,11.0,5.0,9.0,11.0,0.572,0.548,0.426,0.181,30.4,75.0,50.0,65.2,11.7,12.8,8.1,100.0,123.0,111.3,11.0,17.0,0.667,4.0,11.0,0.5,4.0,5.0,1.0,6.0,5.0,11.0,11.0,3.0,2.0,5.0,3.0,22.0,10.0,0.688,0.688,1.0,0.667,20.6,43.8,30.8,42.4,7.4,9.0,21.9,30.3,160.0,120.0,39.0,79.0,0.494,12.0,40.0,0.3,15.0,18.0,0.833,9.0,32.0,41.0,24.0,7.0,1.0,19.0,14.0,0.604,0.57,0.506,0.228,25.0,69.6,50.0,61.5,7.4,1.9,17.9,100.0,111.3,123.0,7.0,17.0,0.833,4.0,11.0,0.667,5.0,5.0,1.0,2.0,8.0,10.0,8.0,2.0,1.0,4.0,4.0,21.0,11.0,0.888,0.833,0.667,0.5,13.5,27.0,15.2,41.3,3.9,4.5,42.9,32.5,170.0,130.0,76.3,69.39999999999999
395,PHO,117,0,MIN,120,1,2024-11-17,2025,False,240.0,46.0,85.0,0.541,14.0,31.0,0.452,11.0,15.0,0.733,12.0,29.0,41.0,29.0,9.0,2.0,21.0,26.0,0.639,0.624,0.365,0.176,34.3,76.3,56.2,63.0,9.4,4.9,18.7,100.0,121.6,124.7,15.0,29.0,0.75,6.0,13.0,1.0,8.0,9.0,1.0,3.0,5.0,8.0,11.0,3.0,1.0,4.0,6.0,44.0,8.0,0.833,0.833,0.7,1.0,20.3,46.7,34.1,37.1,4.6,4.7,51.0,39.6,159.0,131.0,42.0,80.0,0.525,17.0,39.0,0.436,19.0,26.0,0.731,9.0,23.0,32.0,27.0,8.0,6.0,14.0,13.0,0.656,0.631,0.488,0.325,23.7,65.7,43.8,64.3,8.3,11.1,13.3,100.0,124.7,121.6,11.0,20.0,0.667,5.0,11.0,1.0,8.0,9.0,1.0,4.0,6.0,10.0,7.0,3.0,4.0,3.0,4.0,35.0,16.0,0.783,0.75,0.909,0.571,13.7,22.4,17.9,100.0,5.7,9.7,33.3,36.2,240.0,130.0,57.3,43.099999999999994
396,MIN,120,1,PHO,117,0,2024-11-17,2025,True,240.0,42.0,80.0,0.525,17.0,39.0,0.436,19.0,26.0,0.731,9.0,23.0,32.0,27.0,8.0,6.0,14.0,13.0,0.656,0.631,0.488,0.325,23.7,65.7,43.8,64.3,8.3,11.1,13.3,100.0,124.7,121.6,11.0,20.0,0.667,5.0,11.0,1.0,8.0,9.0,1.0,4.0,6.0,10.0,7.0,3.0,4.0,3.0,4.0,35.0,16.0,0.783,0.75,0.909,0.571,13.7,22.4,17.9,100.0,5.7,9.7,33.3,36.2,240.0,130.0,46.0,85.0,0.541,14.0,31.0,0.452,11.0,15.0,0.733,12.0,29.0,41.0,29.0,9.0,2.0,21.0,26.0,0.639,0.624,0.365,0.176,34.3,76.3,56.2,63.0,9.4,4.9,18.7,100.0,121.6,124.7,15.0,29.0,0.75,6.0,13.0,1.0,8.0,9.0,1.0,3.0,5.0,8.0,11.0,3.0,1.0,4.0,6.0,44.0,8.0,0.833,0.833,0.7,1.0,20.3,46.7,34.1,37.1,4.6,4.7,51.0,39.6,159.0,131.0,43.099999999999994,57.3
397,BRK,104,0,NYK,114,1,2024-11-17,2025,False,240.0,32.0,76.0,0.421,17.0,41.0,0.415,23.0,30.0,0.767,7.0,28.0,35.0,31.0,1.0,3.0,9.0,19.0,0.583,0.533,0.539,0.395,15.9,73.7,42.7,96.9,1.1,6.3,9.2,100.0,115.3,126.4,7.0,12.0,1.0,4.0,7.0,1.0,7.0,10.0,1.0,3.0,5.0,6.0,8.0,1.0,1.0,3.0,4.0,22.0,4.0,1.5,1.5,1.0,0.909,11.5,98.4,45.6,54.3,1.6,4.5,50.0,38.1,300.0,132.0,43.0,88.0,0.489,13.0,40.0,0.325,15.0,19.0,0.789,10.0,37.0,47.0,33.0,4.0,5.0,8.0,23.0,0.592,0.563,0.455,0.216,26.3,84.1,57.3,76.7,4.4,14.3,7.7,100.0,126.4,115.3,10.0,18.0,1.0,3.0,10.0,0.429,6.0,8.0,1.0,4.0,11.0,15.0,10.0,2.0,1.0,3.0,5.0,26.0,16.0,1.0,1.0,1.0,0.571,16.9,40.1,29.3,50.2,3.1,14.4,14.6,29.5,210.0,123.0,85.19999999999999,76.0
398,NYK,114,1,BRK,104,0,2024-11-17,2025,True,240.0,43.0,88.0,0.489,13.0,40.0,0.325,15.0,19.0,0.789,10.0,37.0,47.0,33.0,4.0,5.0,8.0,23.0,0.592,0.563,0.455,0.216,26.3,84.1,57.3,76.7,4.4,14.3,7.7,100.0,126.4,115.3,10.0,18.0,1.0,3.0,10.0,0.429,6.0,8.0,1.0,4.0,11.0,15.0,10.0,2.0,1.0,3.0,5.0,26.0,16.0,1.0,1.0,1.0,0.571,16.9,40.1,29.3,50.2,3.1,14.4,14.6,29.5,210.0,123.0,32.0,76.0,0.421,17.0,41.0,0.415,23.0,30.0,0.767,7.0,28.0,35.0,31.0,1.0,3.0,9.0,19.0,0.583,0.533,0.539,0.395,15.9,73.7,42.7,96.9,1.1,6.3,9.2,100.0,115.3,126.4,7.0,12.0,1.0,4.0,7.0,1.0,7.0,10.0,1.0,3.0,5.0,6.0,8.0,1.0,1.0,3.0,4.0,22.0,4.0,1.5,1.5,1.0,0.909,11.5,98.4,45.6,54.3,1.6,4.5,50.0,38.1,300.0,132.0,76.0,85.19999999999999
399,DAL,121,0,OKC,119,1,2024-11-17,2025,True,240.0,40.0,84.0,0.476,11.0,27.0,0.407,30.0,36.0,0.833,18.0,35.0,53.0,18.0,4.0,5.0,16.0,20.0,0.606,0.542,0.321,0.429,45.0,83.3,64.6,45.0,4.2,11.1,13.8,100.0,127.1,125.0,9.0,18.0,1.0,3.0,8.0,0.75,10.0,10.0,1.0,8.0,11.0,17.0,6.0,2.0,2.0,4.0,4.0,27.0,12.0,1.0,1.0,0.8,0.833,53.5,44.4,39.1,28.5,4.0,8.3,75.0,34.8,176.0,131.0,43.0,87.0,0.494,14.0,42.0,0.333,19.0,25.0,0.76,7.0,22.0,29.0,29.0,11.0,5.0,8.0,25.0,0.607,0.575,0.483,0.287,16.7,55.0,35.4,67.4,11.6,8.8,7.5,100.0,125.0,127.1,13.0,19.0,0.833,4.0,9.0,1.0,9.0,11.0,1.0,2.0,4.0,5.0,8.0,2.0,2.0,1.0,5.0,36.0,13.0,1.0,1.0,1.0,0.6,52.3,26.3,26.8,51.1,5.5,4.4,14.3,29.2,199.0,138.0,78.4,60.599999999999994
400,OKC,119,1,DAL,121,0,2024-11-17,2025,False,240.0,43.0,87.0,0.494,14.0,42.0,0.333,19.0,25.0,0.76,7.0,22.0,29.0,29.0,11.0,5.0,8.0,25.0,0.607,0.575,0.483,0.287,16.7,55.0,35.4,67.4,11.6,8.8,7.5,100.0,125.0,127.1,13.0,19.0,0.833,4.0,9.0,1.0,9.0,11.0,1.0,2.0,4.0,5.0,8.0,2.0,2.0,1.0,5.0,36.0,13.0,1.0,1.0,1.0,0.6,52.3,26.3,26.8,51.1,5.5,4.4,14.3,29.2,199.0,138.0,40.0,84.0,0.476,11.0,27.0,0.407,30.0,36.0,0.833,18.0,35.0,53.0,18.0,4.0,5.0,16.0,20.0,0.606,0.542,0.321,0.429,45.0,83.3,64.6,45.0,4.2,11.1,13.8,100.0,127.1,125.0,9.0,18.0,1.0,3.0,8.0,0.75,10.0,10.0,1.0,8.0,11.0,17.0,6.0,2.0,2.0,4.0,4.0,27.0,12.0,1.0,1.0,0.8,0.833,53.5,44.4,39.1,28.5,4.0,8.3,75.0,34.8,176.0,131.0,60.599999999999994,78.4
401,ATL,110,0,POR,114,1,2024-11-17,2025,False,240.0,39.0,85.0,0.459,11.0,32.0,0.344,21.0,25.0,0.84,16.0,31.0,47.0,30.0,10.0,7.0,27.0,19.0,0.573,0.524,0.376,0.294,42.1,63.3,54.0,76.9,9.8,12.3,22.0,100.0,107.9,111.9,10.0,17.0,0.714,5.0,10.0,0.667,8.0,9.0,1.0,5.0,9.0,11.0,8.0,2.0,2.0,7.0,4.0,29.0,14.0,0.8,0.8,1.0,0.833,31.7,31.4,22.2,35.1,4.4,7.8,30.8,26.7,146.0,119.0,44.0,95.0,0.463,14.0,38.0,0.368,12.0,19.0,0.632,18.0,22.0,40.0,31.0,16.0,10.0,20.0,21.0,0.551,0.537,0.4,0.2,36.7,57.9,46.0,70.5,15.7,18.9,16.2,100.0,111.9,107.9,11.0,21.0,1.0,4.0,8.0,0.5,7.0,12.0,1.0,5.0,5.0,8.0,10.0,4.0,3.0,5.0,5.0,32.0,20.0,1.017,1.0,1.0,0.571,22.5,32.3,20.3,41.2,5.4,12.5,30.4,36.8,148.0,117.0,63.0,49.0
402,POR,114,1,ATL,110,0,2024-11-17,2025,True,240.0,44.0,95.0,0.463,14.0,38.0,0.368,12.0,19.0,0.632,18.0,22.0,40.0,31.0,16.0,10.0,20.0,21.0,0.551,0.537,0.4,0.2,36.7,57.9,46.0,70.5,15.7,18.9,16.2,100.0,111.9,107.9,11.0,21.0,1.0,4.0,8.0,0.5,7.0,12.0,1.0,5.0,5.0,8.0,10.0,4.0,3.0,5.0,5.0,32.0,20.0,1.017,1.0,1.0,0.571,22.5,32.3,20.3,41.2,5.4,12.5,30.4,36.8,148.0,117.0,39.0,85.0,0.459,11.0,32.0,0.344,21.0,25.0,0.84,16.0,31.0,47.0,30.0,10.0,7.0,27.0,19.0,0.573,0.524,0.376,0.294,42.1,63.3,54.0,76.9,9.8,12.3,22.0,100.0,107.9,111.9,10.0,17.0,0.714,5.0,10.0,0.667,8.0,9.0,1.0,5.0,9.0,11.0,8.0,2.0,2.0,7.0,4.0,29.0,14.0,0.8,0.8,1.0,0.833,31.7,31.4,22.2,35.1,4.4,7.8,30.8,26.7,146.0,119.0,49.0,63.0
403,DEN,90,0,MEM,105,1,2024-11-17,2025,False,240.0,35.0,84.0,0.417,10.0,31.0,0.323,10.0,14.0,0.714,6.0,33.0,39.0,23.0,9.0,5.0,15.0,12.0,0.499,0.476,0.369,0.167,14.6,76.7,46.4,65.7,9.3,9.6,14.3,100.0,93.1,108.6,6.0,15.0,0.667,4.0,7.0,0.667,3.0,4.0,1.0,2.0,8.0,10.0,7.0,3.0,2.0,6.0,3.0,19.0,0.0,0.667,0.667,1.0,0.4,8.7,81.7,41.8,33.3,4.0,5.0,100.0,33.4,130.0,119.0,41.0,91.0,0.451,13.0,39.0,0.333,10.0,12.0,0.833,10.0,35.0,45.0,31.0,10.0,10.0,13.0,15.0,0.545,0.522,0.429,0.132,23.3,85.4,53.6,75.6,10.3,18.9,11.9,100.0,108.6,93.1,7.0,16.0,0.8,2.0,7.0,1.0,4.0,4.0,1.0,3.0,10.0,11.0,7.0,4.0,3.0,2.0,4.0,20.0,15.0,1.0,1.0,0.75,0.667,23.2,100.0,100.0,46.4,7.8,12.5,33.3,27.0,155.0,105.0,61.599999999999994,67.3
404,MEM,105,1,DEN,90,0,2024-11-17,2025,True,240.0,41.0,91.0,0.451,13.0,39.0,0.333,10.0,12.0,0.833,10.0,35.0,45.0,31.0,10.0,10.0,13.0,15.0,0.545,0.522,0.429,0.132,23.3,85.4,53.6,75.6,10.3,18.9,11.9,100.0,108.6,93.1,7.0,16.0,0.8,2.0,7.0,1.0,4.0,4.0,1.0,3.0,10.0,11.0,7.0,4.0,3.0,2.0,4.0,20.0,15.0,1.0,1.0,0.75,0.667,23.2,100.0,100.0,46.4,7.8,12.5,33.3,27.0,155.0,105.0,35.0,84.0,0.417,10.0,31.0,0.323,10.0,14.0,0.714,6.0,33.0,39.0,23.0,9.0,5.0,15.0,12.0,0.499,0.476,0.369,0.167,14.6,76.7,46.4,65.7,9.3,9.6,14.3,100.0,93.1,108.6,6.0,15.0,0.667,4.0,7.0,0.667,3.0,4.0,1.0,2.0,8.0,10.0,7.0,3.0,2.0,6.0,3.0,19.0,0.0,0.667,0.667,1.0,0.4,8.7,81.7,41.8,33.3,4.0,5.0,100.0,33.4,130.0,119.0,69.39999999999999,76.3
405,WAS,104,1,DET,124,0,2024-11-17,2025,False,240.0,39.0,83.0,0.47,12.0,27.0,0.444,14.0,20.0,0.7,5.0,34.0,39.0,21.0,6.0,3.0,17.0,16.0,0.566,0.542,0.325,0.241,11.6,72.3,43.3,53.8,6.0,5.1,15.6,100.0,103.5,123.4,10.0,16.0,1.0,3.0,6.0,1.0,4.0,4.0,1.0,2.0,9.0,10.0,6.0,3.0,1.0,4.0,4.0,22.0,5.0,1.042,1.0,0.857,1.0,27.9,45.7,26.7,36.3,5.5,4.0,33.3,66.2,220.0,133.0,46.0,97.0,0.474,17.0,38.0,0.447,15.0,19.0,0.789,13.0,38.0,51.0,27.0,11.0,4.0,9.0,19.0,0.588,0.562,0.392,0.196,27.7,88.4,56.7,58.7,10.9,7.1,7.9,100.0,123.4,103.5,10.0,19.0,0.625,6.0,11.0,0.571,5.0,5.0,1.0,4.0,8.0,10.0,10.0,5.0,2.0,3.0,3.0,28.0,30.0,0.813,0.813,0.833,1.0,22.4,36.8,29.3,44.9,7.8,6.7,25.8,33.5,161.0,111.0,67.3,61.599999999999994
