Date,Start (ET),Visitor/Neutral,PTS,Home/Neutral,PTS,,,Attend.,LOG,Arena,Notes
"Tue, Apr 1, 2025",7:30p,Portland Trail Blazers,,Atlanta Hawks,,,,,,State Farm Arena,
"Tue, Apr 1, 2025",7:30p,Philadelphia 76ers,,New York Knicks,,,,,,Madison Square Garden (IV),
"Tue, Apr 1, 2025",8:00p,Toronto Raptors,,Chicago Bulls,,,,,,United Center,
"Tue, Apr 1, 2025",8:00p,Golden State Warriors,,Memphis Grizzlies,,,,,,FedEx Forum,
"Tue, Apr 1, 2025",8:00p,Phoenix Suns,,Milwaukee Bucks,,,,,,Fiserv Forum,
"Tue, Apr 1, 2025",10:00p,Minnesota Timberwolves,,Denver Nuggets,,,,,,Ball Arena,
"Wed, Apr 2, 2025",7:00p,New York Knicks,,Cleveland Cavaliers,,,,,,Rocket Mortgage Fieldhouse,
"Wed, Apr 2, 2025",7:00p,Charlotte Hornets,,Indiana Pacers,,,,,,Gainbridge Fieldhouse,
"Wed, Apr 2, 2025",7:00p,Sacramento Kings,,Washington Wizards,,,,,,Capital One Arena,
"Wed, Apr 2, 2025",7:30p,Miami Heat,,Boston Celtics,,,,,,TD Garden,
"Wed, Apr 2, 2025",8:00p,Utah Jazz,,Houston Rockets,,,,,,Toyota Center,
"Wed, Apr 2, 2025",8:00p,Detroit Pistons,,Oklahoma City Thunder,,,,,,Paycom Center,
"Wed, Apr 2, 2025",8:30p,Atlanta Hawks,,Dallas Mavericks,,,,,,American Airlines Center,
"Wed, Apr 2, 2025",9:00p,San Antonio Spurs,,Denver Nuggets,,,,,,Ball Arena,
"Wed, Apr 2, 2025",10:00p,New Orleans Pelicans,,Los Angeles Clippers,,,,,,Intuit Dome,
"Thu, Apr 3, 2025",7:00p,Orlando Magic,,Washington Wizards,,,,,,Capital One Arena,
"Thu, Apr 3, 2025",7:30p,Minnesota Timberwolves,,Brooklyn Nets,,,,,,Barclays Center,
"Thu, Apr 3, 2025",7:30p,Memphis Grizzlies,,Miami Heat,,,,,,Kaseya Center,
"Thu, Apr 3, 2025",7:30p,Milwaukee Bucks,,Philadelphia 76ers,,,,,,Wells Fargo Center,
"Thu, Apr 3, 2025",7:30p,Portland Trail Blazers,,Toronto Raptors,,,,,,Scotiabank Arena,
"Thu, Apr 3, 2025",10:00p,Golden State Warriors,,Los Angeles Lakers,,,,,,Crypto.com Arena,
"Fri, Apr 4, 2025",7:00p,Sacramento Kings,,Charlotte Hornets,,,,,,Spectrum Center,
"Fri, Apr 4, 2025",7:00p,Utah Jazz,,Indiana Pacers,,,,,,Gainbridge Fieldhouse,
"Fri, Apr 4, 2025",7:30p,Phoenix Suns,,Boston Celtics,,,,,,TD Garden,
"Fri, Apr 4, 2025",7:30p,Detroit Pistons,,Toronto Raptors,,,,,,Scotiabank Arena,
Date,Start (ET),Visitor/Neutral,PTS,Home/Neutral,PTS,,,Attend.,LOG,Arena,Notes
"Fri, Apr 4, 2025",8:00p,Portland Trail Blazers,,Chicago Bulls,,,,,,United Center,
"Fri, Apr 4, 2025",8:00p,Oklahoma City Thunder,,Houston Rockets,,,,,,Toyota Center,
"Fri, Apr 4, 2025",8:00p,Cleveland Cavaliers,,San Antonio Spurs,,,,,,Frost Bank Center,
"Fri, Apr 4, 2025",10:00p,Denver Nuggets,,Golden State Warriors,,,,,,Chase Center,
"Fri, Apr 4, 2025",10:30p,Dallas Mavericks,,Los Angeles Clippers,,,,,,Intuit Dome,
"Fri, Apr 4, 2025",10:30p,New Orleans Pelicans,,Los Angeles Lakers,,,,,,Crypto.com Arena,
"Sat, Apr 5, 2025",3:00p,New York Knicks,,Atlanta Hawks,,,,,,State Farm Arena,
"Sat, Apr 5, 2025",7:00p,Memphis Grizzlies,,Detroit Pistons,,,,,,Little Caesars Arena,
"Sat, Apr 5, 2025",7:00p,Minnesota Timberwolves,,Philadelphia 76ers,,,,,,Wells Fargo Center,
"Sat, Apr 5, 2025",8:00p,Milwaukee Bucks,,Miami Heat,,,,,,Kaseya Center,
"Sat, Apr 5, 2025",10:30p,Dallas Mavericks,,Los Angeles Clippers,,,,,,Intuit Dome,
"Sun, Apr 6, 2025",1:00p,Chicago Bulls,,Charlotte Hornets,,,,,,Spectrum Center,
"Sun, Apr 6, 2025",3:30p,Toronto Raptors,,Brooklyn Nets,,,,,,Barclays Center,
"Sun, Apr 6, 2025",3:30p,Los Angeles Lakers,,Oklahoma City Thunder,,,,,,Paycom Center,
"Sun, Apr 6, 2025",6:00p,Utah Jazz,,Atlanta Hawks,,,,,,State Farm Arena,
"Sun, Apr 6, 2025",6:00p,Washington Wizards,,Boston Celtics,,,,,,TD Garden,
"Sun, Apr 6, 2025",6:00p,Sacramento Kings,,Cleveland Cavaliers,,,,,,Rocket Mortgage Fieldhouse,
"Sun, Apr 6, 2025",6:00p,San Antonio Spurs,,Portland Trail Blazers,,,,,,Moda Center,
"Sun, Apr 6, 2025",7:00p,Orlando Magic,,New Orleans Pelicans,,,,,,Smoothie King Center,
"Sun, Apr 6, 2025",7:00p,Phoenix Suns,,New York Knicks,,,,,,Madison Square Garden (IV),
"Sun, Apr 6, 2025",8:00p,Indiana Pacers,,Denver Nuggets,,,,,,Ball Arena,
"Sun, Apr 6, 2025",8:30p,Houston Rockets,,Golden State Warriors,,,,,,Chase Center,
"Mon, Apr 7, 2025",7:00p,Sacramento Kings,,Detroit Pistons,,,,,,Little Caesars Arena,
"Mon, Apr 7, 2025",7:30p,Philadelphia 76ers,,Miami Heat,,,,,,Kaseya Center,
"Tue, Apr 8, 2025",7:00p,Memphis Grizzlies,,Charlotte Hornets,,,,,,Spectrum Center,
Date,Start (ET),Visitor/Neutral,PTS,Home/Neutral,PTS,,,Attend.,LOG,Arena,Notes
"Tue, Apr 8, 2025",7:00p,Chicago Bulls,,Cleveland Cavaliers,,,,,,Rocket Mortgage Fieldhouse,
"Tue, Apr 8, 2025",7:00p,Washington Wizards,,Indiana Pacers,,,,,,Gainbridge Fieldhouse,
"Tue, Apr 8, 2025",7:00p,Atlanta Hawks,,Orlando Magic,,,,,,Kia Center,
"Tue, Apr 8, 2025",7:30p,New Orleans Pelicans,,Brooklyn Nets,,,,,,Barclays Center,
"Tue, Apr 8, 2025",7:30p,Boston Celtics,,New York Knicks,,,,,,Madison Square Garden (IV),
"Tue, Apr 8, 2025",8:00p,Minnesota Timberwolves,,Milwaukee Bucks,,,,,,Fiserv Forum,
"Tue, Apr 8, 2025",8:00p,Los Angeles Lakers,,Oklahoma City Thunder,,,,,,Paycom Center,
"Tue, Apr 8, 2025",10:00p,Golden State Warriors,,Phoenix Suns,,,,,,Footprint Center,
"Tue, Apr 8, 2025",10:30p,San Antonio Spurs,,Los Angeles Clippers,,,,,,Intuit Dome,
"Wed, Apr 9, 2025",7:00p,Boston Celtics,,Orlando Magic,,,,,,Kia Center,
"Wed, Apr 9, 2025",7:00p,Philadelphia 76ers,,Washington Wizards,,,,,,Capital One Arena,
"Wed, Apr 9, 2025",7:30p,Los Angeles Lakers,,Dallas Mavericks,,,,,,American Airlines Center,
"Wed, Apr 9, 2025",7:30p,Charlotte Hornets,,Toronto Raptors,,,,,,Scotiabank Arena,
"Wed, Apr 9, 2025",8:00p,Miami Heat,,Chicago Bulls,,,,,,United Center,
"Wed, Apr 9, 2025",8:00p,New Orleans Pelicans,,Milwaukee Bucks,,,,,,Fiserv Forum,
"Wed, Apr 9, 2025",9:00p,Portland Trail Blazers,,Utah Jazz,,,,,,Delta Center,
"Wed, Apr 9, 2025",10:00p,San Antonio Spurs,,Golden State Warriors,,,,,,Chase Center,
"Wed, Apr 9, 2025",10:00p,Oklahoma City Thunder,,Phoenix Suns,,,,,,Footprint Center,
"Wed, Apr 9, 2025",10:00p,Denver Nuggets,,Sacramento Kings,,,,,,Golden 1 Center,
"Wed, Apr 9, 2025",10:30p,Houston Rockets,,Los Angeles Clippers,,,,,,Intuit Dome,
"Thu, Apr 10, 2025",7:00p,New York Knicks,,Detroit Pistons,,,,,,Little Caesars Arena,
"Thu, Apr 10, 2025",7:00p,Cleveland Cavaliers,,Indiana Pacers,,,,,,Gainbridge Fieldhouse,
"Thu, Apr 10, 2025",7:30p,Atlanta Hawks,,Brooklyn Nets,,,,,,Barclays Center,
"Thu, Apr 10, 2025",9:30p,Minnesota Timberwolves,,Memphis Grizzlies,,,,,,FedEx Forum,
"Fri, Apr 11, 2025",7:00p,Milwaukee Bucks,,Detroit Pistons,,,,,,Little Caesars Arena,
Date,Start (ET),Visitor/Neutral,PTS,Home/Neutral,PTS,,,Attend.,LOG,Arena,Notes
"Fri, Apr 11, 2025",7:00p,Orlando Magic,,Indiana Pacers,,,,,,Gainbridge Fieldhouse,
"Fri, Apr 11, 2025",7:00p,Atlanta Hawks,,Philadelphia 76ers,,,,,,Wells Fargo Center,
"Fri, Apr 11, 2025",7:30p,Charlotte Hornets,,Boston Celtics,,,,,,TD Garden,
"Fri, Apr 11, 2025",7:30p,Cleveland Cavaliers,,New York Knicks,,,,,,Madison Square Garden (IV),
"Fri, Apr 11, 2025",8:00p,Washington Wizards,,Chicago Bulls,,,,,,United Center,
"Fri, Apr 11, 2025",8:00p,Miami Heat,,New Orleans Pelicans,,,,,,Smoothie King Center,
"Fri, Apr 11, 2025",8:30p,Toronto Raptors,,Dallas Mavericks,,,,,,American Airlines Center,
"Fri, Apr 11, 2025",9:00p,Memphis Grizzlies,,Denver Nuggets,,,,,,Ball Arena,
"Fri, Apr 11, 2025",9:00p,Brooklyn Nets,,Minnesota Timberwolves,,,,,,Target Center,
"Fri, Apr 11, 2025",9:30p,Oklahoma City Thunder,,Utah Jazz,,,,,,Delta Center,
"Fri, Apr 11, 2025",10:00p,San Antonio Spurs,,Phoenix Suns,,,,,,Footprint Center,
"Fri, Apr 11, 2025",10:00p,Golden State Warriors,,Portland Trail Blazers,,,,,,Moda Center,
"Fri, Apr 11, 2025",10:00p,Los Angeles Clippers,,Sacramento Kings,,,,,,Golden 1 Center,
"Fri, Apr 11, 2025",10:30p,Houston Rockets,,Los Angeles Lakers,,,,,,Crypto.com Arena,
"Sun, Apr 13, 2025",1:00p,Orlando Magic,,Atlanta Hawks,,,,,,State Farm Arena,
"Sun, Apr 13, 2025",1:00p,Charlotte Hornets,,Boston Celtics,,,,,,TD Garden,
"Sun, Apr 13, 2025",1:00p,New York Knicks,,Brooklyn Nets,,,,,,Barclays Center,
"Sun, Apr 13, 2025",1:00p,Indiana Pacers,,Cleveland Cavaliers,,,,,,Rocket Mortgage Fieldhouse,
"Sun, Apr 13, 2025",1:00p,Washington Wizards,,Miami Heat,,,,,,Kaseya Center,
"Sun, Apr 13, 2025",1:00p,Detroit Pistons,,Milwaukee Bucks,,,,,,Fiserv Forum,
"Sun, Apr 13, 2025",1:00p,Chicago Bulls,,Philadelphia 76ers,,,,,,Wells Fargo Center,
"Sun, Apr 13, 2025",3:30p,Los Angeles Clippers,,Golden State Warriors,,,,,,Chase Center,
"Sun, Apr 13, 2025",3:30p,Denver Nuggets,,Houston Rockets,,,,,,Toyota Center,
"Sun, Apr 13, 2025",3:30p,Dallas Mavericks,,Memphis Grizzlies,,,,,,FedEx Forum,
"Sun, Apr 13, 2025",3:30p,Utah Jazz,,Minnesota Timberwolves,,,,,,Target Center,
"Sun, Apr 13, 2025",3:30p,Oklahoma City Thunder,,New Orleans Pelicans,,,,,,Smoothie King Center,
"Sun, Apr 13, 2025",3:30p,Los Angeles Lakers,,Portland Trail Blazers,,,,,,Moda Center,
"Sun, Apr 13, 2025",3:30p,Phoenix Suns,,Sacramento Kings,,,,,,Golden 1 Center,
"Sun, Apr 13, 2025",3:30p,Toronto Raptors,,San Antonio Spurs,,,,,,Frost Bank Center,
"Sun, Dec 1, 2024",3:30p,Orlando Magic,,Brooklyn Nets,,,,,,Barclays Center,
"Sun, Dec 1, 2024",3:30p,Indiana Pacers,,Memphis Grizzlies,,,,,,FedEx Forum,
"Sun, Dec 1, 2024",6:00p,Boston Celtics,,Cleveland Cavaliers,,,,,,Rocket Mortgage Fieldhouse,
"Sun, Dec 1, 2024",6:00p,New Orleans Pelicans,,New York Knicks,,,,,,Madison Square Garden (IV),
"Sun, Dec 1, 2024",6:00p,Miami Heat,,Toronto Raptors,,,,,,Scotiabank Arena,
"Sun, Dec 1, 2024",7:00p,Oklahoma City Thunder,,Houston Rockets,,,,,,Toyota Center,
"Sun, Dec 1, 2024",8:00p,Los Angeles Lakers,,Utah Jazz,,,,,,Delta Center,
"Sun, Dec 1, 2024",9:00p,Dallas Mavericks,,Portland Trail Blazers,,,,,,Moda Center,
"Sun, Dec 1, 2024",9:00p,San Antonio Spurs,,Sacramento Kings,,,,,,Golden 1 Center,
"Sun, Dec 1, 2024",10:00p,Denver Nuggets,,Los Angeles Clippers,,,,,,Intuit Dome,
"Mon, Dec 2, 2024",7:30p,New Orleans Pelicans,,Atlanta Hawks,,,,,,State Farm Arena,
"Mon, Dec 2, 2024",7:30p,Miami Heat,,Boston Celtics,,,,,,TD Garden,
"Mon, Dec 2, 2024",8:00p,Brooklyn Nets,,Chicago Bulls,,,,,,United Center,
"Mon, Dec 2, 2024",8:00p,Los Angeles Lakers,,Minnesota Timberwolves,,,,,,Target Center,
"Tue, Dec 3, 2024",7:00p,Philadelphia 76ers,,Charlotte Hornets,,,,,,Spectrum Center,In-Season Tournament
"Tue, Dec 3, 2024",7:00p,Washington Wizards,,Cleveland Cavaliers,,,,,,Rocket Mortgage Fieldhouse,In-Season Tournament
"Tue, Dec 3, 2024",7:00p,Milwaukee Bucks,,Detroit Pistons,,,,,,Little Caesars Arena,In-Season Tournament
"Tue, Dec 3, 2024",7:30p,Memphis Grizzlies,,Dallas Mavericks,,,,,,American Airlines Center,In-Season Tournament
"Tue, Dec 3, 2024",7:30p,Orlando Magic,,New York Knicks,,,,,,Madison Square Garden (IV),In-Season Tournament
"Tue, Dec 3, 2024",7:30p,Indiana Pacers,,Toronto Raptors,,,,,,Scotiabank Arena,In-Season Tournament
"Tue, Dec 3, 2024",8:00p,Utah Jazz,,Oklahoma City Thunder,,,,,,Paycom Center,In-Season Tournament
"Tue, Dec 3, 2024",9:00p,San Antonio Spurs,,Phoenix Suns,,,,,,Footprint Center,In-Season Tournament
"Tue, Dec 3, 2024",10:00p,Golden State Warriors,,Denver Nuggets,,,,,,Ball Arena,In-Season Tournament
"Tue, Dec 3, 2024",10:00p,Houston Rockets,,Sacramento Kings,,,,,,Golden 1 Center,In-Season Tournament
"Tue, Dec 3, 2024",10:30p,Portland Trail Blazers,,Los Angeles Clippers,,,,,,Intuit Dome,In-Season Tournament
Date,Start (ET),Visitor/Neutral,PTS,Home/Neutral,PTS,,,Attend.,LOG,Arena,Notes
"Wed, Dec 4, 2024",7:30p,Detroit Pistons,,Boston Celtics,,,,,,TD Garden,
"Wed, Dec 4, 2024",7:30p,Indiana Pacers,,Brooklyn Nets,,,,,,Barclays Center,
"Wed, Dec 4, 2024",7:30p,Los Angeles Lakers,,Miami Heat,,,,,,Kaseya Center,
"Wed, Dec 4, 2024",7:30p,Orlando Magic,,Philadelphia 76ers,,,,,,Wells Fargo Center,
"Wed, Dec 4, 2024",8:00p,Atlanta Hawks,,Milwaukee Bucks,,,,,,Fiserv Forum,
"Wed, Dec 4, 2024",10:30p,Minnesota Timberwolves,,Los Angeles Clippers,,,,,,Intuit Dome,
"Thu, Dec 5, 2024",7:00p,Denver Nuggets,,Cleveland Cavaliers,,,,,,Rocket Mortgage Fieldhouse,
"Thu, Dec 5, 2024",7:00p,Dallas Mavericks,,Washington Wizards,,,,,,Capital One Arena,
"Thu, Dec 5, 2024",7:30p,Charlotte Hornets,,New York Knicks,,,,,,Madison Square Garden (IV),
"Thu, Dec 5, 2024",7:30p,Oklahoma City Thunder,,Toronto Raptors,,,,,,Scotiabank Arena,
"Thu, Dec 5, 2024",8:00p,Sacramento Kings,,Memphis Grizzlies,,,,,,FedEx Forum,
"Thu, Dec 5, 2024",8:00p,Phoenix Suns,,New Orleans Pelicans,,,,,,Smoothie King Center,
"Thu, Dec 5, 2024",8:00p,Chicago Bulls,,San Antonio Spurs,,,,,,Frost Bank Center,
"Thu, Dec 5, 2024",10:00p,Houston Rockets,,Golden State Warriors,,,,,,Chase Center,
"Fri, Dec 6, 2024",7:00p,Orlando Magic,,Philadelphia 76ers,,,,,,Wells Fargo Center,
"Fri, Dec 6, 2024",7:30p,Los Angeles Lakers,,Atlanta Hawks,,,,,,State Farm Arena,
"Fri, Dec 6, 2024",7:30p,Milwaukee Bucks,,Boston Celtics,,,,,,TD Garden,
"Fri, Dec 6, 2024",8:00p,Indiana Pacers,,Chicago Bulls,,,,,,United Center,
"Fri, Dec 6, 2024",8:00p,Sacramento Kings,,San Antonio Spurs,,,,,,Frost Bank Center,
"Fri, Dec 6, 2024",10:00p,Minnesota Timberwolves,,Golden State Warriors,,,,,,Chase Center,
"Fri, Dec 6, 2024",10:00p,Utah Jazz,,Portland Trail Blazers,,,,,,Moda Center,
"Sat, Dec 7, 2024",1:00p,Cleveland Cavaliers,,Charlotte Hornets,,,,,,Spectrum Center,
"Sat, Dec 7, 2024",7:00p,Oklahoma City Thunder,,New Orleans Pelicans,,,,,,Smoothie King Center,
"Sat, Dec 7, 2024",7:00p,Denver Nuggets,,Washington Wizards,,,,,,Capital One Arena,
"Sat, Dec 7, 2024",7:30p,Detroit Pistons,,New York Knicks,,,,,,Madison Square Garden (IV),
Date,Start (ET),Visitor/Neutral,PTS,Home/Neutral,PTS,,,Attend.,LOG,Arena,Notes
"Sat, Dec 7, 2024",7:30p,Dallas Mavericks,,Toronto Raptors,,,,,,Scotiabank Arena,
"Sat, Dec 7, 2024",8:00p,Memphis Grizzlies,,Boston Celtics,,,,,,TD Garden,
"Sat, Dec 7, 2024",8:00p,Phoenix Suns,,Miami Heat,,,,,,Kaseya Center,
"Sun, Dec 8, 2024",1:00p,Philadelphia 76ers,,Chicago Bulls,,,,,,United Center,
"Sun, Dec 8, 2024",3:30p,Milwaukee Bucks,,Brooklyn Nets,,,,,,Barclays Center,
"Sun, Dec 8, 2024",5:00p,Charlotte Hornets,,Indiana Pacers,,,,,,Gainbridge Fieldhouse,
"Sun, Dec 8, 2024",6:00p,Denver Nuggets,,Atlanta Hawks,,,,,,State Farm Arena,
"Sun, Dec 8, 2024",6:00p,Cleveland Cavaliers,,Miami Heat,,,,,,Kaseya Center,
"Sun, Dec 8, 2024",6:30p,Phoenix Suns,,Orlando Magic,,,,,,Kia Center,
"Sun, Dec 8, 2024",7:00p,New Orleans Pelicans,,San Antonio Spurs,,,,,,Frost Bank Center,
"Sun, Dec 8, 2024",7:00p,Memphis Grizzlies,,Washington Wizards,,,,,,Capital One Arena,
"Sun, Dec 8, 2024",8:30p,Minnesota Timberwolves,,Golden State Warriors,,,,,,Chase Center,
"Sun, Dec 8, 2024",9:00p,Houston Rockets,,Los Angeles Clippers,,,,,,Intuit Dome,
"Sun, Dec 8, 2024",9:00p,Utah Jazz,,Sacramento Kings,,,,,,Golden 1 Center,
"Sun, Dec 8, 2024",9:30p,Portland Trail Blazers,,Los Angeles Lakers,,,,,,Crypto.com Arena,
"Mon, Dec 9, 2024",7:30p,New York Knicks,,Toronto Raptors,,,,,,Scotiabank Arena,
"Thu, Dec 19, 2024",7:00p,Utah Jazz,,Detroit Pistons,,,,,,Little Caesars Arena,
"Thu, Dec 19, 2024",7:00p,Oklahoma City Thunder,,Orlando Magic,,,,,,Kia Center,
"Thu, Dec 19, 2024",7:00p,Charlotte Hornets,,Washington Wizards,,,,,,Capital One Arena,
"Thu, Dec 19, 2024",7:30p,Chicago Bulls,,Boston Celtics,,,,,,TD Garden,
"Thu, Dec 19, 2024",7:30p,Brooklyn Nets,,Toronto Raptors,,,,,,Scotiabank Arena,
"Thu, Dec 19, 2024",8:00p,New Orleans Pelicans,,Houston Rockets,,,,,,Toyota Center,
"Thu, Dec 19, 2024",8:00p,Golden State Warriors,,Memphis Grizzlies,,,,,,FedEx Forum,
"Thu, Dec 19, 2024",8:00p,Atlanta Hawks,,San Antonio Spurs,,,,,,Frost Bank Center,
"Thu, Dec 19, 2024",8:30p,Los Angeles Clippers,,Dallas Mavericks,,,,,,American Airlines Center,
Date,Start (ET),Visitor/Neutral,PTS,Home/Neutral,PTS,,,Attend.,LOG,Arena,Notes
"Thu, Dec 19, 2024",9:00p,Indiana Pacers,,Phoenix Suns,,,,,,Footprint Center,
"Thu, Dec 19, 2024",9:30p,New York Knicks,,Minnesota Timberwolves,,,,,,Target Center,
"Thu, Dec 19, 2024",10:00p,Denver Nuggets,,Portland Trail Blazers,,,,,,Moda Center,
"Thu, Dec 19, 2024",10:00p,Los Angeles Lakers,,Sacramento Kings,,,,,,Golden 1 Center,
"Fri, Dec 20, 2024",7:00p,Charlotte Hornets,,Philadelphia 76ers,,,,,,Wells Fargo Center,
"Fri, Dec 20, 2024",7:30p,Milwaukee Bucks,,Cleveland Cavaliers,,,,,,Rocket Mortgage Fieldhouse,
"Fri, Dec 20, 2024",8:00p,Oklahoma City Thunder,,Miami Heat,,,,,,Kaseya Center,
"Sat, Dec 21, 2024",6:00p,Los Angeles Lakers,,Sacramento Kings,,,,,,Golden 1 Center,
"Sat, Dec 21, 2024",7:00p,Miami Heat,,Orlando Magic,,,,,,Kia Center,
"Sat, Dec 21, 2024",7:30p,Memphis Grizzlies,,Atlanta Hawks,,,,,,State Farm Arena,
"Sat, Dec 21, 2024",7:30p,Utah Jazz,,Brooklyn Nets,,,,,,Barclays Center,
"Sat, Dec 21, 2024",8:00p,Boston Celtics,,Chicago Bulls,,,,,,United Center,
"Sat, Dec 21, 2024",8:00p,Philadelphia 76ers,,Cleveland Cavaliers,,,,,,Rocket Mortgage Fieldhouse,
"Sat, Dec 21, 2024",8:00p,Washington Wizards,,Milwaukee Bucks,,,,,,Fiserv Forum,
"Sat, Dec 21, 2024",8:00p,Golden State Warriors,,Minnesota Timberwolves,,,,,,Target Center,
"Sat, Dec 21, 2024",8:00p,New York Knicks,,New Orleans Pelicans,,,,,,Smoothie King Center,
"Sat, Dec 21, 2024",8:30p,Los Angeles Clippers,,Dallas Mavericks,,,,,,American Airlines Center,
"Sat, Dec 21, 2024",8:30p,Portland Trail Blazers,,San Antonio Spurs,,,,,,Frost Bank Center,
"Sat, Dec 21, 2024",9:00p,Detroit Pistons,,Phoenix Suns,,,,,,Footprint Center,
"Sun, Dec 22, 2024",6:00p,Indiana Pacers,,Sacramento Kings,,,,,,Golden 1 Center,
"Sun, Dec 22, 2024",6:00p,Houston Rockets,,Toronto Raptors,,,,,,Scotiabank Arena,
"Sun, Dec 22, 2024",7:00p,Denver Nuggets,,New Orleans Pelicans,,,,,,Smoothie King Center,
"Mon, Dec 23, 2024",7:00p,Houston Rockets,,Charlotte Hornets,,,,,,Spectrum Center,
"Mon, Dec 23, 2024",7:00p,Utah Jazz,,Cleveland Cavaliers,,,,,,Rocket Mortgage Fieldhouse,
"Mon, Dec 23, 2024",7:00p,Boston Celtics,,Orlando Magic,,,,,,Kia Center,
Date,Start (ET),Visitor/Neutral,PTS,Home/Neutral,PTS,,,Attend.,LOG,Arena,Notes
"Mon, Dec 23, 2024",7:00p,San Antonio Spurs,,Philadelphia 76ers,,,,,,Wells Fargo Center,
"Mon, Dec 23, 2024",7:30p,Minnesota Timberwolves,,Atlanta Hawks,,,,,,State Farm Arena,
"Mon, Dec 23, 2024",7:30p,Brooklyn Nets,,Miami Heat,,,,,,Kaseya Center,
"Mon, Dec 23, 2024",7:30p,Toronto Raptors,,New York Knicks,,,,,,Madison Square Garden (IV),
"Mon, Dec 23, 2024",8:00p,Milwaukee Bucks,,Chicago Bulls,,,,,,United Center,
"Mon, Dec 23, 2024",8:00p,Los Angeles Clippers,,Memphis Grizzlies,,,,,,FedEx Forum,
"Mon, Dec 23, 2024",8:00p,Washington Wizards,,Oklahoma City Thunder,,,,,,Paycom Center,
"Mon, Dec 23, 2024",8:30p,Portland Trail Blazers,,Dallas Mavericks,,,,,,American Airlines Center,
"Mon, Dec 23, 2024",10:00p,Phoenix Suns,,Denver Nuggets,,,,,,Ball Arena,
"Mon, Dec 23, 2024",10:00p,Indiana Pacers,,Golden State Warriors,,,,,,Chase Center,
"Mon, Dec 23, 2024",10:30p,Detroit Pistons,,Los Angeles Lakers,,,,,,Crypto.com Arena,
"Wed, Dec 25, 2024",12:00p,San Antonio Spurs,,New York Knicks,,,,,,Madison Square Garden (IV),
"Wed, Dec 25, 2024",2:30p,Minnesota Timberwolves,,Dallas Mavericks,,,,,,American Airlines Center,
"Wed, Dec 25, 2024",5:00p,Philadelphia 76ers,,Boston Celtics,,,,,,TD Garden,
"Wed, Dec 25, 2024",8:00p,Los Angeles Lakers,,Golden State Warriors,,,,,,Chase Center,
"Wed, Dec 25, 2024",10:30p,Denver Nuggets,,Phoenix Suns,,,,,,Footprint Center,
"Thu, Dec 26, 2024",7:00p,Oklahoma City Thunder,,Indiana Pacers,,,,,,Gainbridge Fieldhouse,
"Thu, Dec 26, 2024",7:00p,Miami Heat,,Orlando Magic,,,,,,Kia Center,
"Thu, Dec 26, 2024",7:00p,Charlotte Hornets,,Washington Wizards,,,,,,Capital One Arena,
"Thu, Dec 26, 2024",7:30p,Chicago Bulls,,Atlanta Hawks,,,,,,State Farm Arena,
"Thu, Dec 26, 2024",8:00p,Toronto Raptors,,Memphis Grizzlies,,,,,,FedEx Forum,
"Thu, Dec 26, 2024",8:00p,Brooklyn Nets,,Milwaukee Bucks,,,,,,Fiserv Forum,
"Thu, Dec 26, 2024",8:00p,Houston Rockets,,New Orleans Pelicans,,,,,,Smoothie King Center,
"Thu, Dec 26, 2024",10:00p,Utah Jazz,,Portland Trail Blazers,,,,,,Moda Center,
"Thu, Dec 26, 2024",10:00p,Detroit Pistons,,Sacramento Kings,,,,,,Golden 1 Center,
Date,Start (ET),Visitor/Neutral,PTS,Home/Neutral,PTS,,,Attend.,LOG,Arena,Notes
"Fri, Dec 27, 2024",7:00p,New York Knicks,,Orlando Magic,,,,,,Kia Center,
"Fri, Dec 27, 2024",7:30p,Indiana Pacers,,Boston Celtics,,,,,,TD Garden,
"Fri, Dec 27, 2024",7:30p,San Antonio Spurs,,Brooklyn Nets,,,,,,Barclays Center,
"Fri, Dec 27, 2024",8:00p,Minnesota Timberwolves,,Houston Rockets,,,,,,Toyota Center,
"Fri, Dec 27, 2024",8:00p,Memphis Grizzlies,,New Orleans Pelicans,,,,,,Smoothie King Center,
"Fri, Dec 27, 2024",9:00p,Cleveland Cavaliers,,Denver Nuggets,,,,,,Ball Arena,
"Fri, Dec 27, 2024",9:00p,Dallas Mavericks,,Phoenix Suns,,,,,,Footprint Center,
"Fri, Dec 27, 2024",10:00p,Golden State Warriors,,Los Angeles Clippers,,,,,,Intuit Dome,
"Sat, Dec 28, 2024",3:00p,Miami Heat,,Atlanta Hawks,,,,,,State Farm Arena,
"Sat, Dec 28, 2024",6:00p,Oklahoma City Thunder,,Charlotte Hornets,,,,,,Spectrum Center,
"Sat, Dec 28, 2024",7:00p,New York Knicks,,Washington Wizards,,,,,,Capital One Arena,
"Sat, Dec 28, 2024",8:00p,Milwaukee Bucks,,Chicago Bulls,,,,,,United Center,
"Sat, Dec 28, 2024",8:30p,Phoenix Suns,,Golden State Warriors,,,,,,Chase Center,
"Sat, Dec 28, 2024",9:00p,Detroit Pistons,,Denver Nuggets,,,,,,Ball Arena,
"Sat, Dec 28, 2024",9:30p,Philadelphia 76ers,,Utah Jazz,,,,,,Delta Center,
"Sat, Dec 28, 2024",10:00p,Dallas Mavericks,,Portland Trail Blazers,,,,,,Moda Center,
"Sat, Dec 28, 2024",10:30p,Sacramento Kings,,Los Angeles Lakers,,,,,,Crypto.com Arena,
"Sun, Dec 29, 2024",3:30p,Brooklyn Nets,,Orlando Magic,,,,,,Kia Center,
"Sun, Dec 29, 2024",6:00p,Indiana Pacers,,Boston Celtics,,,,,,TD Garden,
"Sun, Dec 29, 2024",6:00p,Atlanta Hawks,,Toronto Raptors,,,,,,Scotiabank Arena,
"Sun, Dec 29, 2024",7:00p,Miami Heat,,Houston Rockets,,,,,,Toyota Center,
"Sun, Dec 29, 2024",7:00p,Memphis Grizzlies,,Oklahoma City Thunder,,,,,,Paycom Center,
"Sun, Dec 29, 2024",8:00p,San Antonio Spurs,,Minnesota Timberwolves,,,,,,Target Center,
"Mon, Dec 30, 2024",7:00p,Chicago Bulls,,Charlotte Hornets,,,,,,Spectrum Center,
"Mon, Dec 30, 2024",7:00p,New York Knicks,,Washington Wizards,,,,,,Capital One Arena,
Date,Start (ET),Visitor/Neutral,PTS,Home/Neutral,PTS,,,Attend.,LOG,Arena,Notes
"Mon, Dec 30, 2024",8:00p,Los Angeles Clippers,,New Orleans Pelicans,,,,,,Smoothie King Center,
"Mon, Dec 30, 2024",9:00p,Denver Nuggets,,Utah Jazz,,,,,,Delta Center,
"Mon, Dec 30, 2024",10:00p,Cleveland Cavaliers,,Golden State Warriors,,,,,,Chase Center,
"Mon, Dec 30, 2024",10:00p,Philadelphia 76ers,,Portland Trail Blazers,,,,,,Moda Center,
"Mon, Dec 30, 2024",10:00p,Dallas Mavericks,,Sacramento Kings,,,,,,Golden 1 Center,
"Tue, Dec 31, 2024",3:00p,Toronto Raptors,,Boston Celtics,,,,,,TD Garden,
"Tue, Dec 31, 2024",3:00p,Milwaukee Bucks,,Indiana Pacers,,,,,,Gainbridge Fieldhouse,
"Tue, Dec 31, 2024",7:00p,Los Angeles Clippers,,San Antonio Spurs,,,,,,Frost Bank Center,
"Tue, Dec 31, 2024",8:00p,Minnesota Timberwolves,,Oklahoma City Thunder,,,,,,Paycom Center,
"Tue, Dec 31, 2024",9:00p,Cleveland Cavaliers,,Los Angeles Lakers,,,,,,Crypto.com Arena,
"Tue, Dec 31, 2024",9:00p,Memphis Grizzlies,,Phoenix Suns,,,,,,Footprint Center,
"Sat, Feb 1, 2025",5:00p,Atlanta Hawks,,Indiana Pacers,,,,,,Gainbridge Fieldhouse,
"Sat, Feb 1, 2025",5:00p,Orlando Magic,,Utah Jazz,,,,,,Delta Center,
"Sat, Feb 1, 2025",7:00p,Denver Nuggets,,Charlotte Hornets,,,,,,Spectrum Center,
"Sat, Feb 1, 2025",8:00p,Brooklyn Nets,,Houston Rockets,,,,,,Toyota Center,
"Sat, Feb 1, 2025",8:00p,Washington Wizards,,Minnesota Timberwolves,,,,,,Target Center,
"Sat, Feb 1, 2025",8:00p,Sacramento Kings,,Oklahoma City Thunder,,,,,,Paycom Center,
"Sat, Feb 1, 2025",8:30p,Los Angeles Lakers,,New York Knicks,,,,,,Madison Square Garden (IV),
"Sat, Feb 1, 2025",8:30p,Miami Heat,,San Antonio Spurs,,,,,,Frost Bank Center,
"Sat, Feb 1, 2025",10:00p,Phoenix Suns,,Portland Trail Blazers,,,,,,Moda Center,
"Sun, Feb 2, 2025",3:00p,Chicago Bulls,,Detroit Pistons,,,,,,Little Caesars Arena,
"Sun, Feb 2, 2025",3:30p,Dallas Mavericks,,Cleveland Cavaliers,,,,,,Rocket Mortgage Fieldhouse,
"Sun, Feb 2, 2025",3:30p,Los Angeles Clippers,,Toronto Raptors,,,,,,Scotiabank Arena,
"Sun, Feb 2, 2025",6:00p,Boston Celtics,,Philadelphia 76ers,,,,,,Wells Fargo Center,
"Sun, Feb 2, 2025",8:30p,Memphis Grizzlies,,Milwaukee Bucks,,,,,,Fiserv Forum,
"Mon, Feb 3, 2025",7:00p,Washington Wizards,,Charlotte Hornets,,,,,,Spectrum Center,
"Mon, Feb 3, 2025",7:00p,Atlanta Hawks,,Detroit Pistons,,,,,,Little Caesars Arena,
"Mon, Feb 3, 2025",7:30p,Houston Rockets,,New York Knicks,,,,,,Madison Square Garden (IV),
"Mon, Feb 3, 2025",8:00p,San Antonio Spurs,,Memphis Grizzlies,,,,,,FedEx Forum,
"Mon, Feb 3, 2025",8:00p,Sacramento Kings,,Minnesota Timberwolves,,,,,,Target Center,
"Mon, Feb 3, 2025",8:00p,Milwaukee Bucks,,Oklahoma City Thunder,,,,,,Paycom Center,
"Mon, Feb 3, 2025",9:00p,New Orleans Pelicans,,Denver Nuggets,,,,,,Ball Arena,
"Mon, Feb 3, 2025",9:00p,Indiana Pacers,,Utah Jazz,,,,,,Delta Center,
"Mon, Feb 3, 2025",10:00p,Orlando Magic,,Golden State Warriors,,,,,,Chase Center,
"Mon, Feb 3, 2025",10:00p,Phoenix Suns,,Portland Trail Blazers,,,,,,Moda Center,
"Tue, Feb 4, 2025",7:00p,Boston Celtics,,Cleveland Cavaliers,,,,,,Rocket Mortgage Fieldhouse,
Date,Start (ET),Visitor/Neutral,PTS,Home/Neutral,PTS,,,Attend.,LOG,Arena,Notes
"Tue, Feb 4, 2025",7:30p,Houston Rockets,,Brooklyn Nets,,,,,,Barclays Center,
"Tue, Feb 4, 2025",7:30p,Dallas Mavericks,,Philadelphia 76ers,,,,,,Wells Fargo Center,
"Tue, Feb 4, 2025",7:30p,New York Knicks,,Toronto Raptors,,,,,,Scotiabank Arena,
"Tue, Feb 4, 2025",8:00p,Miami Heat,,Chicago Bulls,,,,,,United Center,
"Tue, Feb 4, 2025",10:00p,Los Angeles Lakers,,Los Angeles Clippers,,,,,,Intuit Dome,
"Tue, Feb 4, 2025",10:00p,Indiana Pacers,,Portland Trail Blazers,,,,,,Moda Center,
"Wed, Feb 5, 2025",7:00p,Milwaukee Bucks,,Charlotte Hornets,,,,,,Spectrum Center,
"Wed, Feb 5, 2025",7:00p,Cleveland Cavaliers,,Detroit Pistons,,,,,,Little Caesars Arena,
"Wed, Feb 5, 2025",7:30p,San Antonio Spurs,,Atlanta Hawks,,,,,,State Farm Arena,
"Wed, Feb 5, 2025",7:30p,Washington Wizards,,Brooklyn Nets,,,,,,Barclays Center,
"Wed, Feb 5, 2025",7:30p,Miami Heat,,Philadelphia 76ers,,,,,,Wells Fargo Center,
"Wed, Feb 5, 2025",7:30p,Memphis Grizzlies,,Toronto Raptors,,,,,,Scotiabank Arena,
"Wed, Feb 5, 2025",8:00p,Chicago Bulls,,Minnesota Timberwolves,,,,,,Target Center,
"Wed, Feb 5, 2025",8:00p,Phoenix Suns,,Oklahoma City Thunder,,,,,,Paycom Center,
"Wed, Feb 5, 2025",9:00p,Golden State Warriors,,Utah Jazz,,,,,,Delta Center,
"Wed, Feb 5, 2025",10:00p,New Orleans Pelicans,,Denver Nuggets,,,,,,Ball Arena,
"Wed, Feb 5, 2025",10:00p,Orlando Magic,,Sacramento Kings,,,,,,Golden 1 Center,
"Thu, Feb 6, 2025",7:30p,Dallas Mavericks,,Boston Celtics,,,,,,TD Garden,
"Thu, Feb 6, 2025",8:00p,Houston Rockets,,Minnesota Timberwolves,,,,,,Target Center,
"Thu, Feb 6, 2025",9:00p,Orlando Magic,,Denver Nuggets,,,,,,Ball Arena,
"Thu, Feb 6, 2025",10:00p,Golden State Warriors,,Los Angeles Lakers,,,,,,Crypto.com Arena,
"Thu, Feb 6, 2025",10:00p,Sacramento Kings,,Portland Trail Blazers,,,,,,Moda Center,
"Thu, Feb 6, 2025",10:30p,Indiana Pacers,,Los Angeles Clippers,,,,,,Intuit Dome,
"Fri, Feb 7, 2025",7:00p,San Antonio Spurs,,Charlotte Hornets,,,,,,Spectrum Center,
"Fri, Feb 7, 2025",7:00p,Cleveland Cavaliers,,Washington Wizards,,,,,,Capital One Arena,
Date,Start (ET),Visitor/Neutral,PTS,Home/Neutral,PTS,,,Attend.,LOG,Arena,Notes
"Fri, Feb 7, 2025",7:30p,Milwaukee Bucks,,Atlanta Hawks,,,,,,State Farm Arena,
"Fri, Feb 7, 2025",7:30p,Miami Heat,,Brooklyn Nets,,,,,,Barclays Center,
"Fri, Feb 7, 2025",7:30p,Philadelphia 76ers,,Detroit Pistons,,,,,,Little Caesars Arena,
"Fri, Feb 7, 2025",8:00p,Toronto Raptors,,Oklahoma City Thunder,,,,,,Paycom Center,
"Fri, Feb 7, 2025",10:00p,Utah Jazz,,Phoenix Suns,,,,,,Footprint Center,
"Sat, Feb 8, 2025",3:00p,Houston Rockets,,Dallas Mavericks,,,,,,American Airlines Center,
"Sat, Feb 8, 2025",4:00p,Indiana Pacers,,Los Angeles Lakers,,,,,,Crypto.com Arena,
"Sat, Feb 8, 2025",7:00p,San Antonio Spurs,,Orlando Magic,,,,,,Kia Center,
"Sat, Feb 8, 2025",7:00p,Atlanta Hawks,,Washington Wizards,,,,,,Capital One Arena,
"Sat, Feb 8, 2025",8:00p,Golden State Warriors,,Chicago Bulls,,,,,,United Center,
"Sat, Feb 8, 2025",8:00p,Oklahoma City Thunder,,Memphis Grizzlies,,,,,,FedEx Forum,
"Sat, Feb 8, 2025",8:00p,Portland Trail Blazers,,Minnesota Timberwolves,,,,,,Target Center,
"Sat, Feb 8, 2025",8:30p,Boston Celtics,,New York Knicks,,,,,,Madison Square Garden (IV),
"Sat, Feb 8, 2025",9:00p,Denver Nuggets,,Phoenix Suns,,,,,,Footprint Center,
"Sat, Feb 8, 2025",10:00p,New Orleans Pelicans,,Sacramento Kings,,,,,,Golden 1 Center,
"Sat, Feb 8, 2025",10:30p,Utah Jazz,,Los Angeles Clippers,,,,,,Intuit Dome,
"Sun, Feb 9, 2025",1:00p,Charlotte Hornets,,Detroit Pistons,,,,,,Little Caesars Arena,
"Sun, Feb 9, 2025",2:00p,Toronto Raptors,,Houston Rockets,,,,,,Toyota Center,
"Sun, Feb 9, 2025",2:00p,Philadelphia 76ers,,Milwaukee Bucks,,,,,,Fiserv Forum,
"Mon, Feb 10, 2025",7:00p,Minnesota Timberwolves,,Cleveland Cavaliers,,,,,,Rocket Mortgage Fieldhouse,
"Mon, Feb 10, 2025",7:00p,Atlanta Hawks,,Orlando Magic,,,,,,Kia Center,
"Mon, Feb 10, 2025",7:00p,San Antonio Spurs,,Washington Wizards,,,,,,Capital One Arena,
"Mon, Feb 10, 2025",7:30p,Charlotte Hornets,,Brooklyn Nets,,,,,,Barclays Center,
"Mon, Feb 10, 2025",7:30p,Boston Celtics,,Miami Heat,,,,,,Kaseya Center,
"Mon, Feb 10, 2025",8:00p,Golden State Warriors,,Milwaukee Bucks,,,,,,Fiserv Forum,
Date,Start (ET),Visitor/Neutral,PTS,Home/Neutral,PTS,,,Attend.,LOG,Arena,Notes
"Mon, Feb 10, 2025",8:00p,New Orleans Pelicans,,Oklahoma City Thunder,,,,,,Paycom Center,
"Mon, Feb 10, 2025",8:30p,Sacramento Kings,,Dallas Mavericks,,,,,,American Airlines Center,
"Mon, Feb 10, 2025",9:00p,Portland Trail Blazers,,Denver Nuggets,,,,,,Ball Arena,
"Tue, Feb 11, 2025",7:00p,Toronto Raptors,,Philadelphia 76ers,,,,,,Wells Fargo Center,
"Tue, Feb 11, 2025",7:30p,New York Knicks,,Indiana Pacers,,,,,,Gainbridge Fieldhouse,
"Tue, Feb 11, 2025",8:00p,Detroit Pistons,,Chicago Bulls,,,,,,United Center,
"Tue, Feb 11, 2025",10:00p,Memphis Grizzlies,,Phoenix Suns,,,,,,Footprint Center,
"Tue, Feb 11, 2025",10:30p,Utah Jazz,,Los Angeles Lakers,,,,,,Crypto.com Arena,
"Wed, Feb 12, 2025",7:00p,San Antonio Spurs,,Boston Celtics,,,,,,TD Garden,
"Wed, Feb 12, 2025",7:00p,Charlotte Hornets,,Orlando Magic,,,,,,Kia Center,
"Wed, Feb 12, 2025",7:00p,Indiana Pacers,,Washington Wizards,,,,,,Capital One Arena,
"Wed, Feb 12, 2025",7:30p,Philadelphia 76ers,,Brooklyn Nets,,,,,,Barclays Center,
"Wed, Feb 12, 2025",7:30p,Atlanta Hawks,,New York Knicks,,,,,,Madison Square Garden (IV),
"Wed, Feb 12, 2025",7:30p,Cleveland Cavaliers,,Toronto Raptors,,,,,,Scotiabank Arena,
"Wed, Feb 12, 2025",8:00p,Detroit Pistons,,Chicago Bulls,,,,,,United Center,
"Wed, Feb 12, 2025",8:00p,Milwaukee Bucks,,Minnesota Timberwolves,,,,,,Target Center,
"Wed, Feb 12, 2025",8:00p,Sacramento Kings,,New Orleans Pelicans,,,,,,Smoothie King Center,
"Wed, Feb 12, 2025",8:00p,Miami Heat,,Oklahoma City Thunder,,,,,,Paycom Center,
"Wed, Feb 12, 2025",8:30p,Phoenix Suns,,Houston Rockets,,,,,,Toyota Center,
"Wed, Feb 12, 2025",9:00p,Portland Trail Blazers,,Denver Nuggets,,,,,,Ball Arena,
"Wed, Feb 12, 2025",9:00p,Los Angeles Lakers,,Utah Jazz,,,,,,Delta Center,
"Wed, Feb 12, 2025",9:30p,Golden State Warriors,,Dallas Mavericks,,,,,,American Airlines Center,
"Wed, Feb 12, 2025",10:30p,Memphis Grizzlies,,Los Angeles Clippers,,,,,,Intuit Dome,
"Thu, Feb 13, 2025",8:00p,Golden State Warriors,,Houston Rockets,,,,,,Toyota Center,
"Thu, Feb 13, 2025",8:00p,Sacramento Kings,,New Orleans Pelicans,,,,,,Smoothie King Center,
Date,Start (ET),Visitor/Neutral,PTS,Home/Neutral,PTS,,,Attend.,LOG,Arena,Notes
"Thu, Feb 13, 2025",8:30p,Miami Heat,,Dallas Mavericks,,,,,,American Airlines Center,
"Thu, Feb 13, 2025",8:30p,Oklahoma City Thunder,,Minnesota Timberwolves,,,,,,Target Center,
"Thu, Feb 20, 2025",7:00p,Memphis Grizzlies,,Indiana Pacers,,,,,,Gainbridge Fieldhouse,
"Thu, Feb 20, 2025",7:00p,Boston Celtics,,Philadelphia 76ers,,,,,,Wells Fargo Center,
"Thu, Feb 20, 2025",7:30p,Orlando Magic,,Atlanta Hawks,,,,,,State Farm Arena,
"Thu, Feb 20, 2025",7:30p,Cleveland Cavaliers,,Brooklyn Nets,,,,,,Barclays Center,
"Thu, Feb 20, 2025",7:30p,Chicago Bulls,,New York Knicks,,,,,,Madison Square Garden (IV),
"Thu, Feb 20, 2025",8:00p,Los Angeles Clippers,,Milwaukee Bucks,,,,,,Fiserv Forum,
"Thu, Feb 20, 2025",9:00p,Charlotte Hornets,,Denver Nuggets,,,,,,Ball Arena,
"Thu, Feb 20, 2025",9:30p,Phoenix Suns,,San Antonio Spurs,,,,,,Moody Center,
"Thu, Feb 20, 2025",10:00p,Los Angeles Lakers,,Portland Trail Blazers,,,,,,Moda Center,
"Fri, Feb 21, 2025",7:00p,New York Knicks,,Cleveland Cavaliers,,,,,,Rocket Mortgage Fieldhouse,
"Fri, Feb 21, 2025",7:00p,Memphis Grizzlies,,Orlando Magic,,,,,,Kia Center,
"Fri, Feb 21, 2025",7:00p,Milwaukee Bucks,,Washington Wizards,,,,,,Capital One Arena,
"Fri, Feb 21, 2025",7:30p,Miami Heat,,Toronto Raptors,,,,,,Scotiabank Arena,
"Fri, Feb 21, 2025",8:00p,Minnesota Timberwolves,,Houston Rockets,,,,,,Toyota Center,
"Fri, Feb 21, 2025",8:30p,Detroit Pistons,,San Antonio Spurs,,,,,,Moody Center,
"Fri, Feb 21, 2025",9:30p,New Orleans Pelicans,,Dallas Mavericks,,,,,,American Airlines Center,
"Fri, Feb 21, 2025",9:30p,Oklahoma City Thunder,,Utah Jazz,,,,,,Delta Center,
"Fri, Feb 21, 2025",10:00p,Golden State Warriors,,Sacramento Kings,,,,,,Golden 1 Center,
"Sat, Feb 22, 2025",5:00p,Phoenix Suns,,Chicago Bulls,,,,,,United Center,
"Sat, Feb 22, 2025",7:30p,Brooklyn Nets,,Philadelphia 76ers,,,,,,Wells Fargo Center,
"Sat, Feb 22, 2025",8:30p,Los Angeles Lakers,,Denver Nuggets,,,,,,Ball Arena,
"Sat, Feb 22, 2025",9:30p,Houston Rockets,,Utah Jazz,,,,,,Delta Center,
"Sat, Feb 22, 2025",10:00p,Charlotte Hornets,,Portland Trail Blazers,,,,,,Moda Center,
Date,Start (ET),Visitor/Neutral,PTS,Home/Neutral,PTS,,,Attend.,LOG,Arena,Notes
"Sun, Feb 23, 2025",1:00p,New York Knicks,,Boston Celtics,,,,,,TD Garden,
"Sun, Feb 23, 2025",3:30p,Dallas Mavericks,,Golden State Warriors,,,,,,Chase Center,
"Sun, Feb 23, 2025",5:00p,Los Angeles Clippers,,Indiana Pacers,,,,,,Gainbridge Fieldhouse,
"Sun, Feb 23, 2025",6:00p,Detroit Pistons,,Atlanta Hawks,,,,,,State Farm Arena,
"Sun, Feb 23, 2025",6:00p,Washington Wizards,,Orlando Magic,,,,,,Kia Center,
"Sun, Feb 23, 2025",6:00p,Phoenix Suns,,Toronto Raptors,,,,,,Scotiabank Arena,
"Sun, Feb 23, 2025",7:00p,Miami Heat,,Milwaukee Bucks,,,,,,Fiserv Forum,
"Sun, Feb 23, 2025",7:00p,San Antonio Spurs,,New Orleans Pelicans,,,,,,Smoothie King Center,
"Sun, Feb 23, 2025",7:30p,Memphis Grizzlies,,Cleveland Cavaliers,,,,,,Rocket Mortgage Fieldhouse,
"Sun, Feb 23, 2025",9:30p,Oklahoma City Thunder,,Minnesota Timberwolves,,,,,,Target Center,
"Mon, Feb 24, 2025",7:00p,Los Angeles Clippers,,Detroit Pistons,,,,,,Little Caesars Arena,
"Mon, Feb 24, 2025",7:00p,Denver Nuggets,,Indiana Pacers,,,,,,Gainbridge Fieldhouse,
"Mon, Feb 24, 2025",7:00p,Chicago Bulls,,Philadelphia 76ers,,,,,,Wells Fargo Center,
"Mon, Feb 24, 2025",7:00p,Brooklyn Nets,,Washington Wizards,,,,,,Capital One Arena,
"Mon, Feb 24, 2025",7:30p,Miami Heat,,Atlanta Hawks,,,,,,State Farm Arena,
"Mon, Feb 24, 2025",8:00p,Minnesota Timberwolves,,Oklahoma City Thunder,,,,,,Paycom Center,
"Mon, Feb 24, 2025",9:00p,Portland Trail Blazers,,Utah Jazz,,,,,,Delta Center,
"Mon, Feb 24, 2025",10:00p,Charlotte Hornets,,Sacramento Kings,,,,,,Golden 1 Center,
"Tue, Feb 25, 2025",7:00p,Boston Celtics,,Toronto Raptors,,,,,,Scotiabank Arena,
"Tue, Feb 25, 2025",7:30p,Cleveland Cavaliers,,Orlando Magic,,,,,,Kia Center,
"Tue, Feb 25, 2025",8:00p,Milwaukee Bucks,,Houston Rockets,,,,,,Toyota Center,
"Tue, Feb 25, 2025",8:00p,Phoenix Suns,,Memphis Grizzlies,,,,,,FedEx Forum,
"Tue, Feb 25, 2025",8:00p,San Antonio Spurs,,New Orleans Pelicans,,,,,,Smoothie King Center,
"Tue, Feb 25, 2025",10:00p,Charlotte Hornets,,Golden State Warriors,,,,,,Chase Center,
"Tue, Feb 25, 2025",10:00p,Dallas Mavericks,,Los Angeles Lakers,,,,,,Crypto.com Arena,
Date,Start (ET),Visitor/Neutral,PTS,Home/Neutral,PTS,,,Attend.,LOG,Arena,Notes
"Wed, Feb 26, 2025",7:00p,Boston Celtics,,Detroit Pistons,,,,,,Little Caesars Arena,
"Wed, Feb 26, 2025",7:00p,Toronto Raptors,,Indiana Pacers,,,,,,Gainbridge Fieldhouse,
"Wed, Feb 26, 2025",7:00p,Philadelphia 76ers,,New York Knicks,,,,,,Madison Square Garden (IV),
"Wed, Feb 26, 2025",7:00p,Portland Trail Blazers,,Washington Wizards,,,,,,Capital One Arena,
"Wed, Feb 26, 2025",7:30p,Oklahoma City Thunder,,Brooklyn Nets,,,,,,Barclays Center,
"Wed, Feb 26, 2025",7:30p,Atlanta Hawks,,Miami Heat,,,,,,Kaseya Center,
"Wed, Feb 26, 2025",8:00p,Los Angeles Clippers,,Chicago Bulls,,,,,,United Center,
"Wed, Feb 26, 2025",9:00p,Sacramento Kings,,Utah Jazz,,,,,,Delta Center,
"Wed, Feb 26, 2025",9:30p,San Antonio Spurs,,Houston Rockets,,,,,,Toyota Center,
"Thu, Feb 27, 2025",7:00p,Golden State Warriors,,Orlando Magic,,,,,,Kia Center,
"Thu, Feb 27, 2025",7:30p,Denver Nuggets,,Milwaukee Bucks,,,,,,Fiserv Forum,
"Thu, Feb 27, 2025",8:30p,Charlotte Hornets,,Dallas Mavericks,,,,,,American Airlines Center,
"Thu, Feb 27, 2025",10:00p,New Orleans Pelicans,,Phoenix Suns,,,,,,Footprint Center,
"Thu, Feb 27, 2025",10:30p,Minnesota Timberwolves,,Los Angeles Lakers,,,,,,Crypto.com Arena,
"Fri, Feb 28, 2025",7:00p,Denver Nuggets,,Detroit Pistons,,,,,,Little Caesars Arena,
"Fri, Feb 28, 2025",7:30p,Oklahoma City Thunder,,Atlanta Hawks,,,,,,State Farm Arena,
"Fri, Feb 28, 2025",7:30p,Cleveland Cavaliers,,Boston Celtics,,,,,,TD Garden,
"Fri, Feb 28, 2025",7:30p,Portland Trail Blazers,,Brooklyn Nets,,,,,,Barclays Center,
"Fri, Feb 28, 2025",8:00p,Toronto Raptors,,Chicago Bulls,,,,,,United Center,
"Fri, Feb 28, 2025",8:00p,New York Knicks,,Memphis Grizzlies,,,,,,FedEx Forum,
"Fri, Feb 28, 2025",8:00p,Indiana Pacers,,Miami Heat,,,,,,Kaseya Center,
"Fri, Feb 28, 2025",9:00p,New Orleans Pelicans,,Phoenix Suns,,,,,,Footprint Center,
"Fri, Feb 28, 2025",9:30p,Minnesota Timberwolves,,Utah Jazz,,,,,,Delta Center,
"Fri, Feb 28, 2025",10:00p,Los Angeles Clippers,,Los Angeles Lakers,,,,,,Crypto.com Arena,
"Wed, Jan 1, 2025",7:00p,Orlando Magic,,Detroit Pistons,,,,,,Little Caesars Arena,
"Wed, Jan 1, 2025",7:00p,Chicago Bulls,,Washington Wizards,,,,,,Capital One Arena,
"Wed, Jan 1, 2025",7:30p,New Orleans Pelicans,,Miami Heat,,,,,,Kaseya Center,
"Wed, Jan 1, 2025",7:30p,Utah Jazz,,New York Knicks,,,,,,Madison Square Garden (IV),
"Wed, Jan 1, 2025",7:30p,Brooklyn Nets,,Toronto Raptors,,,,,,Scotiabank Arena,
"Wed, Jan 1, 2025",8:00p,Dallas Mavericks,,Houston Rockets,,,,,,Toyota Center,
"Wed, Jan 1, 2025",9:00p,Atlanta Hawks,,Denver Nuggets,,,,,,Ball Arena,
"Wed, Jan 1, 2025",10:00p,Philadelphia 76ers,,Sacramento Kings,,,,,,Golden 1 Center,
"Thu, Jan 2, 2025",7:30p,Indiana Pacers,,Miami Heat,,,,,,Kaseya Center,
"Thu, Jan 2, 2025",7:30p,Boston Celtics,,Minnesota Timberwolves,,,,,,Target Center,
"Thu, Jan 2, 2025",8:00p,Brooklyn Nets,,Milwaukee Bucks,,,,,,Fiserv Forum,
"Thu, Jan 2, 2025",8:00p,Los Angeles Clippers,,Oklahoma City Thunder,,,,,,Paycom Center,
"Thu, Jan 2, 2025",10:00p,Philadelphia 76ers,,Golden State Warriors,,,,,,Chase Center,
"Thu, Jan 2, 2025",10:30p,Portland Trail Blazers,,Los Angeles Lakers,,,,,,Crypto.com Arena,
"Fri, Jan 3, 2025",7:00p,Charlotte Hornets,,Detroit Pistons,,,,,,Little Caesars Arena,
"Fri, Jan 3, 2025",7:30p,Orlando Magic,,Toronto Raptors,,,,,,Scotiabank Arena,
"Fri, Jan 3, 2025",8:00p,Boston Celtics,,Houston Rockets,,,,,,Toyota Center,
"Fri, Jan 3, 2025",8:00p,Washington Wizards,,New Orleans Pelicans,,,,,,Smoothie King Center,
"Fri, Jan 3, 2025",8:00p,New York Knicks,,Oklahoma City Thunder,,,,,,Paycom Center,
"Fri, Jan 3, 2025",8:30p,Cleveland Cavaliers,,Dallas Mavericks,,,,,,American Airlines Center,
"Fri, Jan 3, 2025",9:00p,San Antonio Spurs,,Denver Nuggets,,,,,,Ball Arena,
"Fri, Jan 3, 2025",10:00p,Memphis Grizzlies,,Sacramento Kings,,,,,,Golden 1 Center,
"Fri, Jan 3, 2025",10:30p,Atlanta Hawks,,Los Angeles Lakers,,,,,,Crypto.com Arena,
"Sat, Jan 4, 2025",6:00p,Philadelphia 76ers,,Brooklyn Nets,,,,,,Barclays Center,
"Sat, Jan 4, 2025",7:00p,Minnesota Timberwolves,,Detroit Pistons,,,,,,Little Caesars Arena,
Date,Start (ET),Visitor/Neutral,PTS,Home/Neutral,PTS,,,Attend.,LOG,Arena,Notes
"Sat, Jan 4, 2025",7:00p,Phoenix Suns,,Indiana Pacers,,,,,,Gainbridge Fieldhouse,
"Sat, Jan 4, 2025",8:00p,New York Knicks,,Chicago Bulls,,,,,,United Center,
"Sat, Jan 4, 2025",8:00p,Utah Jazz,,Miami Heat,,,,,,Kaseya Center,
"Sat, Jan 4, 2025",8:00p,Portland Trail Blazers,,Milwaukee Bucks,,,,,,Fiserv Forum,
"Sat, Jan 4, 2025",8:00p,Denver Nuggets,,San Antonio Spurs,,,,,,Frost Bank Center,
"Sat, Jan 4, 2025",8:30p,Memphis Grizzlies,,Golden State Warriors,,,,,,Chase Center,
"Sat, Jan 4, 2025",10:30p,Atlanta Hawks,,Los Angeles Clippers,,,,,,Intuit Dome,
"Sun, Jan 5, 2025",3:30p,Boston Celtics,,Oklahoma City Thunder,,,,,,Paycom Center,
"Sun, Jan 5, 2025",6:00p,Charlotte Hornets,,Cleveland Cavaliers,,,,,,Rocket Mortgage Fieldhouse,
"Sun, Jan 5, 2025",6:00p,New Orleans Pelicans,,Washington Wizards,,,,,,Capital One Arena,
"Sun, Jan 5, 2025",6:30p,Utah Jazz,,Orlando Magic,,,,,,Kia Center,
"Sun, Jan 5, 2025",7:00p,Los Angeles Lakers,,Houston Rockets,,,,,,Toyota Center,
"Sun, Jan 5, 2025",8:30p,Sacramento Kings,,Golden State Warriors,,,,,,Chase Center,
"Mon, Jan 6, 2025",7:00p,Portland Trail Blazers,,Detroit Pistons,,,,,,Little Caesars Arena,
"Mon, Jan 6, 2025",7:00p,Phoenix Suns,,Philadelphia 76ers,,,,,,Wells Fargo Center,
"Mon, Jan 6, 2025",7:30p,Indiana Pacers,,Brooklyn Nets,,,,,,Barclays Center,
"Mon, Jan 6, 2025",7:30p,Orlando Magic,,New York Knicks,,,,,,Madison Square Garden (IV),
"Mon, Jan 6, 2025",7:30p,Milwaukee Bucks,,Toronto Raptors,,,,,,Scotiabank Arena,
"Mon, Jan 6, 2025",8:00p,San Antonio Spurs,,Chicago Bulls,,,,,,United Center,
"Mon, Jan 6, 2025",8:00p,Dallas Mavericks,,Memphis Grizzlies,,,,,,FedEx Forum,
"Mon, Jan 6, 2025",8:00p,Los Angeles Clippers,,Minnesota Timberwolves,,,,,,Target Center,
"Mon, Jan 6, 2025",10:00p,Miami Heat,,Sacramento Kings,,,,,,Golden 1 Center,
"Tue, Jan 7, 2025",7:00p,Phoenix Suns,,Charlotte Hornets,,,,,,Spectrum Center,
"Tue, Jan 7, 2025",7:00p,Houston Rockets,,Washington Wizards,,,,,,Capital One Arena,
"Tue, Jan 7, 2025",7:30p,Los Angeles Lakers,,Dallas Mavericks,,,,,,American Airlines Center,
Date,Start (ET),Visitor/Neutral,PTS,Home/Neutral,PTS,,,Attend.,LOG,Arena,Notes
"Tue, Jan 7, 2025",8:00p,Minnesota Timberwolves,,New Orleans Pelicans,,,,,,Smoothie King Center,
"Tue, Jan 7, 2025",9:00p,Atlanta Hawks,,Utah Jazz,,,,,,Delta Center,
"Tue, Jan 7, 2025",10:00p,Boston Celtics,,Denver Nuggets,,,,,,Ball Arena,
"Tue, Jan 7, 2025",10:00p,Miami Heat,,Golden State Warriors,,,,,,Chase Center,
"Wed, Jan 8, 2025",7:00p,Oklahoma City Thunder,,Cleveland Cavaliers,,,,,,Rocket Mortgage Fieldhouse,
"Wed, Jan 8, 2025",7:00p,Chicago Bulls,,Indiana Pacers,,,,,,Gainbridge Fieldhouse,
"Wed, Jan 8, 2025",7:00p,Toronto Raptors,,New York Knicks,,,,,,Madison Square Garden (IV),
"Wed, Jan 8, 2025",7:00p,Washington Wizards,,Philadelphia 76ers,,,,,,Wells Fargo Center,
"Wed, Jan 8, 2025",7:30p,Detroit Pistons,,Brooklyn Nets,,,,,,Barclays Center,
"Wed, Jan 8, 2025",8:00p,Portland Trail Blazers,,New Orleans Pelicans,,,,,,Smoothie King Center,
"Wed, Jan 8, 2025",9:00p,Los Angeles Clippers,,Denver Nuggets,,,,,,Ball Arena,
"Wed, Jan 8, 2025",9:30p,San Antonio Spurs,,Milwaukee Bucks,,,,,,Fiserv Forum,
"Thu, Jan 9, 2025",7:00p,Toronto Raptors,,Cleveland Cavaliers,,,,,,Rocket Mortgage Fieldhouse,
"Thu, Jan 9, 2025",7:00p,Golden State Warriors,,Detroit Pistons,,,,,,Little Caesars Arena,
"Thu, Jan 9, 2025",7:00p,Minnesota Timberwolves,,Orlando Magic,,,,,,Kia Center,
"Thu, Jan 9, 2025",8:00p,Houston Rockets,,Memphis Grizzlies,,,,,,FedEx Forum,
"Thu, Jan 9, 2025",8:30p,Portland Trail Blazers,,Dallas Mavericks,,,,,,American Airlines Center,
"Thu, Jan 9, 2025",9:00p,Atlanta Hawks,,Phoenix Suns,,,,,,Footprint Center,
"Thu, Jan 9, 2025",9:00p,Miami Heat,,Utah Jazz,,,,,,Delta Center,
"Thu, Jan 9, 2025",10:30p,Charlotte Hornets,,Los Angeles Lakers,,,,,,Crypto.com Arena,
"Fri, Jan 10, 2025",7:00p,Golden State Warriors,,Indiana Pacers,,,,,,Gainbridge Fieldhouse,
"Fri, Jan 10, 2025",7:00p,Milwaukee Bucks,,Orlando Magic,,,,,,Kia Center,
"Fri, Jan 10, 2025",7:00p,New Orleans Pelicans,,Philadelphia 76ers,,,,,,Wells Fargo Center,
"Fri, Jan 10, 2025",7:30p,Sacramento Kings,,Boston Celtics,,,,,,TD Garden,
"Fri, Jan 10, 2025",7:30p,Oklahoma City Thunder,,New York Knicks,,,,,,Madison Square Garden (IV),
Date,Start (ET),Visitor/Neutral,PTS,Home/Neutral,PTS,,,Attend.,LOG,Arena,Notes
"Fri, Jan 10, 2025",8:00p,Washington Wizards,,Chicago Bulls,,,,,,United Center,
"Fri, Jan 10, 2025",9:00p,Brooklyn Nets,,Denver Nuggets,,,,,,Ball Arena,
"Sat, Jan 11, 2025",3:00p,Houston Rockets,,Atlanta Hawks,,,,,,State Farm Arena,
"Sat, Jan 11, 2025",5:00p,Utah Jazz,,Phoenix Suns,,,,,,Footprint Center,
"Sat, Jan 11, 2025",7:00p,Toronto Raptors,,Detroit Pistons,,,,,,Little Caesars Arena,
"Sat, Jan 11, 2025",8:00p,Memphis Grizzlies,,Minnesota Timberwolves,,,,,,Target Center,
"Sat, Jan 11, 2025",10:00p,Miami Heat,,Portland Trail Blazers,,,,,,Moda Center,
"Sat, Jan 11, 2025",10:30p,Charlotte Hornets,,Los Angeles Clippers,,,,,,Intuit Dome,
"Sat, Jan 11, 2025",10:30p,San Antonio Spurs,,Los Angeles Lakers,,,,,,Crypto.com Arena,
"Sun, Jan 12, 2025",3:00p,Denver Nuggets,,Dallas Mavericks,,,,,,American Airlines Center,
"Sun, Jan 12, 2025",3:00p,Milwaukee Bucks,,New York Knicks,,,,,,Madison Square Garden (IV),
"Sun, Jan 12, 2025",3:30p,Sacramento Kings,,Chicago Bulls,,,,,,United Center,
"Sun, Jan 12, 2025",6:00p,New Orleans Pelicans,,Boston Celtics,,,,,,TD Garden,
"Sun, Jan 12, 2025",6:00p,Indiana Pacers,,Cleveland Cavaliers,,,,,,Rocket Mortgage Fieldhouse,
"Sun, Jan 12, 2025",6:00p,Philadelphia 76ers,,Orlando Magic,,,,,,Kia Center,
"Sun, Jan 12, 2025",6:00p,Oklahoma City Thunder,,Washington Wizards,,,,,,Capital One Arena,
"Sun, Jan 12, 2025",8:00p,Brooklyn Nets,,Utah Jazz,,,,,,Delta Center,
"Sun, Jan 12, 2025",9:00p,Charlotte Hornets,,Phoenix Suns,,,,,,Footprint Center,
"Mon, Jan 13, 2025",7:00p,Minnesota Timberwolves,,Washington Wizards,,,,,,Capital One Arena,
"Mon, Jan 13, 2025",7:30p,Detroit Pistons,,New York Knicks,,,,,,Madison Square Garden (IV),
"Mon, Jan 13, 2025",7:30p,Golden State Warriors,,Toronto Raptors,,,,,,Scotiabank Arena,
"Mon, Jan 13, 2025",8:00p,Memphis Grizzlies,,Houston Rockets,,,,,,Toyota Center,
"Mon, Jan 13, 2025",10:30p,Miami Heat,,Los Angeles Clippers,,,,,,Intuit Dome,
"Mon, Jan 13, 2025",10:30p,San Antonio Spurs,,Los Angeles Lakers,,,,,,Crypto.com Arena,
"Tue, Jan 14, 2025",7:00p,Cleveland Cavaliers,,Indiana Pacers,,,,,,Gainbridge Fieldhouse,
Date,Start (ET),Visitor/Neutral,PTS,Home/Neutral,PTS,,,Attend.,LOG,Arena,Notes
"Tue, Jan 14, 2025",7:00p,Oklahoma City Thunder,,Philadelphia 76ers,,,,,,Wells Fargo Center,
"Tue, Jan 14, 2025",7:30p,Phoenix Suns,,Atlanta Hawks,,,,,,State Farm Arena,
"Tue, Jan 14, 2025",8:00p,New Orleans Pelicans,,Chicago Bulls,,,,,,United Center,
"Tue, Jan 14, 2025",8:00p,Sacramento Kings,,Milwaukee Bucks,,,,,,Fiserv Forum,
"Tue, Jan 14, 2025",9:30p,Denver Nuggets,,Dallas Mavericks,,,,,,American Airlines Center,
"Tue, Jan 14, 2025",10:00p,Brooklyn Nets,,Portland Trail Blazers,,,,,,Moda Center,
"Wed, Jan 15, 2025",7:30p,New York Knicks,,Philadelphia 76ers,,,,,,Wells Fargo Center,
"Wed, Jan 15, 2025",7:30p,Boston Celtics,,Toronto Raptors,,,,,,Scotiabank Arena,
"Wed, Jan 15, 2025",8:00p,Atlanta Hawks,,Chicago Bulls,,,,,,United Center,
"Wed, Jan 15, 2025",8:00p,Orlando Magic,,Milwaukee Bucks,,,,,,Fiserv Forum,
"Wed, Jan 15, 2025",8:00p,Golden State Warriors,,Minnesota Timberwolves,,,,,,Target Center,
"Wed, Jan 15, 2025",8:00p,Dallas Mavericks,,New Orleans Pelicans,,,,,,Smoothie King Center,
"Wed, Jan 15, 2025",8:00p,Memphis Grizzlies,,San Antonio Spurs,,,,,,Frost Bank Center,
"Wed, Jan 15, 2025",9:00p,Houston Rockets,,Denver Nuggets,,,,,,Ball Arena,
"Wed, Jan 15, 2025",9:00p,Charlotte Hornets,,Utah Jazz,,,,,,Delta Center,
"Wed, Jan 15, 2025",10:00p,Miami Heat,,Los Angeles Lakers,,,,,,Crypto.com Arena,
"Wed, Jan 15, 2025",10:30p,Brooklyn Nets,,Los Angeles Clippers,,,,,,Intuit Dome,
"Thu, Jan 16, 2025",7:00p,Indiana Pacers,,Detroit Pistons,,,,,,Little Caesars Arena,
"Thu, Jan 16, 2025",7:30p,Phoenix Suns,,Washington Wizards,,,,,,Capital One Arena,
"Thu, Jan 16, 2025",8:00p,Cleveland Cavaliers,,Oklahoma City Thunder,,,,,,Paycom Center,
"Thu, Jan 16, 2025",10:00p,Los Angeles Clippers,,Portland Trail Blazers,,,,,,Moda Center,
"Thu, Jan 16, 2025",10:00p,Houston Rockets,,Sacramento Kings,,,,,,Golden 1 Center,
"Fri, Jan 17, 2025",7:00p,Orlando Magic,,Boston Celtics,,,,,,TD Garden,
"Fri, Jan 17, 2025",7:30p,Minnesota Timberwolves,,New York Knicks,,,,,,Madison Square Garden (IV),
"Fri, Jan 17, 2025",8:00p,Denver Nuggets,,Miami Heat,,,,,,Kaseya Center,
Date,Start (ET),Visitor/Neutral,PTS,Home/Neutral,PTS,,,Attend.,LOG,Arena,Notes
"Fri, Jan 17, 2025",8:00p,Toronto Raptors,,Milwaukee Bucks,,,,,,Fiserv Forum,
"Fri, Jan 17, 2025",8:00p,Utah Jazz,,New Orleans Pelicans,,,,,,Smoothie King Center,
"Fri, Jan 17, 2025",8:00p,Memphis Grizzlies,,San Antonio Spurs,,,,,,Frost Bank Center,
"Fri, Jan 17, 2025",8:30p,Oklahoma City Thunder,,Dallas Mavericks,,,,,,American Airlines Center,
"Fri, Jan 17, 2025",9:30p,Charlotte Hornets,,Chicago Bulls,,,,,,United Center,
"Fri, Jan 17, 2025",10:30p,Brooklyn Nets,,Los Angeles Lakers,,,,,,Crypto.com Arena,
"Sat, Jan 18, 2025",5:00p,Phoenix Suns,,Detroit Pistons,,,,,,Little Caesars Arena,
"Sat, Jan 18, 2025",7:00p,Atlanta Hawks,,Boston Celtics,,,,,,TD Garden,
"Sat, Jan 18, 2025",7:00p,Philadelphia 76ers,,Indiana Pacers,,,,,,Gainbridge Fieldhouse,
"Sat, Jan 18, 2025",8:30p,Washington Wizards,,Golden State Warriors,,,,,,Chase Center,
"Sat, Jan 18, 2025",9:00p,Cleveland Cavaliers,,Minnesota Timberwolves,,,,,,Target Center,
"Sat, Jan 18, 2025",10:00p,Houston Rockets,,Portland Trail Blazers,,,,,,Moda Center,
"Sun, Jan 19, 2025",3:00p,San Antonio Spurs,,Miami Heat,,,,,,Kaseya Center,
"Sun, Jan 19, 2025",6:00p,Denver Nuggets,,Orlando Magic,,,,,,Kia Center,
"Sun, Jan 19, 2025",7:00p,Philadelphia 76ers,,Milwaukee Bucks,,,,,,Fiserv Forum,
"Sun, Jan 19, 2025",7:00p,Brooklyn Nets,,Oklahoma City Thunder,,,,,,Paycom Center,
"Sun, Jan 19, 2025",9:00p,Los Angeles Lakers,,Los Angeles Clippers,,,,,,Intuit Dome,
"Sun, Jan 19, 2025",9:00p,Chicago Bulls,,Portland Trail Blazers,,,,,,Moda Center,
"Sun, Jan 19, 2025",9:00p,Washington Wizards,,Sacramento Kings,,,,,,Golden 1 Center,
"Mon, Jan 20, 2025",12:00p,Dallas Mavericks,,Charlotte Hornets,,,,,,Spectrum Center,
"Mon, Jan 20, 2025",2:00p,Detroit Pistons,,Houston Rockets,,,,,,Toyota Center,
"Mon, Jan 20, 2025",2:30p,Minnesota Timberwolves,,Memphis Grizzlies,,,,,,FedEx Forum,
"Mon, Jan 20, 2025",3:00p,Atlanta Hawks,,New York Knicks,,,,,,Madison Square Garden (IV),
"Mon, Jan 20, 2025",3:30p,Phoenix Suns,,Cleveland Cavaliers,,,,,,Rocket Mortgage Fieldhouse,
"Mon, Jan 20, 2025",5:00p,Boston Celtics,,Golden State Warriors,,,,,,Chase Center,
Date,Start (ET),Visitor/Neutral,PTS,Home/Neutral,PTS,,,Attend.,LOG,Arena,Notes
"Mon, Jan 20, 2025",8:00p,Utah Jazz,,New Orleans Pelicans,,,,,,Smoothie King Center,
"Tue, Jan 21, 2025",7:30p,New York Knicks,,Brooklyn Nets,,,,,,Barclays Center,
"Tue, Jan 21, 2025",7:30p,Portland Trail Blazers,,Miami Heat,,,,,,Kaseya Center,
"Tue, Jan 21, 2025",7:30p,Orlando Magic,,Toronto Raptors,,,,,,Scotiabank Arena,
"Tue, Jan 21, 2025",10:00p,Philadelphia 76ers,,Denver Nuggets,,,,,,Ball Arena,
"Tue, Jan 21, 2025",10:30p,Chicago Bulls,,Los Angeles Clippers,,,,,,Intuit Dome,
"Tue, Jan 21, 2025",10:30p,Washington Wizards,,Los Angeles Lakers,,,,,,Crypto.com Arena,
"Wed, Jan 22, 2025",7:30p,Detroit Pistons,,Atlanta Hawks,,,,,,State Farm Arena,
"Wed, Jan 22, 2025",7:30p,Phoenix Suns,,Brooklyn Nets,,,,,,Barclays Center,
"Wed, Jan 22, 2025",7:30p,Minnesota Timberwolves,,Dallas Mavericks,,,,,,American Airlines Center,
"Wed, Jan 22, 2025",8:00p,Cleveland Cavaliers,,Houston Rockets,,,,,,Toyota Center,
"Wed, Jan 22, 2025",8:00p,Charlotte Hornets,,Memphis Grizzlies,,,,,,FedEx Forum,
"Wed, Jan 22, 2025",8:00p,Milwaukee Bucks,,New Orleans Pelicans,,,,,,Smoothie King Center,
"Wed, Jan 22, 2025",8:00p,Utah Jazz,,Oklahoma City Thunder,,,,,,Paycom Center,
"Wed, Jan 22, 2025",10:00p,Golden State Warriors,,Sacramento Kings,,,,,,Golden 1 Center,
"Wed, Jan 22, 2025",10:30p,Boston Celtics,,Los Angeles Clippers,,,,,,Intuit Dome,
"Thu, Jan 23, 2025",2:00p,San Antonio Spurs,,Indiana Pacers,,,,,,AccorHotels Arena,
"Thu, Jan 23, 2025",7:00p,Portland Trail Blazers,,Orlando Magic,,,,,,Kia Center,
"Thu, Jan 23, 2025",7:30p,Toronto Raptors,,Atlanta Hawks,,,,,,State Farm Arena,
"Thu, Jan 23, 2025",7:30p,Miami Heat,,Milwaukee Bucks,,,,,,Fiserv Forum,
"Thu, Jan 23, 2025",8:00p,Dallas Mavericks,,Oklahoma City Thunder,,,,,,Paycom Center,
"Thu, Jan 23, 2025",9:00p,Sacramento Kings,,Denver Nuggets,,,,,,Ball Arena,
"Thu, Jan 23, 2025",9:00p,Washington Wizards,,Utah Jazz,,,,,,Delta Center,
"Thu, Jan 23, 2025",10:00p,Chicago Bulls,,Golden State Warriors,,,,,,Chase Center,
"Thu, Jan 23, 2025",10:00p,Boston Celtics,,Los Angeles Lakers,,,,,,Crypto.com Arena,
Date,Start (ET),Visitor/Neutral,PTS,Home/Neutral,PTS,,,Attend.,LOG,Arena,Notes
"Fri, Jan 24, 2025",7:00p,Portland Trail Blazers,,Charlotte Hornets,,,,,,Spectrum Center,
"Fri, Jan 24, 2025",7:00p,Cleveland Cavaliers,,Philadelphia 76ers,,,,,,Wells Fargo Center,
"Fri, Jan 24, 2025",8:00p,New Orleans Pelicans,,Memphis Grizzlies,,,,,,FedEx Forum,
"Sat, Jan 25, 2025",12:00p,Indiana Pacers,,San Antonio Spurs,,,,,,AccorHotels Arena,
"Sat, Jan 25, 2025",3:00p,Denver Nuggets,,Minnesota Timberwolves,,,,,,Target Center,
"Sat, Jan 25, 2025",5:30p,Boston Celtics,,Dallas Mavericks,,,,,,American Airlines Center,
"Sat, Jan 25, 2025",6:00p,Miami Heat,,Brooklyn Nets,,,,,,Barclays Center,
"Sat, Jan 25, 2025",7:00p,New Orleans Pelicans,,Charlotte Hornets,,,,,,Spectrum Center,
"Sat, Jan 25, 2025",7:00p,Detroit Pistons,,Orlando Magic,,,,,,Kia Center,
"Sat, Jan 25, 2025",7:30p,Toronto Raptors,,Atlanta Hawks,,,,,,State Farm Arena,
"Sat, Jan 25, 2025",7:30p,Houston Rockets,,Cleveland Cavaliers,,,,,,Rocket Mortgage Fieldhouse,
"Sat, Jan 25, 2025",7:30p,Sacramento Kings,,New York Knicks,,,,,,Madison Square Garden (IV),
"Sat, Jan 25, 2025",8:00p,Philadelphia 76ers,,Chicago Bulls,,,,,,United Center,
"Sat, Jan 25, 2025",8:00p,Utah Jazz,,Memphis Grizzlies,,,,,,FedEx Forum,
"Sat, Jan 25, 2025",8:30p,Los Angeles Lakers,,Golden State Warriors,,,,,,Chase Center,
"Sat, Jan 25, 2025",9:00p,Washington Wizards,,Phoenix Suns,,,,,,Footprint Center,
"Sat, Jan 25, 2025",10:30p,Milwaukee Bucks,,Los Angeles Clippers,,,,,,Intuit Dome,
"Sun, Jan 26, 2025",6:00p,Oklahoma City Thunder,,Portland Trail Blazers,,,,,,Moda Center,
"Mon, Jan 27, 2025",7:00p,Los Angeles Lakers,,Charlotte Hornets,,,,,,Spectrum Center,
"Mon, Jan 27, 2025",7:00p,Detroit Pistons,,Cleveland Cavaliers,,,,,,Rocket Mortgage Fieldhouse,
"Mon, Jan 27, 2025",7:30p,Houston Rockets,,Boston Celtics,,,,,,TD Garden,
"Mon, Jan 27, 2025",7:30p,Sacramento Kings,,Brooklyn Nets,,,,,,Barclays Center,
"Mon, Jan 27, 2025",7:30p,Orlando Magic,,Miami Heat,,,,,,Kaseya Center,
"Mon, Jan 27, 2025",7:30p,Memphis Grizzlies,,New York Knicks,,,,,,Madison Square Garden (IV),
"Mon, Jan 27, 2025",7:30p,New Orleans Pelicans,,Toronto Raptors,,,,,,Scotiabank Arena,
Date,Start (ET),Visitor/Neutral,PTS,Home/Neutral,PTS,,,Attend.,LOG,Arena,Notes
"Mon, Jan 27, 2025",8:00p,Denver Nuggets,,Chicago Bulls,,,,,,United Center,
"Mon, Jan 27, 2025",8:00p,Atlanta Hawks,,Minnesota Timberwolves,,,,,,Target Center,
"Mon, Jan 27, 2025",8:30p,Washington Wizards,,Dallas Mavericks,,,,,,American Airlines Center,
"Mon, Jan 27, 2025",9:00p,Milwaukee Bucks,,Utah Jazz,,,,,,Delta Center,
"Mon, Jan 27, 2025",9:30p,Los Angeles Clippers,,Phoenix Suns,,,,,,Footprint Center,
"Tue, Jan 28, 2025",7:30p,Los Angeles Lakers,,Philadelphia 76ers,,,,,,Wells Fargo Center,
"Tue, Jan 28, 2025",10:00p,Utah Jazz,,Golden State Warriors,,,,,,Chase Center,
"Tue, Jan 28, 2025",10:00p,Milwaukee Bucks,,Portland Trail Blazers,,,,,,Moda Center,
"Wed, Jan 29, 2025",7:00p,Brooklyn Nets,,Charlotte Hornets,,,,,,Spectrum Center,
"Wed, Jan 29, 2025",7:00p,Detroit Pistons,,Indiana Pacers,,,,,,Gainbridge Fieldhouse,
"Wed, Jan 29, 2025",7:00p,Toronto Raptors,,Washington Wizards,,,,,,Capital One Arena,
"Wed, Jan 29, 2025",7:30p,Chicago Bulls,,Boston Celtics,,,,,,TD Garden,
"Wed, Jan 29, 2025",7:30p,Cleveland Cavaliers,,Miami Heat,,,,,,Kaseya Center,
"Wed, Jan 29, 2025",7:30p,Denver Nuggets,,New York Knicks,,,,,,Madison Square Garden (IV),
"Wed, Jan 29, 2025",7:30p,Sacramento Kings,,Philadelphia 76ers,,,,,,Wells Fargo Center,
"Wed, Jan 29, 2025",8:00p,Dallas Mavericks,,New Orleans Pelicans,,,,,,Smoothie King Center,
"Wed, Jan 29, 2025",8:00p,Los Angeles Clippers,,San Antonio Spurs,,,,,,Frost Bank Center,
"Wed, Jan 29, 2025",9:00p,Minnesota Timberwolves,,Phoenix Suns,,,,,,Footprint Center,
"Wed, Jan 29, 2025",10:00p,Oklahoma City Thunder,,Golden State Warriors,,,,,,Chase Center,
"Thu, Jan 30, 2025",7:00p,Los Angeles Lakers,,Washington Wizards,,,,,,Capital One Arena,
"Thu, Jan 30, 2025",7:30p,Atlanta Hawks,,Cleveland Cavaliers,,,,,,Rocket Mortgage Fieldhouse,
"Thu, Jan 30, 2025",7:30p,Houston Rockets,,Memphis Grizzlies,,,,,,FedEx Forum,
"Thu, Jan 30, 2025",10:00p,Orlando Magic,,Portland Trail Blazers,,,,,,Moda Center,
"Thu, Jan 30, 2025",10:00p,Minnesota Timberwolves,,Utah Jazz,,,,,,Delta Center,
"Fri, Jan 31, 2025",7:00p,Los Angeles Clippers,,Charlotte Hornets,,,,,,Spectrum Center,
Date,Start (ET),Visitor/Neutral,PTS,Home/Neutral,PTS,,,Attend.,LOG,Arena,Notes
"Fri, Jan 31, 2025",7:00p,Dallas Mavericks,,Detroit Pistons,,,,,,Little Caesars Arena,
"Fri, Jan 31, 2025",7:30p,Denver Nuggets,,Philadelphia 76ers,,,,,,Wells Fargo Center,
"Fri, Jan 31, 2025",7:30p,Chicago Bulls,,Toronto Raptors,,,,,,Scotiabank Arena,
"Fri, Jan 31, 2025",8:00p,Boston Celtics,,New Orleans Pelicans,,,,,,Smoothie King Center,
"Fri, Jan 31, 2025",8:00p,Milwaukee Bucks,,San Antonio Spurs,,,,,,Frost Bank Center,
"Fri, Jan 31, 2025",10:00p,Phoenix Suns,,Golden State Warriors,,,,,,Chase Center,
"Sat, Mar 1, 2025",6:00p,Washington Wizards,,Charlotte Hornets,,,,,,Spectrum Center,
"Sat, Mar 1, 2025",7:00p,Brooklyn Nets,,Detroit Pistons,,,,,,Little Caesars Arena,
"Sat, Mar 1, 2025",8:00p,Sacramento Kings,,Houston Rockets,,,,,,Toyota Center,
"Sat, Mar 1, 2025",8:00p,San Antonio Spurs,,Memphis Grizzlies,,,,,,FedEx Forum,
"Sat, Mar 1, 2025",8:30p,Milwaukee Bucks,,Dallas Mavericks,,,,,,American Airlines Center,
"Sat, Mar 1, 2025",8:30p,Golden State Warriors,,Philadelphia 76ers,,,,,,Wells Fargo Center,
"Sun, Mar 2, 2025",1:00p,Denver Nuggets,,Boston Celtics,,,,,,TD Garden,
"Sun, Mar 2, 2025",3:30p,Portland Trail Blazers,,Cleveland Cavaliers,,,,,,Rocket Mortgage Fieldhouse,
"Sun, Mar 2, 2025",5:00p,Chicago Bulls,,Indiana Pacers,,,,,,Gainbridge Fieldhouse,
"Sun, Mar 2, 2025",6:00p,New York Knicks,,Miami Heat,,,,,,Kaseya Center,
"Sun, Mar 2, 2025",6:00p,Toronto Raptors,,Orlando Magic,,,,,,Kia Center,
"Sun, Mar 2, 2025",7:00p,Oklahoma City Thunder,,San Antonio Spurs,,,,,,Frost Bank Center,
"Sun, Mar 2, 2025",8:00p,New Orleans Pelicans,,Utah Jazz,,,,,,Delta Center,
"Sun, Mar 2, 2025",9:30p,Los Angeles Clippers,,Los Angeles Lakers,,,,,,Crypto.com Arena,
"Sun, Mar 2, 2025",9:30p,Minnesota Timberwolves,,Phoenix Suns,,,,,,Footprint Center,
"Mon, Mar 3, 2025",7:00p,Golden State Warriors,,Charlotte Hornets,,,,,,Spectrum Center,
"Mon, Mar 3, 2025",7:00p,Portland Trail Blazers,,Philadelphia 76ers,,,,,,Wells Fargo Center,
"Mon, Mar 3, 2025",7:30p,Washington Wizards,,Miami Heat,,,,,,Kaseya Center,
"Mon, Mar 3, 2025",8:00p,Atlanta Hawks,,Memphis Grizzlies,,,,,,FedEx Forum,
"Mon, Mar 3, 2025",8:00p,Houston Rockets,,Oklahoma City Thunder,,,,,,Paycom Center,
"Mon, Mar 3, 2025",8:30p,Sacramento Kings,,Dallas Mavericks,,,,,,American Airlines Center,
"Mon, Mar 3, 2025",9:30p,Detroit Pistons,,Utah Jazz,,,,,,Delta Center,
"Tue, Mar 4, 2025",7:00p,Houston Rockets,,Indiana Pacers,,,,,,Gainbridge Fieldhouse,
"Tue, Mar 4, 2025",7:00p,Toronto Raptors,,Orlando Magic,,,,,,Kia Center,
"Tue, Mar 4, 2025",7:30p,Milwaukee Bucks,,Atlanta Hawks,,,,,,State Farm Arena,
Date,Start (ET),Visitor/Neutral,PTS,Home/Neutral,PTS,,,Attend.,LOG,Arena,Notes
"Tue, Mar 4, 2025",7:30p,Golden State Warriors,,New York Knicks,,,,,,Madison Square Garden (IV),
"Tue, Mar 4, 2025",8:00p,Cleveland Cavaliers,,Chicago Bulls,,,,,,United Center,
"Tue, Mar 4, 2025",8:00p,Philadelphia 76ers,,Minnesota Timberwolves,,,,,,Target Center,
"Tue, Mar 4, 2025",8:30p,Brooklyn Nets,,San Antonio Spurs,,,,,,Frost Bank Center,
"Tue, Mar 4, 2025",10:00p,Los Angeles Clippers,,Phoenix Suns,,,,,,Footprint Center,
"Tue, Mar 4, 2025",10:30p,New Orleans Pelicans,,Los Angeles Lakers,,,,,,Crypto.com Arena,
"Wed, Mar 5, 2025",7:00p,Portland Trail Blazers,,Boston Celtics,,,,,,TD Garden,
"Wed, Mar 5, 2025",7:00p,Minnesota Timberwolves,,Charlotte Hornets,,,,,,Spectrum Center,
"Wed, Mar 5, 2025",7:00p,Miami Heat,,Cleveland Cavaliers,,,,,,Rocket Mortgage Fieldhouse,
"Wed, Mar 5, 2025",7:00p,Utah Jazz,,Washington Wizards,,,,,,Capital One Arena,
"Wed, Mar 5, 2025",8:00p,Oklahoma City Thunder,,Memphis Grizzlies,,,,,,FedEx Forum,
"Wed, Mar 5, 2025",9:00p,Sacramento Kings,,Denver Nuggets,,,,,,Ball Arena,
"Wed, Mar 5, 2025",9:30p,Dallas Mavericks,,Milwaukee Bucks,,,,,,Fiserv Forum,
"Wed, Mar 5, 2025",10:30p,Detroit Pistons,,Los Angeles Clippers,,,,,,Intuit Dome,
"Thu, Mar 6, 2025",7:30p,Indiana Pacers,,Atlanta Hawks,,,,,,State Farm Arena,
"Thu, Mar 6, 2025",7:30p,Philadelphia 76ers,,Boston Celtics,,,,,,TD Garden,
"Thu, Mar 6, 2025",7:30p,Golden State Warriors,,Brooklyn Nets,,,,,,Barclays Center,
"Thu, Mar 6, 2025",8:00p,Houston Rockets,,New Orleans Pelicans,,,,,,Smoothie King Center,
"Thu, Mar 6, 2025",10:00p,New York Knicks,,Los Angeles Lakers,,,,,,Crypto.com Arena,
"Fri, Mar 7, 2025",7:00p,Cleveland Cavaliers,,Charlotte Hornets,,,,,,Spectrum Center,
"Fri, Mar 7, 2025",7:30p,Memphis Grizzlies,,Dallas Mavericks,,,,,,American Airlines Center,
"Fri, Mar 7, 2025",7:30p,Utah Jazz,,Toronto Raptors,,,,,,Scotiabank Arena,
"Fri, Mar 7, 2025",8:00p,Minnesota Timberwolves,,Miami Heat,,,,,,Kaseya Center,
"Fri, Mar 7, 2025",8:00p,Portland Trail Blazers,,Oklahoma City Thunder,,,,,,Paycom Center,
"Fri, Mar 7, 2025",10:00p,Phoenix Suns,,Denver Nuggets,,,,,,Ball Arena,
Date,Start (ET),Visitor/Neutral,PTS,Home/Neutral,PTS,,,Attend.,LOG,Arena,Notes
"Fri, Mar 7, 2025",10:00p,San Antonio Spurs,,Sacramento Kings,,,,,,Golden 1 Center,
"Fri, Mar 7, 2025",10:30p,New York Knicks,,Los Angeles Clippers,,,,,,Intuit Dome,
"Sat, Mar 8, 2025",6:00p,Brooklyn Nets,,Charlotte Hornets,,,,,,Spectrum Center,
"Sat, Mar 8, 2025",7:00p,New Orleans Pelicans,,Houston Rockets,,,,,,Toyota Center,
"Sat, Mar 8, 2025",7:30p,Indiana Pacers,,Atlanta Hawks,,,,,,State Farm Arena,
"Sat, Mar 8, 2025",7:30p,Washington Wizards,,Toronto Raptors,,,,,,Scotiabank Arena,
"Sat, Mar 8, 2025",8:00p,Chicago Bulls,,Miami Heat,,,,,,Kaseya Center,
"Sat, Mar 8, 2025",8:00p,Orlando Magic,,Milwaukee Bucks,,,,,,Fiserv Forum,
"Sat, Mar 8, 2025",8:30p,Los Angeles Lakers,,Boston Celtics,,,,,,TD Garden,
"Sat, Mar 8, 2025",8:30p,Detroit Pistons,,Golden State Warriors,,,,,,Chase Center,
"Sun, Mar 9, 2025",1:00p,Denver Nuggets,,Oklahoma City Thunder,,,,,,Paycom Center,
"Sun, Mar 9, 2025",3:30p,Phoenix Suns,,Dallas Mavericks,,,,,,American Airlines Center,
"Sun, Mar 9, 2025",7:00p,Memphis Grizzlies,,New Orleans Pelicans,,,,,,Smoothie King Center,
"Sun, Mar 9, 2025",7:30p,Utah Jazz,,Philadelphia 76ers,,,,,,Wells Fargo Center,
"Sun, Mar 9, 2025",8:00p,Cleveland Cavaliers,,Milwaukee Bucks,,,,,,Fiserv Forum,
"Sun, Mar 9, 2025",8:00p,San Antonio Spurs,,Minnesota Timberwolves,,,,,,Target Center,
"Sun, Mar 9, 2025",9:00p,Detroit Pistons,,Portland Trail Blazers,,,,,,Moda Center,
"Sun, Mar 9, 2025",9:30p,Sacramento Kings,,Los Angeles Clippers,,,,,,Intuit Dome,
"Mon, Mar 10, 2025",7:30p,Philadelphia 76ers,,Atlanta Hawks,,,,,,State Farm Arena,
"Mon, Mar 10, 2025",7:30p,Utah Jazz,,Boston Celtics,,,,,,TD Garden,
"Mon, Mar 10, 2025",7:30p,Los Angeles Lakers,,Brooklyn Nets,,,,,,Barclays Center,
"Mon, Mar 10, 2025",7:30p,Charlotte Hornets,,Miami Heat,,,,,,Kaseya Center,
"Mon, Mar 10, 2025",7:30p,Washington Wizards,,Toronto Raptors,,,,,,Scotiabank Arena,
"Mon, Mar 10, 2025",8:00p,Indiana Pacers,,Chicago Bulls,,,,,,United Center,
"Mon, Mar 10, 2025",8:00p,Orlando Magic,,Houston Rockets,,,,,,Toyota Center,
Date,Start (ET),Visitor/Neutral,PTS,Home/Neutral,PTS,,,Attend.,LOG,Arena,Notes
"Mon, Mar 10, 2025",8:00p,Phoenix Suns,,Memphis Grizzlies,,,,,,FedEx Forum,
"Mon, Mar 10, 2025",8:00p,Denver Nuggets,,Oklahoma City Thunder,,,,,,Paycom Center,
"Mon, Mar 10, 2025",8:30p,Dallas Mavericks,,San Antonio Spurs,,,,,,Frost Bank Center,
"Mon, Mar 10, 2025",10:00p,Portland Trail Blazers,,Golden State Warriors,,,,,,Chase Center,
"Mon, Mar 10, 2025",10:30p,New York Knicks,,Sacramento Kings,,,,,,Golden 1 Center,
"Tue, Mar 11, 2025",7:00p,Brooklyn Nets,,Cleveland Cavaliers,,,,,,Rocket Mortgage Fieldhouse,
"Tue, Mar 11, 2025",7:00p,Washington Wizards,,Detroit Pistons,,,,,,Little Caesars Arena,
"Tue, Mar 11, 2025",7:00p,Milwaukee Bucks,,Indiana Pacers,,,,,,Gainbridge Fieldhouse,
"Tue, Mar 11, 2025",9:30p,Los Angeles Clippers,,New Orleans Pelicans,,,,,,Smoothie King Center,
"Wed, Mar 12, 2025",7:00p,Chicago Bulls,,Orlando Magic,,,,,,Kia Center,
"Wed, Mar 12, 2025",7:30p,Charlotte Hornets,,Atlanta Hawks,,,,,,State Farm Arena,
"Wed, Mar 12, 2025",7:30p,Oklahoma City Thunder,,Boston Celtics,,,,,,TD Garden,
"Wed, Mar 12, 2025",7:30p,Philadelphia 76ers,,Toronto Raptors,,,,,,Scotiabank Arena,
"Wed, Mar 12, 2025",8:00p,Phoenix Suns,,Houston Rockets,,,,,,Toyota Center,
"Wed, Mar 12, 2025",8:00p,Utah Jazz,,Memphis Grizzlies,,,,,,FedEx Forum,
"Wed, Mar 12, 2025",8:00p,Los Angeles Clippers,,Miami Heat,,,,,,Kaseya Center,
"Wed, Mar 12, 2025",8:00p,Dallas Mavericks,,San Antonio Spurs,,,,,,Frost Bank Center,
"Wed, Mar 12, 2025",10:00p,Minnesota Timberwolves,,Denver Nuggets,,,,,,Ball Arena,
"Wed, Mar 12, 2025",10:00p,New York Knicks,,Portland Trail Blazers,,,,,,Moda Center,
"Thu, Mar 13, 2025",7:00p,Washington Wizards,,Detroit Pistons,,,,,,Little Caesars Arena,
"Thu, Mar 13, 2025",7:30p,Los Angeles Lakers,,Milwaukee Bucks,,,,,,Fiserv Forum,
"Thu, Mar 13, 2025",8:00p,Brooklyn Nets,,Chicago Bulls,,,,,,United Center,
"Thu, Mar 13, 2025",10:00p,Sacramento Kings,,Golden State Warriors,,,,,,Chase Center,
"Fri, Mar 14, 2025",7:00p,Boston Celtics,,Miami Heat,,,,,,Kaseya Center,
"Fri, Mar 14, 2025",7:00p,Indiana Pacers,,Philadelphia 76ers,,,,,,Wells Fargo Center,
Date,Start (ET),Visitor/Neutral,PTS,Home/Neutral,PTS,,,Attend.,LOG,Arena,Notes
"Fri, Mar 14, 2025",7:30p,Los Angeles Clippers,,Atlanta Hawks,,,,,,State Farm Arena,
"Fri, Mar 14, 2025",8:00p,Dallas Mavericks,,Houston Rockets,,,,,,Toyota Center,
"Fri, Mar 14, 2025",8:00p,Cleveland Cavaliers,,Memphis Grizzlies,,,,,,FedEx Forum,
"Fri, Mar 14, 2025",8:00p,Orlando Magic,,Minnesota Timberwolves,,,,,,Target Center,
"Fri, Mar 14, 2025",8:00p,Charlotte Hornets,,San Antonio Spurs,,,,,,Frost Bank Center,
"Fri, Mar 14, 2025",9:30p,Los Angeles Lakers,,Denver Nuggets,,,,,,Ball Arena,
"Fri, Mar 14, 2025",9:30p,Toronto Raptors,,Utah Jazz,,,,,,Delta Center,
"Fri, Mar 14, 2025",10:00p,Sacramento Kings,,Phoenix Suns,,,,,,Footprint Center,
"Sat, Mar 15, 2025",6:00p,Boston Celtics,,Brooklyn Nets,,,,,,Barclays Center,
"Sat, Mar 15, 2025",7:00p,Oklahoma City Thunder,,Detroit Pistons,,,,,,Little Caesars Arena,
"Sat, Mar 15, 2025",8:00p,Chicago Bulls,,Houston Rockets,,,,,,Toyota Center,
"Sat, Mar 15, 2025",8:00p,Miami Heat,,Memphis Grizzlies,,,,,,FedEx Forum,
"Sat, Mar 15, 2025",8:00p,Indiana Pacers,,Milwaukee Bucks,,,,,,Fiserv Forum,
"Sat, Mar 15, 2025",8:30p,New York Knicks,,Golden State Warriors,,,,,,Chase Center,
"Sat, Mar 15, 2025",8:30p,New Orleans Pelicans,,San Antonio Spurs,,,,,,Frost Bank Center,
"Sat, Mar 15, 2025",9:00p,Washington Wizards,,Denver Nuggets,,,,,,Ball Arena,
"Sun, Mar 16, 2025",1:00p,Philadelphia 76ers,,Dallas Mavericks,,,,,,American Airlines Center,
"Sun, Mar 16, 2025",3:30p,Phoenix Suns,,Los Angeles Lakers,,,,,,Crypto.com Arena,
"Sun, Mar 16, 2025",6:00p,Atlanta Hawks,,Brooklyn Nets,,,,,,Barclays Center,
"Sun, Mar 16, 2025",6:00p,Orlando Magic,,Cleveland Cavaliers,,,,,,Rocket Mortgage Fieldhouse,
"Sun, Mar 16, 2025",6:00p,Toronto Raptors,,Portland Trail Blazers,,,,,,Moda Center,
"Sun, Mar 16, 2025",7:00p,Utah Jazz,,Minnesota Timberwolves,,,,,,Target Center,
"Sun, Mar 16, 2025",9:00p,Oklahoma City Thunder,,Milwaukee Bucks,,,,,,Fiserv Forum,
"Sun, Mar 16, 2025",10:00p,Washington Wizards,,Los Angeles Clippers,,,,,,Intuit Dome,
"Mon, Mar 17, 2025",7:30p,Miami Heat,,New York Knicks,,,,,,Madison Square Garden (IV),
Date,Start (ET),Visitor/Neutral,PTS,Home/Neutral,PTS,,,Attend.,LOG,Arena,Notes
"Mon, Mar 17, 2025",8:00p,Philadelphia 76ers,,Houston Rockets,,,,,,Toyota Center,
"Mon, Mar 17, 2025",8:00p,Indiana Pacers,,Minnesota Timberwolves,,,,,,Target Center,
"Mon, Mar 17, 2025",8:00p,Detroit Pistons,,New Orleans Pelicans,,,,,,Smoothie King Center,
"Mon, Mar 17, 2025",8:00p,Orlando Magic,,San Antonio Spurs,,,,,,Frost Bank Center,
"Mon, Mar 17, 2025",9:00p,Chicago Bulls,,Utah Jazz,,,,,,Delta Center,
"Mon, Mar 17, 2025",10:00p,Denver Nuggets,,Golden State Warriors,,,,,,Chase Center,
"Mon, Mar 17, 2025",10:00p,Toronto Raptors,,Phoenix Suns,,,,,,Footprint Center,
"Mon, Mar 17, 2025",10:00p,Memphis Grizzlies,,Sacramento Kings,,,,,,Golden 1 Center,
"Tue, Mar 18, 2025",7:00p,Atlanta Hawks,,Charlotte Hornets,,,,,,Spectrum Center,
"Tue, Mar 18, 2025",7:30p,Brooklyn Nets,,Boston Celtics,,,,,,TD Garden,
"Tue, Mar 18, 2025",10:00p,Washington Wizards,,Portland Trail Blazers,,,,,,Moda Center,
"Tue, Mar 18, 2025",10:30p,Cleveland Cavaliers,,Los Angeles Clippers,,,,,,Intuit Dome,
"Tue, Mar 18, 2025",10:30p,Milwaukee Bucks,,Los Angeles Lakers,,,,,,Crypto.com Arena,
"Wed, Mar 19, 2025",7:00p,Dallas Mavericks,,Indiana Pacers,,,,,,Gainbridge Fieldhouse,
"Wed, Mar 19, 2025",7:00p,Houston Rockets,,Orlando Magic,,,,,,Kia Center,
"Wed, Mar 19, 2025",7:30p,Detroit Pistons,,Miami Heat,,,,,,Kaseya Center,
"Wed, Mar 19, 2025",7:30p,New Orleans Pelicans,,Minnesota Timberwolves,,,,,,Target Center,
"Wed, Mar 19, 2025",8:00p,Philadelphia 76ers,,Oklahoma City Thunder,,,,,,Paycom Center,
"Wed, Mar 19, 2025",8:00p,New York Knicks,,San Antonio Spurs,,,,,,Frost Bank Center,
"Wed, Mar 19, 2025",9:00p,Los Angeles Clippers,,Utah Jazz,,,,,,Delta Center,
"Wed, Mar 19, 2025",10:00p,Toronto Raptors,,Golden State Warriors,,,,,,Chase Center,
"Wed, Mar 19, 2025",10:00p,Denver Nuggets,,Los Angeles Lakers,,,,,,Crypto.com Arena,
"Wed, Mar 19, 2025",10:00p,Chicago Bulls,,Phoenix Suns,,,,,,Footprint Center,
"Wed, Mar 19, 2025",10:00p,Memphis Grizzlies,,Portland Trail Blazers,,,,,,Moda Center,
"Wed, Mar 19, 2025",10:00p,Cleveland Cavaliers,,Sacramento Kings,,,,,,Golden 1 Center,
Date,Start (ET),Visitor/Neutral,PTS,Home/Neutral,PTS,,,Attend.,LOG,Arena,Notes
"Thu, Mar 20, 2025",7:00p,New York Knicks,,Charlotte Hornets,,,,,,Spectrum Center,
"Thu, Mar 20, 2025",7:00p,Brooklyn Nets,,Indiana Pacers,,,,,,Gainbridge Fieldhouse,
"Thu, Mar 20, 2025",10:00p,Milwaukee Bucks,,Golden State Warriors,,,,,,Chase Center,
"Thu, Mar 20, 2025",10:00p,Chicago Bulls,,Sacramento Kings,,,,,,Golden 1 Center,
"Fri, Mar 21, 2025",7:00p,Orlando Magic,,Washington Wizards,,,,,,Capital One Arena,
"Fri, Mar 21, 2025",8:00p,Houston Rockets,,Miami Heat,,,,,,Kaseya Center,
"Fri, Mar 21, 2025",8:00p,New Orleans Pelicans,,Minnesota Timberwolves,,,,,,Target Center,
"Fri, Mar 21, 2025",8:00p,Charlotte Hornets,,Oklahoma City Thunder,,,,,,Paycom Center,
"Fri, Mar 21, 2025",8:00p,Philadelphia 76ers,,San Antonio Spurs,,,,,,Frost Bank Center,
"Fri, Mar 21, 2025",8:30p,Detroit Pistons,,Dallas Mavericks,,,,,,American Airlines Center,
"Fri, Mar 21, 2025",9:30p,Boston Celtics,,Utah Jazz,,,,,,Delta Center,
"Fri, Mar 21, 2025",10:00p,Cleveland Cavaliers,,Phoenix Suns,,,,,,Footprint Center,
"Fri, Mar 21, 2025",10:00p,Denver Nuggets,,Portland Trail Blazers,,,,,,Moda Center,
"Fri, Mar 21, 2025",10:30p,Memphis Grizzlies,,Los Angeles Clippers,,,,,,Intuit Dome,
"Sat, Mar 22, 2025",5:00p,Brooklyn Nets,,Indiana Pacers,,,,,,Gainbridge Fieldhouse,
"Sat, Mar 22, 2025",7:00p,Golden State Warriors,,Atlanta Hawks,,,,,,State Farm Arena,
"Sat, Mar 22, 2025",8:00p,Washington Wizards,,New York Knicks,,,,,,Madison Square Garden (IV),
"Sat, Mar 22, 2025",10:00p,Milwaukee Bucks,,Sacramento Kings,,,,,,Golden 1 Center,
"Sat, Mar 22, 2025",10:30p,Chicago Bulls,,Los Angeles Lakers,,,,,,Crypto.com Arena,
"Sun, Mar 23, 2025",3:00p,New Orleans Pelicans,,Detroit Pistons,,,,,,Little Caesars Arena,
"Sun, Mar 23, 2025",3:30p,Cleveland Cavaliers,,Utah Jazz,,,,,,Delta Center,
"Sun, Mar 23, 2025",6:00p,Philadelphia 76ers,,Atlanta Hawks,,,,,,State Farm Arena,
"Sun, Mar 23, 2025",6:00p,Charlotte Hornets,,Miami Heat,,,,,,Kaseya Center,
"Sun, Mar 23, 2025",6:00p,Boston Celtics,,Portland Trail Blazers,,,,,,Moda Center,
"Sun, Mar 23, 2025",6:00p,San Antonio Spurs,,Toronto Raptors,,,,,,Scotiabank Arena,
Date,Start (ET),Visitor/Neutral,PTS,Home/Neutral,PTS,,,Attend.,LOG,Arena,Notes
"Sun, Mar 23, 2025",7:00p,Denver Nuggets,,Houston Rockets,,,,,,Toyota Center,
"Sun, Mar 23, 2025",9:00p,Oklahoma City Thunder,,Los Angeles Clippers,,,,,,Intuit Dome,
"Mon, Mar 24, 2025",7:00p,Minnesota Timberwolves,,Indiana Pacers,,,,,,Gainbridge Fieldhouse,
"Mon, Mar 24, 2025",7:00p,Los Angeles Lakers,,Orlando Magic,,,,,,Kia Center,
"Mon, Mar 24, 2025",7:00p,Toronto Raptors,,Washington Wizards,,,,,,Capital One Arena,
"Mon, Mar 24, 2025",7:30p,Dallas Mavericks,,Brooklyn Nets,,,,,,Barclays Center,
"Mon, Mar 24, 2025",8:00p,Philadelphia 76ers,,New Orleans Pelicans,,,,,,Smoothie King Center,
"Mon, Mar 24, 2025",9:00p,Chicago Bulls,,Denver Nuggets,,,,,,Ball Arena,
"Mon, Mar 24, 2025",10:00p,Milwaukee Bucks,,Phoenix Suns,,,,,,Footprint Center,
"Mon, Mar 24, 2025",10:00p,Boston Celtics,,Sacramento Kings,,,,,,Golden 1 Center,
"Tue, Mar 25, 2025",7:00p,Orlando Magic,,Charlotte Hornets,,,,,,Spectrum Center,
"Tue, Mar 25, 2025",7:00p,San Antonio Spurs,,Detroit Pistons,,,,,,Little Caesars Arena,
"Tue, Mar 25, 2025",7:30p,Golden State Warriors,,Miami Heat,,,,,,Kaseya Center,
"Tue, Mar 25, 2025",7:30p,Dallas Mavericks,,New York Knicks,,,,,,Madison Square Garden (IV),
"Tue, Mar 25, 2025",8:00p,Atlanta Hawks,,Houston Rockets,,,,,,Toyota Center,
"Tue, Mar 25, 2025",9:00p,Memphis Grizzlies,,Utah Jazz,,,,,,Delta Center,
"Tue, Mar 25, 2025",10:00p,Cleveland Cavaliers,,Portland Trail Blazers,,,,,,Moda Center,
"Tue, Mar 25, 2025",10:00p,Oklahoma City Thunder,,Sacramento Kings,,,,,,Golden 1 Center,
"Wed, Mar 26, 2025",7:00p,Washington Wizards,,Philadelphia 76ers,,,,,,Wells Fargo Center,
"Wed, Mar 26, 2025",7:30p,Toronto Raptors,,Brooklyn Nets,,,,,,Barclays Center,
"Wed, Mar 26, 2025",7:30p,Los Angeles Lakers,,Indiana Pacers,,,,,,Gainbridge Fieldhouse,
"Wed, Mar 26, 2025",7:30p,Los Angeles Clippers,,New York Knicks,,,,,,Madison Square Garden (IV),
"Wed, Mar 26, 2025",9:00p,Milwaukee Bucks,,Denver Nuggets,,,,,,Ball Arena,
"Wed, Mar 26, 2025",10:00p,Boston Celtics,,Phoenix Suns,,,,,,Footprint Center,
"Thu, Mar 27, 2025",7:00p,San Antonio Spurs,,Cleveland Cavaliers,,,,,,Rocket Mortgage Fieldhouse,
Date,Start (ET),Visitor/Neutral,PTS,Home/Neutral,PTS,,,Attend.,LOG,Arena,Notes
"Thu, Mar 27, 2025",7:00p,Dallas Mavericks,,Orlando Magic,,,,,,Kia Center,
"Thu, Mar 27, 2025",7:00p,Indiana Pacers,,Washington Wizards,,,,,,Capital One Arena,
"Thu, Mar 27, 2025",7:30p,Atlanta Hawks,,Miami Heat,,,,,,Kaseya Center,
"Thu, Mar 27, 2025",8:00p,Los Angeles Lakers,,Chicago Bulls,,,,,,United Center,
"Thu, Mar 27, 2025",8:00p,Memphis Grizzlies,,Oklahoma City Thunder,,,,,,Paycom Center,
"Thu, Mar 27, 2025",9:00p,Houston Rockets,,Utah Jazz,,,,,,Delta Center,
"Thu, Mar 27, 2025",10:00p,Portland Trail Blazers,,Sacramento Kings,,,,,,Golden 1 Center,
"Fri, Mar 28, 2025",7:00p,Cleveland Cavaliers,,Detroit Pistons,,,,,,Little Caesars Arena,
"Fri, Mar 28, 2025",7:30p,Los Angeles Clippers,,Brooklyn Nets,,,,,,Barclays Center,
"Fri, Mar 28, 2025",7:30p,Charlotte Hornets,,Toronto Raptors,,,,,,Scotiabank Arena,
"Fri, Mar 28, 2025",8:00p,New York Knicks,,Milwaukee Bucks,,,,,,Fiserv Forum,
"Fri, Mar 28, 2025",8:00p,Phoenix Suns,,Minnesota Timberwolves,,,,,,Target Center,
"Fri, Mar 28, 2025",8:00p,Golden State Warriors,,New Orleans Pelicans,,,,,,Smoothie King Center,
"Fri, Mar 28, 2025",9:00p,Utah Jazz,,Denver Nuggets,,,,,,Ball Arena,
"Sat, Mar 29, 2025",5:00p,Sacramento Kings,,Orlando Magic,,,,,,Kia Center,
"Sat, Mar 29, 2025",7:00p,Brooklyn Nets,,Washington Wizards,,,,,,Capital One Arena,
"Sat, Mar 29, 2025",7:30p,Miami Heat,,Philadelphia 76ers,,,,,,Wells Fargo Center,
"Sat, Mar 29, 2025",8:00p,Dallas Mavericks,,Chicago Bulls,,,,,,United Center,
"Sat, Mar 29, 2025",8:00p,Los Angeles Lakers,,Memphis Grizzlies,,,,,,FedEx Forum,
"Sat, Mar 29, 2025",8:00p,Indiana Pacers,,Oklahoma City Thunder,,,,,,Paycom Center,
"Sat, Mar 29, 2025",8:00p,Boston Celtics,,San Antonio Spurs,,,,,,Frost Bank Center,
"Sun, Mar 30, 2025",3:30p,Los Angeles Clippers,,Cleveland Cavaliers,,,,,,Rocket Mortgage Fieldhouse,
"Sun, Mar 30, 2025",6:00p,Portland Trail Blazers,,New York Knicks,,,,,,Madison Square Garden (IV),
"Sun, Mar 30, 2025",7:00p,Atlanta Hawks,,Milwaukee Bucks,,,,,,Fiserv Forum,
"Sun, Mar 30, 2025",7:00p,Detroit Pistons,,Minnesota Timberwolves,,,,,,Target Center,
Date,Start (ET),Visitor/Neutral,PTS,Home/Neutral,PTS,,,Attend.,LOG,Arena,Notes
"Sun, Mar 30, 2025",7:00p,Charlotte Hornets,,New Orleans Pelicans,,,,,,Smoothie King Center,
"Sun, Mar 30, 2025",7:00p,Golden State Warriors,,San Antonio Spurs,,,,,,Frost Bank Center,
"Sun, Mar 30, 2025",7:30p,Toronto Raptors,,Philadelphia 76ers,,,,,,Wells Fargo Center,
"Sun, Mar 30, 2025",9:00p,Houston Rockets,,Phoenix Suns,,,,,,Footprint Center,
"Mon, Mar 31, 2025",7:00p,Utah Jazz,,Charlotte Hornets,,,,,,Spectrum Center,
"Mon, Mar 31, 2025",7:00p,Sacramento Kings,,Indiana Pacers,,,,,,Gainbridge Fieldhouse,
"Mon, Mar 31, 2025",7:00p,Los Angeles Clippers,,Orlando Magic,,,,,,Kia Center,
"Mon, Mar 31, 2025",7:00p,Miami Heat,,Washington Wizards,,,,,,Capital One Arena,
"Mon, Mar 31, 2025",8:00p,Boston Celtics,,Memphis Grizzlies,,,,,,FedEx Forum,
"Mon, Mar 31, 2025",8:00p,Chicago Bulls,,Oklahoma City Thunder,,,,,,Paycom Center,
"Mon, Mar 31, 2025",8:30p,Brooklyn Nets,,Dallas Mavericks,,,,,,American Airlines Center,
"Mon, Mar 31, 2025",10:30p,Houston Rockets,,Los Angeles Lakers,,,,,,Crypto.com Arena,
"Fri, Nov 1, 2024",7:00p,Boston Celtics,124,Charlotte Hornets,109,Box Score,,"18,557",2:17,Spectrum Center,
"Fri, Nov 1, 2024",7:00p,Orlando Magic,109,Cleveland Cavaliers,120,Box Score,,"19,432",2:20,Rocket Mortgage Fieldhouse,
"Fri, Nov 1, 2024",7:00p,New York Knicks,128,Detroit Pistons,98,Box Score,,"17,022",1:55,Little Caesars Arena,
"Fri, Nov 1, 2024",7:30p,Sacramento Kings,123,Atlanta Hawks,115,Box Score,,"15,156",2:16,State Farm Arena,
"Fri, Nov 1, 2024",7:30p,Chicago Bulls,112,Brooklyn Nets,120,Box Score,,"17,977",2:07,Barclays Center,
"Fri, Nov 1, 2024",7:30p,Los Angeles Lakers,131,Toronto Raptors,125,Box Score,,"19,800",2:25,Scotiabank Arena,
"Fri, Nov 1, 2024",8:00p,Indiana Pacers,118,New Orleans Pelicans,125,Box Score,,"15,133",2:10,Smoothie King Center,
"Fri, Nov 1, 2024",9:30p,Denver Nuggets,116,Minnesota Timberwolves,119,Box Score,,"18,978",2:25,Target Center,
"Fri, Nov 1, 2024",10:00p,Oklahoma City Thunder,137,Portland Trail Blazers,114,Box Score,,"17,815",2:11,Moda Center,
"Sat, Nov 2, 2024",6:00p,Boston Celtics,113,Charlotte Hornets,103,Box Score,,"19,253",2:09,Spectrum Center,
"Sat, Nov 2, 2024",7:30p,Memphis Grizzlies,124,Philadelphia 76ers,107,Box Score,,"20,066",2:12,Wells Fargo Center,
"Sat, Nov 2, 2024",7:30p,Sacramento Kings,128,Toronto Raptors,131,Box Score,OT,"19,815",2:58,Scotiabank Arena,
"Sat, Nov 2, 2024",8:00p,Golden State Warriors,127,Houston Rockets,121,Box Score,OT,"18,055",2:43,Toyota Center,
"Sat, Nov 2, 2024",8:00p,Cleveland Cavaliers,114,Milwaukee Bucks,113,Box Score,,"17,341",2:15,Fiserv Forum,
"Sat, Nov 2, 2024",8:00p,Minnesota Timberwolves,103,San Antonio Spurs,113,Box Score,,"18,257",2:12,Frost Bank Center,
"Sat, Nov 2, 2024",9:30p,Miami Heat,118,Washington Wizards,98,Box Score,,"20,328",2:16,Mexico City Arena,
"Sat, Nov 2, 2024",10:00p,Utah Jazz,103,Denver Nuggets,129,Box Score,,"19,702",2:28,Ball Arena,
"Sat, Nov 2, 2024",10:00p,Portland Trail Blazers,97,Phoenix Suns,103,Box Score,,"17,071",2:08,Footprint Center,
"Sat, Nov 2, 2024",10:30p,Oklahoma City Thunder,105,Los Angeles Clippers,92,Box Score,,"16,827",2:11,Intuit Dome,
"Sun, Nov 3, 2024",3:30p,Detroit Pistons,106,Brooklyn Nets,92,Box Score,,"17,086",2:22,Barclays Center,
"Sun, Nov 3, 2024",7:00p,Atlanta Hawks,126,New Orleans Pelicans,111,Box Score,,"15,505",2:07,Smoothie King Center,
"Sun, Nov 3, 2024",7:30p,Orlando Magic,85,Dallas Mavericks,108,Box Score,,"19,977",2:19,American Airlines Center,
"Mon, Nov 4, 2024",7:00p,Milwaukee Bucks,114,Cleveland Cavaliers,116,Box Score,,"19,432",2:02,Rocket Mortgage Fieldhouse,
"Mon, Nov 4, 2024",7:15p,Golden State Warriors,125,Washington Wizards,112,Box Score,,"15,674",2:20,Capital One Arena,
"Mon, Nov 4, 2024",7:30p,Los Angeles Lakers,103,Detroit Pistons,115,Box Score,,"20,062",2:15,Little Caesars Arena,
Date,Start (ET),Visitor/Neutral,PTS,Home/Neutral,PTS,,,Attend.,LOG,Arena,Notes
"Mon, Nov 4, 2024",7:45p,Boston Celtics,123,Atlanta Hawks,93,Box Score,,"15,031",1:56,State Farm Arena,
"Mon, Nov 4, 2024",8:00p,Memphis Grizzlies,104,Brooklyn Nets,106,Box Score,,"18,088",2:14,Barclays Center,
"Mon, Nov 4, 2024",8:15p,Sacramento Kings,111,Miami Heat,110,Box Score,,"19,604",2:20,Kaseya Center,
"Mon, Nov 4, 2024",8:30p,Utah Jazz,135,Chicago Bulls,126,Box Score,,"19,621",2:22,United Center,
"Mon, Nov 4, 2024",8:45p,New York Knicks,97,Houston Rockets,109,Box Score,,"16,417",2:08,Toyota Center,
"Mon, Nov 4, 2024",9:00p,Charlotte Hornets,93,Minnesota Timberwolves,114,Box Score,,"18,978",2:15,Target Center,
"Mon, Nov 4, 2024",9:15p,Orlando Magic,86,Oklahoma City Thunder,102,Box Score,,"17,044",2:15,Paycom Center,
"Mon, Nov 4, 2024",9:30p,Portland Trail Blazers,118,New Orleans Pelicans,100,Box Score,,"14,932",2:07,Smoothie King Center,
"Mon, Nov 4, 2024",9:45p,Indiana Pacers,134,Dallas Mavericks,127,Box Score,,"19,613",2:12,American Airlines Center,
"Mon, Nov 4, 2024",10:00p,Toronto Raptors,119,Denver Nuggets,121,Box Score,,"19,525",2:19,Ball Arena,
"Mon, Nov 4, 2024",10:15p,Philadelphia 76ers,116,Phoenix Suns,118,Box Score,,"17,071",2:18,Footprint Center,
"Mon, Nov 4, 2024",10:30p,San Antonio Spurs,104,Los Angeles Clippers,113,Box Score,,"15,927",2:05,Intuit Dome,
"Wed, Nov 6, 2024",7:00p,Detroit Pistons,107,Charlotte Hornets,108,Box Score,,"13,247",2:11,Spectrum Center,
"Wed, Nov 6, 2024",7:00p,Orlando Magic,111,Indiana Pacers,118,Box Score,,"16,218",2:20,Gainbridge Fieldhouse,
"Wed, Nov 6, 2024",7:30p,New York Knicks,116,Atlanta Hawks,121,Box Score,,"16,072",2:16,State Farm Arena,
"Wed, Nov 6, 2024",7:30p,Golden State Warriors,118,Boston Celtics,112,Box Score,,"19,156",2:21,TD Garden,
"Wed, Nov 6, 2024",8:00p,San Antonio Spurs,100,Houston Rockets,127,Box Score,,"16,208",1:59,Toyota Center,
"Wed, Nov 6, 2024",8:00p,Los Angeles Lakers,114,Memphis Grizzlies,131,Box Score,,"17,794",2:11,FedEx Forum,
"Wed, Nov 6, 2024",8:00p,Cleveland Cavaliers,131,New Orleans Pelicans,122,Box Score,,"15,694",2:11,Smoothie King Center,
"Wed, Nov 6, 2024",8:30p,Chicago Bulls,99,Dallas Mavericks,119,Box Score,,"20,011",2:09,American Airlines Center,
"Wed, Nov 6, 2024",9:00p,Oklahoma City Thunder,122,Denver Nuggets,124,Box Score,,"19,522",2:19,Ball Arena,
"Wed, Nov 6, 2024",9:00p,Miami Heat,112,Phoenix Suns,115,Box Score,,"17,071",2:20,Footprint Center,
"Wed, Nov 6, 2024",10:00p,Philadelphia 76ers,98,Los Angeles Clippers,110,Box Score,,"15,627",2:21,Intuit Dome,
"Wed, Nov 6, 2024",10:00p,Toronto Raptors,107,Sacramento Kings,122,Box Score,,"16,026",2:11,Golden 1 Center,
"Thu, Nov 7, 2024",8:00p,Minnesota Timberwolves,135,Chicago Bulls,119,Box Score,,"19,621",2:03,United Center,
Date,Start (ET),Visitor/Neutral,PTS,Home/Neutral,PTS,,,Attend.,LOG,Arena,Notes
"Thu, Nov 7, 2024",8:00p,Utah Jazz,100,Milwaukee Bucks,123,Box Score,,"17,341",,Fiserv Forum,
"Thu, Nov 7, 2024",8:00p,Portland Trail Blazers,105,San Antonio Spurs,118,Box Score,,"17,120",2:09,Frost Bank Center,
"Fri, Nov 8, 2024",7:00p,Indiana Pacers,83,Charlotte Hornets,103,Box Score,,"17,024",2:13,Spectrum Center,
"Fri, Nov 8, 2024",7:00p,Atlanta Hawks,121,Detroit Pistons,122,Box Score,,"17,913",2:19,Little Caesars Arena,
"Fri, Nov 8, 2024",7:00p,New Orleans Pelicans,88,Orlando Magic,115,Box Score,,"18,565",2:07,Kia Center,
"Fri, Nov 8, 2024",7:30p,Brooklyn Nets,104,Boston Celtics,108,Box Score,OT,"19,156",2:26,TD Garden,
"Fri, Nov 8, 2024",7:30p,Golden State Warriors,117,Cleveland Cavaliers,136,Box Score,,"19,432",2:10,Rocket Mortgage Fieldhouse,
"Fri, Nov 8, 2024",7:30p,Phoenix Suns,114,Dallas Mavericks,113,Box Score,,"20,277",2:21,American Airlines Center,
"Fri, Nov 8, 2024",7:30p,Milwaukee Bucks,94,New York Knicks,116,Box Score,,"19,812",2:07,Madison Square Garden (IV),
"Fri, Nov 8, 2024",8:00p,Washington Wizards,104,Memphis Grizzlies,128,Box Score,,"16,216",2:23,FedEx Forum,
"Fri, Nov 8, 2024",8:00p,Houston Rockets,107,Oklahoma City Thunder,126,Box Score,,"18,203",2:14,Paycom Center,
"Fri, Nov 8, 2024",9:00p,Miami Heat,122,Denver Nuggets,135,Box Score,,"19,621",2:11,Ball Arena,
"Fri, Nov 8, 2024",9:00p,Portland Trail Blazers,102,Minnesota Timberwolves,127,Box Score,,"18,978",2:08,Target Center,
"Fri, Nov 8, 2024",10:00p,Philadelphia 76ers,106,Los Angeles Lakers,116,Box Score,,"18,485",2:15,Crypto.com Arena,
"Fri, Nov 8, 2024",10:00p,Los Angeles Clippers,107,Sacramento Kings,98,Box Score,,"17,832",2:26,Golden 1 Center,
"Sat, Nov 9, 2024",5:00p,Utah Jazz,111,San Antonio Spurs,110,Box Score,,"18,354",2:22,Frost Bank Center,
"Sat, Nov 9, 2024",7:30p,Chicago Bulls,125,Atlanta Hawks,113,Box Score,,"17,826",2:17,State Farm Arena,
"Sat, Nov 9, 2024",7:30p,Brooklyn Nets,100,Cleveland Cavaliers,105,Box Score,,"19,432",2:17,Rocket Mortgage Fieldhouse,
"Sat, Nov 9, 2024",10:30p,Toronto Raptors,103,Los Angeles Clippers,105,Box Score,,"17,927",2:23,Intuit Dome,
"Sun, Nov 10, 2024",3:00p,Houston Rockets,101,Detroit Pistons,99,Box Score,,"18,744",2:21,Little Caesars Arena,
"Sun, Nov 10, 2024",3:30p,Boston Celtics,113,Milwaukee Bucks,107,Box Score,,"17,341",2:16,Fiserv Forum,
"Sun, Nov 10, 2024",5:00p,New York Knicks,121,Indiana Pacers,132,Box Score,,"17,274",2:22,Gainbridge Fieldhouse,
"Sun, Nov 10, 2024",6:00p,Washington Wizards,94,Orlando Magic,121,Box Score,,"18,352",2:20,Kia Center,
"Sun, Nov 10, 2024",7:00p,Miami Heat,95,Minnesota Timberwolves,94,Box Score,,"18,978",2:28,Target Center,
"Sun, Nov 10, 2024",7:00p,Golden State Warriors,127,Oklahoma City Thunder,116,Box Score,,"18,203",2:20,Paycom Center,
Date,Start (ET),Visitor/Neutral,PTS,Home/Neutral,PTS,,,Attend.,LOG,Arena,Notes
"Sun, Nov 10, 2024",7:00p,Charlotte Hornets,105,Philadelphia 76ers,107,Box Score,OT,"19,764",2:47,Wells Fargo Center,
"Sun, Nov 10, 2024",8:00p,Dallas Mavericks,120,Denver Nuggets,122,Box Score,,"19,908",2:11,Ball Arena,
"Sun, Nov 10, 2024",8:00p,Sacramento Kings,127,Phoenix Suns,118,Box Score,OT,"17,071",2:31,Footprint Center,
"Sun, Nov 10, 2024",9:00p,Memphis Grizzlies,134,Portland Trail Blazers,89,Box Score,,"18,477",2:05,Moda Center,
"Sun, Nov 10, 2024",9:30p,Toronto Raptors,103,Los Angeles Lakers,123,Box Score,,"18,997",2:25,Crypto.com Arena,
"Mon, Nov 11, 2024",8:00p,Cleveland Cavaliers,119,Chicago Bulls,113,Box Score,,"20,560",2:06,United Center,
"Mon, Nov 11, 2024",8:00p,Washington Wizards,92,Houston Rockets,107,Box Score,,"15,998",2:16,Toyota Center,
"Mon, Nov 11, 2024",8:00p,Brooklyn Nets,107,New Orleans Pelicans,105,Box Score,,"16,895",2:18,Smoothie King Center,
"Mon, Nov 11, 2024",8:00p,Los Angeles Clippers,128,Oklahoma City Thunder,134,Box Score,,"17,430",2:25,Paycom Center,
"Mon, Nov 11, 2024",8:00p,Sacramento Kings,96,San Antonio Spurs,116,Box Score,,"17,163",2:03,Frost Bank Center,
"Tue, Nov 12, 2024",7:00p,Atlanta Hawks,117,Boston Celtics,116,Box Score,,"19,156",2:13,TD Garden,In-Season Tournament
"Tue, Nov 12, 2024",7:00p,Miami Heat,121,Detroit Pistons,123,Box Score,OT,"17,806",2:36,Little Caesars Arena,In-Season Tournament
"Tue, Nov 12, 2024",7:00p,Charlotte Hornets,89,Orlando Magic,114,Box Score,,"17,541",2:12,Kia Center,In-Season Tournament
"Tue, Nov 12, 2024",7:30p,New York Knicks,111,Philadelphia 76ers,99,Box Score,,"19,758",2:24,Wells Fargo Center,In-Season Tournament
"Tue, Nov 12, 2024",8:00p,Toronto Raptors,85,Milwaukee Bucks,99,Box Score,,"17,341",2:14,Fiserv Forum,In-Season Tournament
"Tue, Nov 12, 2024",9:00p,Phoenix Suns,120,Utah Jazz,112,Box Score,,"18,175",2:05,Delta Center,In-Season Tournament
"Tue, Nov 12, 2024",10:00p,Dallas Mavericks,117,Golden State Warriors,120,Box Score,,"18,064",2:25,Chase Center,In-Season Tournament
"Tue, Nov 12, 2024",10:00p,Minnesota Timberwolves,108,Portland Trail Blazers,122,Box Score,,"16,880",2:14,Moda Center,In-Season Tournament
"Wed, Nov 13, 2024",7:00p,Indiana Pacers,90,Orlando Magic,94,Box Score,,"17,087",2:10,Kia Center,
"Wed, Nov 13, 2024",7:30p,Boston Celtics,139,Brooklyn Nets,114,Box Score,,"18,112",2:10,Barclays Center,
"Wed, Nov 13, 2024",7:30p,Chicago Bulls,124,New York Knicks,123,Box Score,,"19,812",2:16,Madison Square Garden (IV),
"Wed, Nov 13, 2024",7:30p,New Orleans Pelicans,88,Oklahoma City Thunder,106,Box Score,,"17,180",2:12,Paycom Center,
"Wed, Nov 13, 2024",7:30p,Cleveland Cavaliers,114,Philadelphia 76ers,106,Box Score,,"19,777",1:59,Wells Fargo Center,
"Wed, Nov 13, 2024",8:00p,Los Angeles Clippers,103,Houston Rockets,111,Box Score,,"16,493",2:06,Toyota Center,
"Wed, Nov 13, 2024",8:00p,Detroit Pistons,120,Milwaukee Bucks,127,Box Score,OT,"17,341",2:43,Fiserv Forum,
Date,Start (ET),Visitor/Neutral,PTS,Home/Neutral,PTS,,,Attend.,LOG,Arena,Notes
"Wed, Nov 13, 2024",8:00p,Washington Wizards,130,San Antonio Spurs,139,Box Score,,"16,602",2:22,Frost Bank Center,
"Wed, Nov 13, 2024",10:00p,Memphis Grizzlies,123,Los Angeles Lakers,128,Box Score,,"18,997",2:31,Crypto.com Arena,
"Wed, Nov 13, 2024",10:00p,Minnesota Timberwolves,98,Portland Trail Blazers,106,Box Score,,"17,353",2:13,Moda Center,
"Wed, Nov 13, 2024",10:00p,Phoenix Suns,104,Sacramento Kings,127,Box Score,,"16,204",2:02,Golden 1 Center,
"Thu, Nov 14, 2024",9:00p,Dallas Mavericks,113,Utah Jazz,115,Box Score,,"18,175",2:10,Delta Center,
"Fri, Nov 15, 2024",7:00p,Miami Heat,124,Indiana Pacers,111,Box Score,,"17,274",2:10,Gainbridge Fieldhouse,In-Season Tournament
"Fri, Nov 15, 2024",7:00p,Philadelphia 76ers,86,Orlando Magic,98,Box Score,,"17,843",2:25,Kia Center,In-Season Tournament
"Fri, Nov 15, 2024",7:00p,Detroit Pistons,99,Toronto Raptors,95,Box Score,,"19,245",2:20,Scotiabank Arena,In-Season Tournament
"Fri, Nov 15, 2024",7:30p,Washington Wizards,117,Atlanta Hawks,129,Box Score,,"16,038",2:15,State Farm Arena,In-Season Tournament
"Fri, Nov 15, 2024",7:30p,Chicago Bulls,126,Cleveland Cavaliers,144,Box Score,,"19,432",2:11,Rocket Mortgage Fieldhouse,In-Season Tournament
"Fri, Nov 15, 2024",7:30p,Brooklyn Nets,122,New York Knicks,124,Box Score,,"19,812",2:43,Madison Square Garden (IV),In-Season Tournament
"Fri, Nov 15, 2024",7:30p,Los Angeles Lakers,120,San Antonio Spurs,115,Box Score,,"18,916",2:18,Frost Bank Center,In-Season Tournament
"Fri, Nov 15, 2024",8:00p,Los Angeles Clippers,104,Houston Rockets,125,Box Score,,"18,055",2:13,Toyota Center,In-Season Tournament
"Fri, Nov 15, 2024",8:00p,Denver Nuggets,94,New Orleans Pelicans,101,Box Score,,"16,137",2:04,Smoothie King Center,In-Season Tournament
"Fri, Nov 15, 2024",8:00p,Phoenix Suns,83,Oklahoma City Thunder,99,Box Score,,"18,203",2:17,Paycom Center,In-Season Tournament
"Fri, Nov 15, 2024",10:00p,Memphis Grizzlies,118,Golden State Warriors,123,Box Score,,"18,064",2:35,Chase Center,In-Season Tournament
"Fri, Nov 15, 2024",10:00p,Minnesota Timberwolves,130,Sacramento Kings,126,Box Score,OT,"16,478",2:25,Golden 1 Center,In-Season Tournament
"Sat, Nov 16, 2024",3:00p,Milwaukee Bucks,114,Charlotte Hornets,115,Box Score,,"19,145",2:15,Spectrum Center,
"Sat, Nov 16, 2024",8:00p,Toronto Raptors,123,Boston Celtics,126,Box Score,OT,"19,156",2:27,TD Garden,
"Sat, Nov 16, 2024",8:00p,Los Angeles Lakers,104,New Orleans Pelicans,99,Box Score,,"18,761",2:12,Smoothie King Center,
"Sat, Nov 16, 2024",8:30p,San Antonio Spurs,93,Dallas Mavericks,110,Box Score,,"20,311",2:10,American Airlines Center,
"Sat, Nov 16, 2024",10:00p,Utah Jazz,117,Sacramento Kings,121,Box Score,,"16,568",2:35,Golden 1 Center,
"Sun, Nov 17, 2024",3:30p,Phoenix Suns,,Minnesota Timberwolves,,,,,,Target Center,
"Sun, Nov 17, 2024",5:00p,Miami Heat,,Indiana Pacers,,,,,,Gainbridge Fieldhouse,
"Sun, Nov 17, 2024",6:00p,Charlotte Hornets,,Cleveland Cavaliers,,,,,,Rocket Mortgage Fieldhouse,
Date,Start (ET),Visitor/Neutral,PTS,Home/Neutral,PTS,,,Attend.,LOG,Arena,Notes
"Sun, Nov 17, 2024",6:00p,Denver Nuggets,,Memphis Grizzlies,,,,,,FedEx Forum,
"Sun, Nov 17, 2024",6:00p,Atlanta Hawks,,Portland Trail Blazers,,,,,,Moda Center,
"Sun, Nov 17, 2024",6:00p,Detroit Pistons,,Washington Wizards,,,,,,Capital One Arena,
"Sun, Nov 17, 2024",7:00p,Houston Rockets,,Chicago Bulls,,,,,,United Center,
"Sun, Nov 17, 2024",7:00p,Brooklyn Nets,,New York Knicks,,,,,,Madison Square Garden (IV),
"Sun, Nov 17, 2024",7:00p,Dallas Mavericks,,Oklahoma City Thunder,,,,,,Paycom Center,
"Sun, Nov 17, 2024",9:00p,Utah Jazz,,Los Angeles Clippers,,,,,,Intuit Dome,
"Mon, Nov 18, 2024",7:00p,Chicago Bulls,,Detroit Pistons,,,,,,Little Caesars Arena,
"Mon, Nov 18, 2024",7:30p,Philadelphia 76ers,,Miami Heat,,,,,,Kaseya Center,
"Mon, Nov 18, 2024",7:30p,Washington Wizards,,New York Knicks,,,,,,Madison Square Garden (IV),
"Mon, Nov 18, 2024",7:30p,Indiana Pacers,,Toronto Raptors,,,,,,Scotiabank Arena,
"Mon, Nov 18, 2024",8:00p,Houston Rockets,,Milwaukee Bucks,,,,,,Fiserv Forum,
"Mon, Nov 18, 2024",9:00p,Orlando Magic,,Phoenix Suns,,,,,,Footprint Center,
"Mon, Nov 18, 2024",10:00p,Atlanta Hawks,,Sacramento Kings,,,,,,Golden 1 Center,
"Mon, Nov 18, 2024",10:30p,Golden State Warriors,,Los Angeles Clippers,,,,,,Intuit Dome,
"Tue, Nov 19, 2024",7:00p,Cleveland Cavaliers,,Boston Celtics,,,,,,TD Garden,In-Season Tournament
"Tue, Nov 19, 2024",7:30p,Charlotte Hornets,,Brooklyn Nets,,,,,,Barclays Center,In-Season Tournament
"Tue, Nov 19, 2024",8:00p,Denver Nuggets,,Memphis Grizzlies,,,,,,FedEx Forum,In-Season Tournament
"Tue, Nov 19, 2024",8:30p,New Orleans Pelicans,,Dallas Mavericks,,,,,,American Airlines Center,In-Season Tournament
"Tue, Nov 19, 2024",9:30p,Oklahoma City Thunder,,San Antonio Spurs,,,,,,Frost Bank Center,In-Season Tournament
"Tue, Nov 19, 2024",10:30p,Utah Jazz,,Los Angeles Lakers,,,,,,Crypto.com Arena,In-Season Tournament
"Wed, Nov 20, 2024",7:30p,New Orleans Pelicans,,Cleveland Cavaliers,,,,,,Rocket Mortgage Fieldhouse,
"Wed, Nov 20, 2024",7:30p,Chicago Bulls,,Milwaukee Bucks,,,,,,Fiserv Forum,
"Wed, Nov 20, 2024",8:00p,Indiana Pacers,,Houston Rockets,,,,,,Toyota Center,
"Wed, Nov 20, 2024",8:00p,Philadelphia 76ers,,Memphis Grizzlies,,,,,,FedEx Forum,
Date,Start (ET),Visitor/Neutral,PTS,Home/Neutral,PTS,,,Attend.,LOG,Arena,Notes
"Wed, Nov 20, 2024",8:00p,Portland Trail Blazers,,Oklahoma City Thunder,,,,,,Paycom Center,
"Wed, Nov 20, 2024",10:00p,Atlanta Hawks,,Golden State Warriors,,,,,,Chase Center,
"Wed, Nov 20, 2024",10:00p,New York Knicks,,Phoenix Suns,,,,,,Footprint Center,
"Wed, Nov 20, 2024",10:30p,Orlando Magic,,Los Angeles Clippers,,,,,,Intuit Dome,
"Thu, Nov 21, 2024",7:00p,Detroit Pistons,,Charlotte Hornets,,,,,,Spectrum Center,
"Thu, Nov 21, 2024",7:30p,Minnesota Timberwolves,,Toronto Raptors,,,,,,Scotiabank Arena,
"Thu, Nov 21, 2024",8:00p,Utah Jazz,,San Antonio Spurs,,,,,,Frost Bank Center,
"Thu, Nov 21, 2024",10:30p,Orlando Magic,,Los Angeles Lakers,,,,,,Crypto.com Arena,
"Fri, Nov 22, 2024",7:00p,Brooklyn Nets,,Philadelphia 76ers,,,,,,Wells Fargo Center,In-Season Tournament
"Fri, Nov 22, 2024",7:00p,Boston Celtics,,Washington Wizards,,,,,,Capital One Arena,In-Season Tournament
"Fri, Nov 22, 2024",7:30p,Golden State Warriors,,New Orleans Pelicans,,,,,,Smoothie King Center,In-Season Tournament
"Fri, Nov 22, 2024",8:00p,Atlanta Hawks,,Chicago Bulls,,,,,,United Center,In-Season Tournament
"Fri, Nov 22, 2024",8:00p,Portland Trail Blazers,,Houston Rockets,,,,,,Toyota Center,In-Season Tournament
"Fri, Nov 22, 2024",8:00p,Indiana Pacers,,Milwaukee Bucks,,,,,,Fiserv Forum,In-Season Tournament
"Fri, Nov 22, 2024",10:00p,Dallas Mavericks,,Denver Nuggets,,,,,,Ball Arena,In-Season Tournament
"Fri, Nov 22, 2024",10:30p,Sacramento Kings,,Los Angeles Clippers,,,,,,Intuit Dome,In-Season Tournament
"Sat, Nov 23, 2024",5:00p,New York Knicks,,Utah Jazz,,,,,,Delta Center,
"Sat, Nov 23, 2024",7:00p,Detroit Pistons,,Orlando Magic,,,,,,Kia Center,
"Sat, Nov 23, 2024",8:00p,Memphis Grizzlies,,Chicago Bulls,,,,,,United Center,
"Sat, Nov 23, 2024",8:00p,Portland Trail Blazers,,Houston Rockets,,,,,,Toyota Center,
"Sat, Nov 23, 2024",8:00p,Charlotte Hornets,,Milwaukee Bucks,,,,,,Fiserv Forum,
"Sat, Nov 23, 2024",8:30p,Golden State Warriors,,San Antonio Spurs,,,,,,Frost Bank Center,
"Sat, Nov 23, 2024",10:30p,Denver Nuggets,,Los Angeles Lakers,,,,,,Crypto.com Arena,
"Sun, Nov 24, 2024",3:30p,Minnesota Timberwolves,,Boston Celtics,,,,,,TD Garden,
"Sun, Nov 24, 2024",5:00p,Washington Wizards,,Indiana Pacers,,,,,,Gainbridge Fieldhouse,
Date,Start (ET),Visitor/Neutral,PTS,Home/Neutral,PTS,,,Attend.,LOG,Arena,Notes
"Sun, Nov 24, 2024",6:00p,Dallas Mavericks,,Miami Heat,,,,,,Kaseya Center,
"Sun, Nov 24, 2024",6:00p,Los Angeles Clippers,,Philadelphia 76ers,,,,,,Wells Fargo Center,
"Sun, Nov 24, 2024",7:30p,Toronto Raptors,,Cleveland Cavaliers,,,,,,Rocket Mortgage Fieldhouse,
"Sun, Nov 24, 2024",9:00p,Brooklyn Nets,,Sacramento Kings,,,,,,Golden 1 Center,
"Mon, Nov 25, 2024",7:00p,Orlando Magic,,Charlotte Hornets,,,,,,Spectrum Center,
"Mon, Nov 25, 2024",7:00p,Toronto Raptors,,Detroit Pistons,,,,,,Little Caesars Arena,
"Mon, Nov 25, 2024",7:00p,New Orleans Pelicans,,Indiana Pacers,,,,,,Gainbridge Fieldhouse,
"Mon, Nov 25, 2024",7:30p,Dallas Mavericks,,Atlanta Hawks,,,,,,State Farm Arena,
"Mon, Nov 25, 2024",7:30p,Los Angeles Clippers,,Boston Celtics,,,,,,TD Garden,
"Mon, Nov 25, 2024",8:00p,Portland Trail Blazers,,Memphis Grizzlies,,,,,,FedEx Forum,
"Mon, Nov 25, 2024",9:00p,New York Knicks,,Denver Nuggets,,,,,,Ball Arena,
"Mon, Nov 25, 2024",10:00p,Brooklyn Nets,,Golden State Warriors,,,,,,Chase Center,
"Mon, Nov 25, 2024",10:00p,Oklahoma City Thunder,,Sacramento Kings,,,,,,Golden 1 Center,
"Tue, Nov 26, 2024",7:00p,Chicago Bulls,,Washington Wizards,,,,,,Capital One Arena,In-Season Tournament
"Tue, Nov 26, 2024",7:30p,Milwaukee Bucks,,Miami Heat,,,,,,Kaseya Center,In-Season Tournament
"Tue, Nov 26, 2024",8:00p,Houston Rockets,,Minnesota Timberwolves,,,,,,Target Center,In-Season Tournament
"Tue, Nov 26, 2024",9:00p,San Antonio Spurs,,Utah Jazz,,,,,,Delta Center,In-Season Tournament
"Tue, Nov 26, 2024",10:00p,Los Angeles Lakers,,Phoenix Suns,,,,,,Footprint Center,In-Season Tournament
"Wed, Nov 27, 2024",7:00p,Miami Heat,,Charlotte Hornets,,,,,,Spectrum Center,
"Wed, Nov 27, 2024",7:00p,Atlanta Hawks,,Cleveland Cavaliers,,,,,,Rocket Mortgage Fieldhouse,
"Wed, Nov 27, 2024",7:00p,Portland Trail Blazers,,Indiana Pacers,,,,,,Gainbridge Fieldhouse,
"Wed, Nov 27, 2024",7:00p,Chicago Bulls,,Orlando Magic,,,,,,Kia Center,
"Wed, Nov 27, 2024",7:00p,Houston Rockets,,Philadelphia 76ers,,,,,,Wells Fargo Center,
"Wed, Nov 27, 2024",7:00p,Los Angeles Clippers,,Washington Wizards,,,,,,Capital One Arena,
"Wed, Nov 27, 2024",7:30p,New York Knicks,,Dallas Mavericks,,,,,,American Airlines Center,
Date,Start (ET),Visitor/Neutral,PTS,Home/Neutral,PTS,,,Attend.,LOG,Arena,Notes
"Wed, Nov 27, 2024",8:00p,Detroit Pistons,,Memphis Grizzlies,,,,,,FedEx Forum,
"Wed, Nov 27, 2024",8:00p,Sacramento Kings,,Minnesota Timberwolves,,,,,,Target Center,
"Wed, Nov 27, 2024",8:00p,Toronto Raptors,,New Orleans Pelicans,,,,,,Smoothie King Center,
"Wed, Nov 27, 2024",8:30p,Los Angeles Lakers,,San Antonio Spurs,,,,,,Frost Bank Center,
"Wed, Nov 27, 2024",9:00p,Brooklyn Nets,,Phoenix Suns,,,,,,Footprint Center,
"Wed, Nov 27, 2024",9:00p,Denver Nuggets,,Utah Jazz,,,,,,Delta Center,
"Wed, Nov 27, 2024",10:00p,Oklahoma City Thunder,,Golden State Warriors,,,,,,Chase Center,
"Fri, Nov 29, 2024",12:00p,New York Knicks,,Charlotte Hornets,,,,,,Spectrum Center,In-Season Tournament
"Fri, Nov 29, 2024",2:30p,Cleveland Cavaliers,,Atlanta Hawks,,,,,,State Farm Arena,In-Season Tournament
"Fri, Nov 29, 2024",5:00p,New Orleans Pelicans,,Memphis Grizzlies,,,,,,FedEx Forum,In-Season Tournament
"Fri, Nov 29, 2024",7:30p,Orlando Magic,,Brooklyn Nets,,,,,,Barclays Center,In-Season Tournament
"Fri, Nov 29, 2024",7:30p,Los Angeles Clippers,,Minnesota Timberwolves,,,,,,Target Center,In-Season Tournament
"Fri, Nov 29, 2024",8:00p,Boston Celtics,,Chicago Bulls,,,,,,United Center,In-Season Tournament
"Fri, Nov 29, 2024",8:00p,Detroit Pistons,,Indiana Pacers,,,,,,Gainbridge Fieldhouse,In-Season Tournament
"Fri, Nov 29, 2024",8:00p,Toronto Raptors,,Miami Heat,,,,,,Kaseya Center,In-Season Tournament
"Fri, Nov 29, 2024",10:00p,Oklahoma City Thunder,,Los Angeles Lakers,,,,,,Crypto.com Arena,In-Season Tournament
"Fri, Nov 29, 2024",10:00p,Sacramento Kings,,Portland Trail Blazers,,,,,,Moda Center,In-Season Tournament
"Sat, Nov 30, 2024",6:00p,Atlanta Hawks,,Charlotte Hornets,,,,,,Spectrum Center,
"Sat, Nov 30, 2024",7:00p,Philadelphia 76ers,,Detroit Pistons,,,,,,Little Caesars Arena,
"Sat, Nov 30, 2024",8:00p,Washington Wizards,,Milwaukee Bucks,,,,,,Fiserv Forum,
"Sat, Nov 30, 2024",9:00p,Golden State Warriors,,Phoenix Suns,,,,,,Footprint Center,
"Sat, Nov 30, 2024",9:30p,Dallas Mavericks,,Utah Jazz,,,,,,Delta Center,
"Tue, Oct 22, 2024",7:30p,New York Knicks,109,Boston Celtics,132,Box Score,,"19,156",2:04,TD Garden,
"Tue, Oct 22, 2024",10:00p,Minnesota Timberwolves,103,Los Angeles Lakers,110,Box Score,,"18,997",2:26,Crypto.com Arena,
"Wed, Oct 23, 2024",7:00p,Indiana Pacers,115,Detroit Pistons,109,Box Score,,"20,062",2:23,Little Caesars Arena,
"Wed, Oct 23, 2024",7:30p,Brooklyn Nets,116,Atlanta Hawks,120,Box Score,,"17,548",2:33,State Farm Arena,
"Wed, Oct 23, 2024",7:30p,Orlando Magic,116,Miami Heat,97,Box Score,,"19,630",2:31,Kaseya Center,
"Wed, Oct 23, 2024",7:30p,Milwaukee Bucks,124,Philadelphia 76ers,109,Box Score,,"19,754",2:28,Wells Fargo Center,
"Wed, Oct 23, 2024",7:30p,Cleveland Cavaliers,136,Toronto Raptors,106,Box Score,,"19,800",2:18,Scotiabank Arena,
"Wed, Oct 23, 2024",8:00p,Charlotte Hornets,110,Houston Rockets,105,Box Score,,"18,055",2:20,Toyota Center,
"Wed, Oct 23, 2024",8:00p,Chicago Bulls,111,New Orleans Pelicans,123,Box Score,,"18,581",2:11,Smoothie King Center,
"Wed, Oct 23, 2024",9:00p,Memphis Grizzlies,126,Utah Jazz,124,Box Score,,"18,175",2:33,Delta Center,
"Wed, Oct 23, 2024",10:00p,Phoenix Suns,116,Los Angeles Clippers,113,Box Score,OT,"18,300",2:45,Intuit Dome,
"Wed, Oct 23, 2024",10:00p,Golden State Warriors,140,Portland Trail Blazers,104,Box Score,,"19,480",2:17,Moda Center,
"Thu, Oct 24, 2024",7:00p,Boston Celtics,122,Washington Wizards,102,Box Score,,"18,610",2:11,Capital One Arena,
"Thu, Oct 24, 2024",7:30p,San Antonio Spurs,109,Dallas Mavericks,120,Box Score,,"20,373",2:18,American Airlines Center,
"Thu, Oct 24, 2024",10:00p,Minnesota Timberwolves,117,Sacramento Kings,115,Box Score,,"18,049",2:22,Golden 1 Center,
"Thu, Oct 24, 2024",10:00p,Oklahoma City Thunder,102,Denver Nuggets,87,Box Score,,"19,786",2:10,Ball Arena,
"Fri, Oct 25, 2024",7:00p,Brooklyn Nets,101,Orlando Magic,116,Box Score,,"19,087",2:31,Kia Center,
"Fri, Oct 25, 2024",7:00p,Philadelphia 76ers,107,Toronto Raptors,115,Box Score,,"18,345",2:47,Scotiabank Arena,
"Fri, Oct 25, 2024",7:30p,Charlotte Hornets,120,Atlanta Hawks,125,Box Score,,"14,433",2:32,State Farm Arena,
"Fri, Oct 25, 2024",7:30p,Detroit Pistons,101,Cleveland Cavaliers,113,Box Score,,"19,432",2:10,Rocket Mortgage Fieldhouse,
"Fri, Oct 25, 2024",7:30p,Indiana Pacers,98,New York Knicks,123,Box Score,,"19,812",2:21,Madison Square Garden (IV),
"Fri, Oct 25, 2024",8:00p,Memphis Grizzlies,108,Houston Rockets,128,Box Score,,"18,055",2:31,Toyota Center,
"Fri, Oct 25, 2024",8:00p,Chicago Bulls,133,Milwaukee Bucks,122,Box Score,,"17,790",2:13,Fiserv Forum,
"Fri, Oct 25, 2024",9:30p,Golden State Warriors,127,Utah Jazz,86,Box Score,,"18,175",2:07,Delta Center,
"Fri, Oct 25, 2024",10:00p,Phoenix Suns,116,Los Angeles Lakers,123,Box Score,,"18,997",2:17,Crypto.com Arena,
Date,Start (ET),Visitor/Neutral,PTS,Home/Neutral,PTS,,,Attend.,LOG,Arena,Notes
"Fri, Oct 25, 2024",10:00p,New Orleans Pelicans,105,Portland Trail Blazers,103,Box Score,,"16,190",2:23,Moda Center,
"Sat, Oct 26, 2024",5:00p,Los Angeles Clippers,109,Denver Nuggets,104,Box Score,,"19,691",2:23,Ball Arena,
"Sat, Oct 26, 2024",7:00p,Cleveland Cavaliers,135,Washington Wizards,116,Box Score,,"15,156",2:23,Capital One Arena,
"Sat, Oct 26, 2024",7:00p,Boston Celtics,124,Detroit Pistons,118,Box Score,,"19,311",2:00,Little Caesars Arena,
"Sat, Oct 26, 2024",7:00p,Miami Heat,114,Charlotte Hornets,106,Box Score,,"19,102",2:23,Spectrum Center,
"Sat, Oct 26, 2024",8:00p,Orlando Magic,111,Memphis Grizzlies,124,Box Score,,"17,809",2:16,FedEx Forum,
"Sat, Oct 26, 2024",8:00p,Toronto Raptors,101,Minnesota Timberwolves,112,Box Score,,"18,978",2:12,Target Center,
"Sat, Oct 26, 2024",8:00p,Oklahoma City Thunder,114,Chicago Bulls,95,Box Score,,"20,923",2:09,United Center,
"Sat, Oct 26, 2024",8:30p,Houston Rockets,106,San Antonio Spurs,109,Box Score,,"18,715",2:26,Frost Bank Center,
"Sat, Oct 26, 2024",10:00p,Dallas Mavericks,102,Phoenix Suns,114,Box Score,,"17,071",,Footprint Center,
"Sat, Oct 26, 2024",10:30p,Sacramento Kings,127,Los Angeles Lakers,131,Box Score,,"18,997",2:18,Crypto.com Arena,
"Sun, Oct 27, 2024",3:30p,Philadelphia 76ers,118,Indiana Pacers,114,Box Score,OT,"17,274",2:52,Gainbridge Fieldhouse,
"Sun, Oct 27, 2024",6:00p,New Orleans Pelicans,103,Portland Trail Blazers,125,Box Score,,"16,138",2:09,Moda Center,
"Sun, Oct 27, 2024",6:00p,Milwaukee Bucks,102,Brooklyn Nets,115,Box Score,,"17,926",2:19,Barclays Center,
"Sun, Oct 27, 2024",7:00p,Atlanta Hawks,104,Oklahoma City Thunder,128,Box Score,,"18,203",2:23,Paycom Center,
"Sun, Oct 27, 2024",8:30p,Los Angeles Clippers,112,Golden State Warriors,104,Box Score,,"18,064",2:22,Chase Center,
"Mon, Oct 28, 2024",7:00p,Indiana Pacers,115,Orlando Magic,119,Box Score,,"18,846",2:31,Kia Center,
"Mon, Oct 28, 2024",7:30p,Washington Wizards,121,Atlanta Hawks,119,Box Score,,"14,566",2:26,State Farm Arena,
"Mon, Oct 28, 2024",7:30p,Milwaukee Bucks,108,Boston Celtics,119,Box Score,,"19,156",2:18,TD Garden,
"Mon, Oct 28, 2024",7:30p,Denver Nuggets,127,Toronto Raptors,125,Box Score,OT,"19,082",2:35,Scotiabank Arena,
"Mon, Oct 28, 2024",7:30p,Detroit Pistons,98,Miami Heat,106,Box Score,,"19,626",2:18,Kaseya Center,
"Mon, Oct 28, 2024",7:30p,Cleveland Cavaliers,110,New York Knicks,104,Box Score,,"19,812",2:23,Madison Square Garden (IV),
"Mon, Oct 28, 2024",8:00p,Houston Rockets,106,San Antonio Spurs,101,Box Score,,"17,519",2:23,Frost Bank Center,
"Mon, Oct 28, 2024",8:00p,Chicago Bulls,126,Memphis Grizzlies,123,Box Score,,"15,906",2:09,FedEx Forum,
"Mon, Oct 28, 2024",8:30p,Utah Jazz,102,Dallas Mavericks,110,Box Score,,"19,811",2:16,American Airlines Center,
Date,Start (ET),Visitor/Neutral,PTS,Home/Neutral,PTS,,,Attend.,LOG,Arena,Notes
"Mon, Oct 28, 2024",10:00p,Portland Trail Blazers,98,Sacramento Kings,111,Box Score,,"16,426",2:26,Golden 1 Center,
"Mon, Oct 28, 2024",10:00p,Los Angeles Lakers,105,Phoenix Suns,109,Box Score,,"17,071",2:17,Footprint Center,
"Tue, Oct 29, 2024",7:30p,Denver Nuggets,144,Brooklyn Nets,139,Box Score,OT,"17,926",2:46,Barclays Center,
"Tue, Oct 29, 2024",7:30p,Dallas Mavericks,120,Minnesota Timberwolves,114,Box Score,,"18,978",2:24,Target Center,
"Tue, Oct 29, 2024",9:00p,Sacramento Kings,113,Utah Jazz,96,Box Score,,"18,175",1:59,Delta Center,
"Tue, Oct 29, 2024",10:00p,New Orleans Pelicans,106,Golden State Warriors,124,Box Score,,"18,064",2:20,Chase Center,
"Wed, Oct 30, 2024",7:00p,Detroit Pistons,105,Philadelphia 76ers,95,Box Score,,"19,759",2:15,Wells Fargo Center,
"Wed, Oct 30, 2024",7:00p,Atlanta Hawks,120,Washington Wizards,133,Box Score,,"14,255",2:25,Capital One Arena,
"Wed, Oct 30, 2024",7:00p,Boston Celtics,132,Indiana Pacers,135,Box Score,OT,"17,274",2:37,Gainbridge Fieldhouse,
"Wed, Oct 30, 2024",7:00p,Los Angeles Lakers,110,Cleveland Cavaliers,134,Box Score,,"19,432",2:07,Rocket Mortgage Fieldhouse,
"Wed, Oct 30, 2024",7:00p,Toronto Raptors,133,Charlotte Hornets,138,Box Score,,"13,113",2:18,Spectrum Center,
"Wed, Oct 30, 2024",7:30p,New York Knicks,116,Miami Heat,107,Box Score,,"19,620",2:10,Kaseya Center,
"Wed, Oct 30, 2024",8:00p,Orlando Magic,99,Chicago Bulls,102,Box Score,,"19,015",2:19,United Center,
"Wed, Oct 30, 2024",8:00p,Brooklyn Nets,119,Memphis Grizzlies,106,Box Score,,"14,745",2:26,FedEx Forum,
"Wed, Oct 30, 2024",9:30p,San Antonio Spurs,93,Oklahoma City Thunder,105,Box Score,,"17,136",2:01,Paycom Center,
"Wed, Oct 30, 2024",10:00p,New Orleans Pelicans,89,Golden State Warriors,104,Box Score,,"18,064",2:19,Chase Center,
"Wed, Oct 30, 2024",10:30p,Portland Trail Blazers,106,Los Angeles Clippers,105,Box Score,,"16,727",2:11,Intuit Dome,
"Thu, Oct 31, 2024",8:00p,Milwaukee Bucks,99,Memphis Grizzlies,122,Box Score,,"15,377",2:12,FedEx Forum,
"Thu, Oct 31, 2024",8:30p,Houston Rockets,108,Dallas Mavericks,102,Box Score,,"20,011",2:21,American Airlines Center,
"Thu, Oct 31, 2024",9:00p,San Antonio Spurs,106,Utah Jazz,88,Box Score,,"18,175",2:10,Delta Center,
"Thu, Oct 31, 2024",10:30p,Phoenix Suns,125,Los Angeles Clippers,119,Box Score,,"16,827",2:15,Intuit Dome,
