Date,Team,Season,Player 1,Player 2,Player 3,Player 4,Player 5,Player 6,Player 7,Player 8,Player 9,Player 10,Player 11,Player 12,Player 13,Player 14,Player 15
20241022,BOS,2025,Jrue Holiday,Jayson Tatum,Jaylen Brown,Derrick White,Al Horford,Payton Pritchard,Sam Hauser,Luke Kornet,Xavier Tillman Sr.,Jordan Walsh,Neemias Queta,,,,
20241022,LAL,2025,Anthony Davis,Austin Reaves,Rui Hachimura,LeBron James,D'Angelo Russell,Gabe Vincent,Dalton Knecht,Jaxson Hayes,Max Christie,Bronny James,,,,,
20241022,MIN,2025,Anthony Edwards,Rudy Gobert,Julius Randle,Mike Conley,Jaden McDaniels,Donte DiVincenzo,Nickeil Alexander-Walker,Naz Reid,Joe Ingles,,,,,,
20241022,NYK,2025,Mikal Bridges,OG Anunoby,Jalen Brunson,Josh Hart,Karl-Anthony Towns,Miles McBride,Jericho Sims,Cameron Payne,Pacome Dadiet,Ariel Hukporti,Tyler Kolek,Jacob Toppin,,,
20241023,ATL,2025,Jalen Johnson,Trae Young,Dyson Daniels,De'Andre Hunter,Clint Capela,Onyeka Okongwu,Bogdan Bogdanović,Zaccharie Risacher,Vit Krejci,,,,,,
20241023,BRK,2025,Dennis Schröder,Cam Thomas,Cameron Johnson,Dorian Finney-Smith,Ben Simmons,Jalen Wilson,Ziaire Williams,Nic Claxton,Noah Clowney,Shake Milton,,,,,
20241023,CHI,2025,Zach LaVine,Coby White,Nikola Vučević,Josh Giddey,Patrick Williams,Ayo Dosunmu,Jalen Smith,Lonzo Ball,Julian Phillips,Talen Horton-Tucker,Matas Buzelis,Chris Duarte,Dalen Terry,,
20241023,CHO,2025,LaMelo Ball,Miles Bridges,Nick Richards,Cody Martin,Brandon Miller,Tre Mann,Seth Curry,Grant Williams,Vasilije Micić,Moussa Diabaté,,,,,
20241023,CLE,2025,Donovan Mitchell,Evan Mobley,Jarrett Allen,Darius Garland,Dean Wade,Caris LeVert,Isaac Okoro,Ty Jerome,Georges Niang,Sam Merrill,Craig Porter Jr.,Tristan Thompson,Jaylon Tyson,,
20241023,DET,2025,Cade Cunningham,Tobias Harris,Jaden Ivey,Jalen Duren,Tim Hardaway Jr.,Malik Beasley,Isaiah Stewart,Ron Holland,Simone Fontecchio,Marcus Sasser,,,,,
20241023,GSW,2025,Stephen Curry,Trayce Jackson-Davis,Andrew Wiggins,Draymond Green,Jonathan Kuminga,Brandin Podziemski,De'Anthony Melton,Moses Moody,Kyle Anderson,Buddy Hield,Gary Payton II,Kevon Looney,Lindy Waters III,Gui Santos,
20241023,HOU,2025,Fred VanVleet,Jalen Green,Alperen Sengun,Jabari Smith Jr.,Dillon Brooks,Amen Thompson,Reed Sheppard,Tari Eason,Jock Landale,Cam Whitmore,,,,,
20241023,IND,2025,Myles Turner,Tyrese Haliburton,Andrew Nembhard,Pascal Siakam,Aaron Nesmith,Bennedict Mathurin,Obi Toppin,T.J. McConnell,Enrique Freeman,Jarace Walker,Ben Sheppard,James Wiseman,,,
20241023,LAC,2025,James Harden,Norman Powell,Ivica Zubac,Derrick Jones Jr.,Terance Mann,Amir Coffey,Nicolas Batum,Kris Dunn,Kai Jones,Kevin Porter Jr.,,,,,
20241023,MEM,2025,Santi Aldama,Ja Morant,Desmond Bane,Marcus Smart,Zach Edey,Jaylen Wells,Jay Huff,Scotty Pippen Jr.,Jake LaRavia,John Konchar,Brandon Clarke,,,,
20241023,MIA,2025,Terry Rozier,Tyler Herro,Jimmy Butler,Bam Adebayo,Nikola Jović,Haywood Highsmith,Duncan Robinson,Jaime Jaquez Jr.,Thomas Bryant,Pelle Larsson,Dru Smith,Kel'el Ware,,,
20241023,MIL,2025,Damian Lillard,Brook Lopez,Gary Trent Jr.,Giannis Antetokounmpo,Taurean Prince,Bobby Portis,Pat Connaughton,Delon Wright,A.J. Green,Tyler Smith,Andre Jackson Jr.,AJ Johnson,Ryan Rollins,,
20241023,NOP,2025,Herbert Jones,Brandon Ingram,Dejounte Murray,CJ McCollum,Daniel Theis,Jordan Hawkins,Javonte Green,Yves Missi,Jose Alvarado,Jeremiah Robinson-Earl,Karlo Matković,Antonio Reeves,,,
20241023,ORL,2025,Paolo Banchero,Wendell Carter Jr.,Kentavious Caldwell-Pope,Franz Wagner,Jalen Suggs,Anthony Black,Gary Harris,Cole Anthony,Moritz Wagner,Jonathan Isaac,Goga Bitadze,Tristan Da Silva,Caleb Houstan,Jett Howard,Cory Joseph
20241023,PHI,2025,Tyrese Maxey,Kelly Oubre Jr.,Andre Drummond,Eric Gordon,KJ Martin,Caleb Martin,Guerschon Yabusele,Kyle Lowry,Ricky Council IV,Jared McCain,Adem Bona,Jeff Dowtin,Lester Quiñones,,
20241023,PHO,2025,Kevin Durant,Bradley Beal,Tyus Jones,Devin Booker,Jusuf Nurkić,Royce O'Neale,Grayson Allen,Mason Plumlee,Monte Morris,Oso Ighodaro,Ryan Dunn,,,,
20241023,POR,2025,Jerami Grant,Anfernee Simons,Deandre Ayton,Toumani Camara,Deni Avdija,Scoot Henderson,Rayan Rupert,Donovan Clingan,Kris Murray,Dalano Banton,Jabari Walker,Duop Reath,,,
20241023,TOR,2025,Gradey Dick,Jakob Poeltl,Scottie Barnes,Ochai Agbaji,Immanuel Quickley,Davion Mitchell,Chris Boucher,Jamal Shead,Jamison Battle,Bruno Fernando,Jonathan Mogbo,Garrett Temple,Ulrich Chomche,,
20241023,UTA,2025,Lauri Markkanen,Keyonte George,Walker Kessler,Taylor Hendricks,Collin Sexton,Jordan Clarkson,Cody Williams,John Collins,Patty Mills,Brice Sensabaugh,,,,,
20241024,BOS,2025,Jaylen Brown,Derrick White,Jayson Tatum,Jrue Holiday,Al Horford,Payton Pritchard,Luke Kornet,Xavier Tillman Sr.,Neemias Queta,Jordan Walsh,Baylor Scheierman,JD Davison,Jaden Springer,Drew Peterson,
20241024,DAL,2025,Luka Dončić,Kyrie Irving,P.J. Washington,Klay Thompson,Daniel Gafford,Dereck Lively II,Naji Marshall,Jaden Hardy,Maxi Kleber,Quentin Grimes,Spencer Dinwiddie,Dwight Powell,Olivier-Maxence Prosper,,
20241024,DEN,2025,Jamal Murray,Nikola Jokić,Aaron Gordon,Michael Porter Jr.,Christian Braun,Russell Westbrook,Julian Strawther,Peyton Watson,Dario Šarić,Trey Alexander,Vlatko Čančar,Zeke Nnaji,Jalen Pickett,Hunter Tyson,
20241024,MIN,2025,Anthony Edwards,Julius Randle,Rudy Gobert,Jaden McDaniels,Mike Conley,Donte DiVincenzo,Naz Reid,Nickeil Alexander-Walker,Joe Ingles,,,,,,
20241024,OKC,2025,Shai Gilgeous-Alexander,Chet Holmgren,Jalen Williams,Luguentz Dort,Isaiah Joe,Cason Wallace,Aaron Wiggins,Alex Caruso,Ousmane Dieng,Ajay Mitchell,Alex Ducas,Adam Flagler,Dillon Jones,,
20241024,SAC,2025,Keegan Murray,DeMar DeRozan,Domantas Sabonis,De'Aaron Fox,Kevin Huerter,Malik Monk,Keon Ellis,Trey Lyles,Alex Len,Doug McDermott,,,,,
20241024,SAS,2025,Harrison Barnes,Chris Paul,Victor Wembanyama,Julian Champagnie,Jeremy Sochan,Keldon Johnson,Stephon Castle,Tre Jones,Zach Collins,Blake Wesley,Malaki Branham,Charles Bassey,Sandro Mamukelashvili,,
20241024,WAS,2025,Jordan Poole,Bilal Coulibaly,Kyle Kuzma,Carlton Carrington,Alex Sarr,Corey Kispert,Kyshawn George,Jonas Valančiūnas,Marvin Bagley III,Jared Butler,Patrick Baldwin Jr.,Johnny Davis,Justin Champagnie,Anthony Gill,
20241025,ATL,2025,Trae Young,Jalen Johnson,De'Andre Hunter,Dyson Daniels,Clint Capela,Onyeka Okongwu,Garrison Mathews,Zaccharie Risacher,Vit Krejci,,,,,,
20241025,BRK,2025,Cameron Johnson,Cam Thomas,Dennis Schröder,Dorian Finney-Smith,Ben Simmons,Nic Claxton,Ziaire Williams,Shake Milton,Noah Clowney,Jalen Wilson,Keon Johnson,,,,
20241025,CHI,2025,Patrick Williams,Coby White,Zach LaVine,Nikola Vučević,Josh Giddey,Ayo Dosunmu,Julian Phillips,Jalen Smith,Dalen Terry,Matas Buzelis,Talen Horton-Tucker,,,,
20241025,CHO,2025,Miles Bridges,Nick Richards,LaMelo Ball,Seth Curry,Cody Martin,Grant Williams,Tre Mann,Vasilije Micić,Josh Green,Moussa Diabaté,,,,,
20241025,CLE,2025,Darius Garland,Evan Mobley,Jarrett Allen,Donovan Mitchell,Dean Wade,Caris LeVert,Isaac Okoro,Ty Jerome,Sam Merrill,Georges Niang,Craig Porter Jr.,Jaylon Tyson,,,
20241025,DET,2025,Cade Cunningham,Tobias Harris,Jaden Ivey,Jalen Duren,Tim Hardaway Jr.,Malik Beasley,Simone Fontecchio,Ron Holland,Isaiah Stewart,Paul Reed,Daniss Jenkins,Wendell Moore Jr.,Marcus Sasser,,
20241025,GSW,2025,Stephen Curry,Andrew Wiggins,Draymond Green,Jonathan Kuminga,Trayce Jackson-Davis,Brandin Podziemski,Buddy Hield,Moses Moody,Kyle Anderson,De'Anthony Melton,Kevon Looney,Gary Payton II,Lindy Waters III,Gui Santos,
20241025,HOU,2025,Jabari Smith Jr.,Jalen Green,Alperen Sengun,Dillon Brooks,Fred VanVleet,Amen Thompson,Tari Eason,Cam Whitmore,Reed Sheppard,Jock Landale,Jeenathan Williams,Aaron Holiday,Jae'Sean Tate,,
20241025,IND,2025,Tyrese Haliburton,Myles Turner,Pascal Siakam,Andrew Nembhard,Aaron Nesmith,Bennedict Mathurin,Obi Toppin,Jarace Walker,T.J. McConnell,Isaiah Jackson,Ben Sheppard,Enrique Freeman,Johnny Furphy,Quenton Jackson,James Johnson
20241025,LAL,2025,Rui Hachimura,Anthony Davis,Austin Reaves,LeBron James,D'Angelo Russell,Gabe Vincent,Jaxson Hayes,Dalton Knecht,Max Christie,,,,,,
20241025,MEM,2025,Desmond Bane,Ja Morant,Zach Edey,Santi Aldama,Marcus Smart,Scotty Pippen Jr.,Jake LaRavia,John Konchar,Jaylen Wells,Jay Huff,Brandon Clarke,Yuki Kawamura,,,
20241025,MIL,2025,Damian Lillard,Giannis Antetokounmpo,Gary Trent Jr.,Taurean Prince,Brook Lopez,Bobby Portis,Pat Connaughton,Delon Wright,A.J. Green,Ryan Rollins,MarJon Beauchamp,AJ Johnson,Tyler Smith,,
20241025,NOP,2025,CJ McCollum,Brandon Ingram,Herbert Jones,Zion Williamson,Daniel Theis,Jordan Hawkins,Yves Missi,Javonte Green,Jose Alvarado,Jeremiah Robinson-Earl,,,,,
20241025,NYK,2025,Josh Hart,OG Anunoby,Mikal Bridges,Karl-Anthony Towns,Jalen Brunson,Cameron Payne,Miles McBride,Jericho Sims,Ariel Hukporti,Pacome Dadiet,Tyler Kolek,Jacob Toppin,,,
20241025,ORL,2025,Franz Wagner,Paolo Banchero,Wendell Carter Jr.,Kentavious Caldwell-Pope,Jalen Suggs,Anthony Black,Cole Anthony,Gary Harris,Moritz Wagner,Goga Bitadze,Jett Howard,,,,
20241025,PHI,2025,Tyrese Maxey,Kelly Oubre Jr.,Caleb Martin,Kyle Lowry,Andre Drummond,KJ Martin,Eric Gordon,Guerschon Yabusele,Ricky Council IV,Jared McCain,Reggie Jackson,,,,
20241025,PHO,2025,Kevin Durant,Bradley Beal,Devin Booker,Tyus Jones,Jusuf Nurkić,Royce O'Neale,Mason Plumlee,Ryan Dunn,Monte Morris,Oso Ighodaro,,,,,
20241025,POR,2025,Jerami Grant,Anfernee Simons,Deandre Ayton,Deni Avdija,Toumani Camara,Scoot Henderson,Jabari Walker,Kris Murray,Donovan Clingan,,,,,,
20241025,TOR,2025,Scottie Barnes,Jakob Poeltl,Ochai Agbaji,Gradey Dick,Davion Mitchell,Jamal Shead,Jonathan Mogbo,Chris Boucher,D.J. Carton,Jamison Battle,Bruno Fernando,,,,
20241025,UTA,2025,Keyonte George,Lauri Markkanen,Taylor Hendricks,Collin Sexton,Walker Kessler,Cody Williams,John Collins,Jordan Clarkson,Patty Mills,Brice Sensabaugh,Drew Eubanks,Kyle Filipowski,,,
20241026,BOS,2025,Derrick White,Jaylen Brown,Jayson Tatum,Jrue Holiday,Al Horford,Luke Kornet,Payton Pritchard,Xavier Tillman Sr.,,,,,,,
20241026,CHI,2025,Zach LaVine,Nikola Vučević,Coby White,Josh Giddey,Patrick Williams,Ayo Dosunmu,Lonzo Ball,Julian Phillips,Jalen Smith,Matas Buzelis,Chris Duarte,Talen Horton-Tucker,Dalen Terry,Jevon Carter,
20241026,CHO,2025,LaMelo Ball,Miles Bridges,Nick Richards,Seth Curry,Cody Martin,Tre Mann,Grant Williams,Vasilije Micić,Tidjane Salaün,Moussa Diabaté,,,,,
20241026,CLE,2025,Evan Mobley,Donovan Mitchell,Jarrett Allen,Darius Garland,Dean Wade,Georges Niang,Sam Merrill,Caris LeVert,Isaac Okoro,Ty Jerome,Jaylon Tyson,Tristan Thompson,Craig Porter Jr.,,
20241026,DAL,2025,Luka Dončić,Kyrie Irving,P.J. Washington,Klay Thompson,Daniel Gafford,Dereck Lively II,Naji Marshall,Maxi Kleber,Jaden Hardy,Quentin Grimes,Jazian Gortman,Dwight Powell,Olivier-Maxence Prosper,,
20241026,DEN,2025,Michael Porter Jr.,Jamal Murray,Nikola Jokić,Aaron Gordon,Christian Braun,Russell Westbrook,Julian Strawther,Peyton Watson,Dario Šarić,,,,,,
20241026,DET,2025,Cade Cunningham,Jaden Ivey,Tim Hardaway Jr.,Tobias Harris,Jalen Duren,Malik Beasley,Isaiah Stewart,Simone Fontecchio,Ron Holland,,,,,,
20241026,HOU,2025,Fred VanVleet,Dillon Brooks,Jalen Green,Jabari Smith Jr.,Alperen Sengun,Cam Whitmore,Amen Thompson,Tari Eason,Jock Landale,Reed Sheppard,,,,,
20241026,LAC,2025,Ivica Zubac,James Harden,Norman Powell,Derrick Jones Jr.,Terance Mann,Amir Coffey,Nicolas Batum,Kris Dunn,Kevin Porter Jr.,Kai Jones,,,,,
20241026,LAL,2025,Anthony Davis,Rui Hachimura,LeBron James,Austin Reaves,D'Angelo Russell,Dalton Knecht,Max Christie,Jaxson Hayes,Gabe Vincent,,,,,,
20241026,MEM,2025,Desmond Bane,Ja Morant,Jaren Jackson Jr.,Marcus Smart,Zach Edey,Santi Aldama,Jake LaRavia,Scotty Pippen Jr.,Jay Huff,Jaylen Wells,Brandon Clarke,Yuki Kawamura,,,
20241026,MIA,2025,Jimmy Butler,Tyler Herro,Bam Adebayo,Terry Rozier,Nikola Jović,Alec Burks,Jaime Jaquez Jr.,Duncan Robinson,Thomas Bryant,Dru Smith,,,,,
20241026,MIN,2025,Anthony Edwards,Rudy Gobert,Julius Randle,Jaden McDaniels,Mike Conley,Donte DiVincenzo,Naz Reid,Nickeil Alexander-Walker,Joe Ingles,,,,,,
20241026,OKC,2025,Jalen Williams,Shai Gilgeous-Alexander,Cason Wallace,Chet Holmgren,Luguentz Dort,Alex Caruso,Ousmane Dieng,Aaron Wiggins,Ajay Mitchell,Isaiah Joe,Dillon Jones,Adam Flagler,Alex Ducas,,
20241026,ORL,2025,Paolo Banchero,Franz Wagner,Wendell Carter Jr.,Jalen Suggs,Kentavious Caldwell-Pope,Anthony Black,Moritz Wagner,Jett Howard,Cole Anthony,Goga Bitadze,Caleb Houstan,Cory Joseph,Mac McClung,Gary Harris,Trevelin Queen
20241026,PHO,2025,Kevin Durant,Devin Booker,Tyus Jones,Jusuf Nurkić,Ryan Dunn,Royce O'Neale,Damion Lee,Monte Morris,Mason Plumlee,Oso Ighodaro,Collin Gillespie,,,,
20241026,SAC,2025,De'Aaron Fox,Keegan Murray,DeMar DeRozan,Domantas Sabonis,Kevin Huerter,Malik Monk,Trey Lyles,Alex Len,Jordan McLaughlin,,,,,,
20241026,SAS,2025,Jeremy Sochan,Victor Wembanyama,Harrison Barnes,Chris Paul,Julian Champagnie,Keldon Johnson,Stephon Castle,Zach Collins,Malaki Branham,Blake Wesley,,,,,
20241026,TOR,2025,Scottie Barnes,Ochai Agbaji,Jakob Poeltl,Gradey Dick,Davion Mitchell,Jamal Shead,Jamison Battle,Chris Boucher,Bruno Fernando,D.J. Carton,Jonathan Mogbo,,,,
20241026,WAS,2025,Bilal Coulibaly,Carlton Carrington,Alex Sarr,Kyle Kuzma,Jordan Poole,Kyshawn George,Corey Kispert,Jonas Valančiūnas,Jared Butler,Marvin Bagley III,Johnny Davis,Patrick Baldwin Jr.,,,
20241027,ATL,2025,Trae Young,Dyson Daniels,Jalen Johnson,Zaccharie Risacher,Clint Capela,Onyeka Okongwu,Garrison Mathews,Vit Krejci,David Roddy,Mouhamed Gueye,Keaton Wallace,,,,
20241027,BRK,2025,Cam Thomas,Dennis Schröder,Cameron Johnson,Dorian Finney-Smith,Ben Simmons,Nic Claxton,Noah Clowney,Ziaire Williams,Jalen Wilson,Keon Johnson,Jaylen Martin,Yongxi Cui,Shake Milton,Dariq Whitehead,
20241027,GSW,2025,Andrew Wiggins,Draymond Green,Stephen Curry,Jonathan Kuminga,Trayce Jackson-Davis,Buddy Hield,Brandin Podziemski,Kevon Looney,De'Anthony Melton,Gary Payton II,Moses Moody,Kyle Anderson,,,
20241027,IND,2025,Pascal Siakam,Tyrese Haliburton,Myles Turner,Andrew Nembhard,Aaron Nesmith,Obi Toppin,T.J. McConnell,Bennedict Mathurin,Ben Sheppard,Isaiah Jackson,Jarace Walker,,,,
20241027,LAC,2025,Ivica Zubac,James Harden,Derrick Jones Jr.,Norman Powell,Terance Mann,Kris Dunn,Amir Coffey,Kevin Porter Jr.,Nicolas Batum,Kai Jones,,,,,
20241027,MIL,2025,Taurean Prince,Giannis Antetokounmpo,Damian Lillard,Brook Lopez,Gary Trent Jr.,Bobby Portis,Pat Connaughton,Delon Wright,A.J. Green,MarJon Beauchamp,AJ Johnson,Tyler Smith,Andre Jackson Jr.,,
20241027,NOP,2025,CJ McCollum,Brandon Ingram,Herbert Jones,Zion Williamson,Daniel Theis,Jordan Hawkins,Yves Missi,Jose Alvarado,Javonte Green,Karlo Matković,Antonio Reeves,Jeremiah Robinson-Earl,,,
20241027,OKC,2025,Shai Gilgeous-Alexander,Chet Holmgren,Jalen Williams,Luguentz Dort,Aaron Wiggins,Cason Wallace,Alex Caruso,Isaiah Joe,Ajay Mitchell,Ousmane Dieng,Adam Flagler,Alex Reese,Alex Ducas,Dillon Jones,
20241027,PHI,2025,Tyrese Maxey,Kelly Oubre Jr.,Andre Drummond,Caleb Martin,Kyle Lowry,Eric Gordon,KJ Martin,Jared McCain,Guerschon Yabusele,,,,,,
20241027,POR,2025,Toumani Camara,Anfernee Simons,Deandre Ayton,Deni Avdija,Jerami Grant,Scoot Henderson,Kris Murray,Jabari Walker,Donovan Clingan,Duop Reath,Rayan Rupert,Dalano Banton,,,
20241028,ATL,2025,Jalen Johnson,Dyson Daniels,Trae Young,Zaccharie Risacher,Clint Capela,Garrison Mathews,Larry Nance Jr.,David Roddy,Vit Krejci,Keaton Wallace,,,,,
20241028,BOS,2025,Jaylen Brown,Jayson Tatum,Derrick White,Jrue Holiday,Al Horford,Payton Pritchard,Xavier Tillman Sr.,Jordan Walsh,Luke Kornet,Drew Peterson,Neemias Queta,Jaden Springer,Baylor Scheierman,,
20241028,CHI,2025,Nikola Vučević,Zach LaVine,Coby White,Josh Giddey,Patrick Williams,Ayo Dosunmu,Lonzo Ball,Julian Phillips,Dalen Terry,Jalen Smith,Matas Buzelis,,,,
20241028,CLE,2025,Evan Mobley,Donovan Mitchell,Darius Garland,Jarrett Allen,Dean Wade,Caris LeVert,Sam Merrill,Georges Niang,Isaac Okoro,Ty Jerome,,,,,
20241028,DAL,2025,Kyrie Irving,P.J. Washington,Luka Dončić,Klay Thompson,Daniel Gafford,Dereck Lively II,Spencer Dinwiddie,Naji Marshall,Quentin Grimes,Jaden Hardy,Olivier-Maxence Prosper,Kessler Edwards,Dwight Powell,Brandon Williams,
20241028,DEN,2025,Nikola Jokić,Aaron Gordon,Jamal Murray,Christian Braun,Michael Porter Jr.,Julian Strawther,Russell Westbrook,Peyton Watson,Dario Šarić,,,,,,
20241028,DET,2025,Tobias Harris,Cade Cunningham,Tim Hardaway Jr.,Jaden Ivey,Jalen Duren,Simone Fontecchio,Isaiah Stewart,Malik Beasley,Ron Holland,,,,,,
20241028,HOU,2025,Fred VanVleet,Jalen Green,Dillon Brooks,Jabari Smith Jr.,Alperen Sengun,Tari Eason,Amen Thompson,Steven Adams,Cam Whitmore,Reed Sheppard,,,,,
20241028,IND,2025,Tyrese Haliburton,Pascal Siakam,Andrew Nembhard,Aaron Nesmith,Myles Turner,Ben Sheppard,Isaiah Jackson,Obi Toppin,Bennedict Mathurin,T.J. McConnell,Jarace Walker,,,,
20241028,LAL,2025,Austin Reaves,LeBron James,Anthony Davis,D'Angelo Russell,Rui Hachimura,Max Christie,Gabe Vincent,Jaxson Hayes,Dalton Knecht,,,,,,
20241028,MEM,2025,Santi Aldama,Desmond Bane,Marcus Smart,Jaren Jackson Jr.,Zach Edey,Jake LaRavia,Scotty Pippen Jr.,Jay Huff,Jaylen Wells,Brandon Clarke,,,,,
20241028,MIA,2025,Bam Adebayo,Jimmy Butler,Terry Rozier,Tyler Herro,Nikola Jović,Jaime Jaquez Jr.,Haywood Highsmith,Duncan Robinson,Thomas Bryant,Alec Burks,,,,,
20241028,MIL,2025,Giannis Antetokounmpo,Gary Trent Jr.,Damian Lillard,Brook Lopez,Taurean Prince,Bobby Portis,Pat Connaughton,Delon Wright,Andre Jackson Jr.,MarJon Beauchamp,A.J. Green,Ryan Rollins,Tyler Smith,,
20241028,NYK,2025,Mikal Bridges,Josh Hart,Jalen Brunson,OG Anunoby,Karl-Anthony Towns,Miles McBride,Ariel Hukporti,Cameron Payne,Jericho Sims,,,,,,
20241028,ORL,2025,Paolo Banchero,Jalen Suggs,Wendell Carter Jr.,Kentavious Caldwell-Pope,Franz Wagner,Anthony Black,Gary Harris,Moritz Wagner,Cole Anthony,Jett Howard,,,,,
20241028,PHO,2025,Devin Booker,Kevin Durant,Bradley Beal,Tyus Jones,Jusuf Nurkić,Mason Plumlee,Royce O'Neale,Ryan Dunn,Grayson Allen,Monte Morris,,,,,
20241028,POR,2025,Deandre Ayton,Anfernee Simons,Jerami Grant,Deni Avdija,Toumani Camara,Scoot Henderson,Kris Murray,Jabari Walker,Donovan Clingan,Rayan Rupert,Duop Reath,Dalano Banton,,,
20241028,SAC,2025,Domantas Sabonis,De'Aaron Fox,DeMar DeRozan,Keegan Murray,Kevin Huerter,Malik Monk,Trey Lyles,Keon Ellis,Alex Len,Jordan McLaughlin,Doug McDermott,Colby Jones,Isaac Jones,,
20241028,SAS,2025,Victor Wembanyama,Jeremy Sochan,Harrison Barnes,Chris Paul,Julian Champagnie,Keldon Johnson,Stephon Castle,Malaki Branham,Zach Collins,Blake Wesley,,,,,
20241028,TOR,2025,Jakob Poeltl,Gradey Dick,Scottie Barnes,Davion Mitchell,RJ Barrett,Ochai Agbaji,Jamal Shead,Jonathan Mogbo,Chris Boucher,Jamison Battle,D.J. Carton,,,,
20241028,UTA,2025,Keyonte George,Lauri Markkanen,Walker Kessler,Collin Sexton,Taylor Hendricks,Jordan Clarkson,John Collins,Cody Williams,Brice Sensabaugh,Patty Mills,Kyle Filipowski,,,,
20241028,WAS,2025,Kyle Kuzma,Bilal Coulibaly,Jordan Poole,Alex Sarr,Jonas Valančiūnas,Corey Kispert,Kyshawn George,Carlton Carrington,Marvin Bagley III,,,,,,
20241029,BRK,2025,Dennis Schröder,Cameron Johnson,Cam Thomas,Dorian Finney-Smith,Noah Clowney,Nic Claxton,Ziaire Williams,Jalen Wilson,Shake Milton,Keon Johnson,,,,,
20241029,DAL,2025,Luka Dončić,Kyrie Irving,P.J. Washington,Klay Thompson,Daniel Gafford,Dereck Lively II,Spencer Dinwiddie,Naji Marshall,Quentin Grimes,Jaden Hardy,,,,,
20241029,DEN,2025,Michael Porter Jr.,Nikola Jokić,Christian Braun,Jamal Murray,Aaron Gordon,Julian Strawther,Russell Westbrook,Peyton Watson,Dario Šarić,,,,,,
20241029,GSW,2025,Brandin Podziemski,Buddy Hield,Draymond Green,Moses Moody,Trayce Jackson-Davis,Lindy Waters III,Jonathan Kuminga,Kevon Looney,Kyle Anderson,Gary Payton II,Pat Spencer,Reece Beekman,Gui Santos,,
20241029,MIN,2025,Anthony Edwards,Julius Randle,Jaden McDaniels,Rudy Gobert,Mike Conley,Donte DiVincenzo,Naz Reid,Nickeil Alexander-Walker,Joe Ingles,,,,,,
20241029,NOP,2025,Brandon Ingram,CJ McCollum,Zion Williamson,Daniel Theis,Herbert Jones,Jordan Hawkins,Yves Missi,Jose Alvarado,Javonte Green,Jeremiah Robinson-Earl,Jamal Cain,Brandon Boston Jr.,,,
20241029,SAC,2025,DeMar DeRozan,Domantas Sabonis,Keegan Murray,De'Aaron Fox,Kevin Huerter,Malik Monk,Trey Lyles,Keon Ellis,Alex Len,Doug McDermott,Colby Jones,Jordan McLaughlin,Isaac Jones,,
20241029,UTA,2025,Keyonte George,Cody Williams,Walker Kessler,Jordan Clarkson,Lauri Markkanen,Kyle Filipowski,John Collins,Collin Sexton,Patty Mills,Brice Sensabaugh,Johnny Juzang,Drew Eubanks,,,
20241030,ATL,2025,Trae Young,Jalen Johnson,Zaccharie Risacher,David Roddy,Clint Capela,Onyeka Okongwu,Garrison Mathews,Keaton Wallace,Larry Nance Jr.,,,,,,
20241030,BOS,2025,Jayson Tatum,Jaylen Brown,Derrick White,Jrue Holiday,Al Horford,Payton Pritchard,Luke Kornet,Sam Hauser,Neemias Queta,Jordan Walsh,Xavier Tillman Sr.,,,,
20241030,BRK,2025,Cameron Johnson,Dennis Schröder,Cam Thomas,Dorian Finney-Smith,Ben Simmons,Jalen Wilson,Ziaire Williams,Keon Johnson,Noah Clowney,Yongxi Cui,Jaylen Martin,Tyrese Martin,Shake Milton,,
20241030,CHI,2025,Coby White,Zach LaVine,Nikola Vučević,Josh Giddey,Patrick Williams,Ayo Dosunmu,Julian Phillips,Dalen Terry,Adama Sanogo,Matas Buzelis,Torrey Craig,,,,
20241030,CHO,2025,Nick Richards,LaMelo Ball,Seth Curry,Miles Bridges,Josh Green,Tre Mann,Cody Martin,Grant Williams,Tidjane Salaün,Moussa Diabaté,,,,,
20241030,CLE,2025,Jarrett Allen,Donovan Mitchell,Dean Wade,Darius Garland,Evan Mobley,Caris LeVert,Georges Niang,Sam Merrill,Isaac Okoro,Ty Jerome,Tristan Thompson,Jaylon Tyson,,,
20241030,DET,2025,Jaden Ivey,Cade Cunningham,Tobias Harris,Tim Hardaway Jr.,Jalen Duren,Isaiah Stewart,Malik Beasley,Simone Fontecchio,Ron Holland,,,,,,
20241030,GSW,2025,Brandin Podziemski,Draymond Green,Moses Moody,Lindy Waters III,Trayce Jackson-Davis,Buddy Hield,Jonathan Kuminga,Kyle Anderson,Kevon Looney,Gary Payton II,Reece Beekman,Gui Santos,Pat Spencer,,
20241030,IND,2025,Tyrese Haliburton,Pascal Siakam,Aaron Nesmith,Isaiah Jackson,Andrew Nembhard,Bennedict Mathurin,Obi Toppin,T.J. McConnell,Ben Sheppard,Jarace Walker,,,,,
20241030,LAC,2025,Norman Powell,Derrick Jones Jr.,James Harden,Ivica Zubac,Terance Mann,Amir Coffey,Kris Dunn,Kai Jones,Kevin Porter Jr.,Nicolas Batum,,,,,
20241030,LAL,2025,Anthony Davis,LeBron James,Rui Hachimura,Austin Reaves,D'Angelo Russell,Max Christie,Dalton Knecht,Jaxson Hayes,Gabe Vincent,Cam Reddish,Bronny James,,,,
20241030,MEM,2025,Ja Morant,Jaren Jackson Jr.,Zach Edey,Desmond Bane,Marcus Smart,Jake LaRavia,Jaylen Wells,Santi Aldama,Brandon Clarke,Scotty Pippen Jr.,John Konchar,Jay Huff,Yuki Kawamura,,
20241030,MIA,2025,Jimmy Butler,Tyler Herro,Terry Rozier,Bam Adebayo,Nikola Jović,Jaime Jaquez Jr.,Dru Smith,Thomas Bryant,Duncan Robinson,,,,,,
20241030,NOP,2025,Jordan Hawkins,Jose Alvarado,Zion Williamson,Brandon Ingram,Daniel Theis,Javonte Green,Jamal Cain,Jeremiah Robinson-Earl,Yves Missi,Brandon Boston Jr.,Trey Jemison,,,,
20241030,NYK,2025,Josh Hart,Mikal Bridges,Karl-Anthony Towns,OG Anunoby,Jalen Brunson,Miles McBride,Cameron Payne,Jericho Sims,,,,,,,
20241030,OKC,2025,Cason Wallace,Chet Holmgren,Shai Gilgeous-Alexander,Jalen Williams,Luguentz Dort,Alex Caruso,Ajay Mitchell,Isaiah Joe,Ousmane Dieng,Aaron Wiggins,Dillon Jones,Alex Ducas,Adam Flagler,,
20241030,ORL,2025,Paolo Banchero,Jalen Suggs,Kentavious Caldwell-Pope,Wendell Carter Jr.,Franz Wagner,Anthony Black,Gary Harris,Moritz Wagner,Jonathan Isaac,Jett Howard,,,,,
20241030,PHI,2025,Tyrese Maxey,Caleb Martin,Kelly Oubre Jr.,Andre Drummond,Kyle Lowry,KJ Martin,Jared McCain,Guerschon Yabusele,Eric Gordon,Ricky Council IV,Adem Bona,,,,
20241030,POR,2025,Toumani Camara,Anfernee Simons,Jerami Grant,Deandre Ayton,Deni Avdija,Scoot Henderson,Kris Murray,Donovan Clingan,Rayan Rupert,Jabari Walker,,,,,
20241030,SAS,2025,Jeremy Sochan,Harrison Barnes,Victor Wembanyama,Chris Paul,Julian Champagnie,Keldon Johnson,Stephon Castle,Malaki Branham,Blake Wesley,Zach Collins,Sandro Mamukelashvili,Sidy Cissoko,,,
20241030,TOR,2025,Gradey Dick,Jakob Poeltl,RJ Barrett,Davion Mitchell,Jonathan Mogbo,Ochai Agbaji,Jamal Shead,Chris Boucher,Jamison Battle,Bruno Fernando,,,,,
20241030,WAS,2025,Bilal Coulibaly,Carlton Carrington,Jordan Poole,Kyshawn George,Alex Sarr,Corey Kispert,Jonas Valančiūnas,Jared Butler,Johnny Davis,Marvin Bagley III,Patrick Baldwin Jr.,,,,
20241031,DAL,2025,Kyrie Irving,Luka Dončić,P.J. Washington,Klay Thompson,Daniel Gafford,Naji Marshall,Dereck Lively II,Spencer Dinwiddie,Jaden Hardy,Quentin Grimes,Dwight Powell,,,,
20241031,HOU,2025,Dillon Brooks,Fred VanVleet,Jalen Green,Alperen Sengun,Jabari Smith Jr.,Tari Eason,Amen Thompson,Steven Adams,Cam Whitmore,Reed Sheppard,,,,,
20241031,LAC,2025,James Harden,Ivica Zubac,Terance Mann,Norman Powell,Derrick Jones Jr.,Kris Dunn,Nicolas Batum,Kevin Porter Jr.,Amir Coffey,Kai Jones,,,,,
20241031,MEM,2025,Jaylen Wells,Santi Aldama,Ja Morant,Jaren Jackson Jr.,Zach Edey,Jake LaRavia,Scotty Pippen Jr.,Jay Huff,Brandon Clarke,Yuki Kawamura,Colin Castleton,,,,
20241031,MIL,2025,Giannis Antetokounmpo,Damian Lillard,Taurean Prince,Brook Lopez,Gary Trent Jr.,Bobby Portis,Delon Wright,Andre Jackson Jr.,Pat Connaughton,Ryan Rollins,MarJon Beauchamp,Liam Robbins,A.J. Green,Tyler Smith,
20241031,PHO,2025,Kevin Durant,Devin Booker,Ryan Dunn,Tyus Jones,Jusuf Nurkić,Royce O'Neale,Grayson Allen,Mason Plumlee,Oso Ighodaro,Monte Morris,,,,,
20241031,SAS,2025,Victor Wembanyama,Chris Paul,Jeremy Sochan,Julian Champagnie,Harrison Barnes,Keldon Johnson,Stephon Castle,Malaki Branham,Zach Collins,Sandro Mamukelashvili,Blake Wesley,,,,
20241031,UTA,2025,Keyonte George,Walker Kessler,Cody Williams,Jordan Clarkson,Kyle Filipowski,John Collins,Collin Sexton,Drew Eubanks,Patty Mills,Brice Sensabaugh,Johnny Juzang,,,,
20241101,ATL,2025,Trae Young,Jalen Johnson,Clint Capela,Zaccharie Risacher,Larry Nance Jr.,Garrison Mathews,Keaton Wallace,David Roddy,Onyeka Okongwu,,,,,,
20241101,BOS,2025,Jaylen Brown,Jayson Tatum,Derrick White,Jrue Holiday,Luke Kornet,Payton Pritchard,Neemias Queta,Sam Hauser,Jordan Walsh,,,,,,
20241101,BRK,2025,Dennis Schröder,Cam Thomas,Cameron Johnson,Dorian Finney-Smith,Ben Simmons,Nic Claxton,Jalen Wilson,Ziaire Williams,Noah Clowney,Keon Johnson,,,,,
20241101,CHI,2025,Coby White,Nikola Vučević,Zach LaVine,Josh Giddey,Patrick Williams,Ayo Dosunmu,Julian Phillips,Dalen Terry,Jalen Smith,Talen Horton-Tucker,,,,,
20241101,CHO,2025,Miles Bridges,LaMelo Ball,Josh Green,Seth Curry,Nick Richards,Grant Williams,Tre Mann,Cody Martin,Tidjane Salaün,Moussa Diabaté,,,,,
20241101,CLE,2025,Evan Mobley,Darius Garland,Jarrett Allen,Dean Wade,Donovan Mitchell,Caris LeVert,Ty Jerome,Sam Merrill,Isaac Okoro,Georges Niang,Tristan Thompson,Luke Travers,,,
20241101,DEN,2025,Nikola Jokić,Michael Porter Jr.,Aaron Gordon,Christian Braun,Jamal Murray,Russell Westbrook,Julian Strawther,Peyton Watson,Hunter Tyson,Dario Šarić,,,,,
20241101,DET,2025,Cade Cunningham,Tobias Harris,Tim Hardaway Jr.,Jaden Ivey,Jalen Duren,Malik Beasley,Ron Holland,Simone Fontecchio,Marcus Sasser,Isaiah Stewart,Paul Reed,Wendell Moore Jr.,Daniss Jenkins,,
20241101,IND,2025,Tyrese Haliburton,Bennedict Mathurin,Pascal Siakam,Myles Turner,Aaron Nesmith,Ben Sheppard,T.J. McConnell,Obi Toppin,Isaiah Jackson,Jarace Walker,,,,,
20241101,LAL,2025,LeBron James,Anthony Davis,Austin Reaves,Rui Hachimura,D'Angelo Russell,Gabe Vincent,Dalton Knecht,Jaxson Hayes,Max Christie,,,,,,
20241101,MIN,2025,Anthony Edwards,Julius Randle,Rudy Gobert,Mike Conley,Jaden McDaniels,Donte DiVincenzo,Nickeil Alexander-Walker,Naz Reid,Joe Ingles,,,,,,
20241101,NOP,2025,Zion Williamson,Jordan Hawkins,Brandon Ingram,Jose Alvarado,Yves Missi,Brandon Boston Jr.,Javonte Green,Daniel Theis,Jamal Cain,Jeremiah Robinson-Earl,,,,,
20241101,NYK,2025,Josh Hart,Mikal Bridges,OG Anunoby,Jalen Brunson,Karl-Anthony Towns,Miles McBride,Jericho Sims,Cameron Payne,Tyler Kolek,Pacome Dadiet,Jacob Toppin,Ariel Hukporti,,,
20241101,OKC,2025,Shai Gilgeous-Alexander,Isaiah Joe,Jalen Williams,Luguentz Dort,Chet Holmgren,Aaron Wiggins,Cason Wallace,Ousmane Dieng,Alex Caruso,Ajay Mitchell,Dillon Jones,Malevy Leons,,,
20241101,ORL,2025,Jalen Suggs,Franz Wagner,Moritz Wagner,Anthony Black,Kentavious Caldwell-Pope,Gary Harris,Tristan Da Silva,Jett Howard,Jonathan Isaac,Cole Anthony,Cory Joseph,Caleb Houstan,,,
20241101,POR,2025,Anfernee Simons,Jerami Grant,Deandre Ayton,Toumani Camara,Deni Avdija,Scoot Henderson,Rayan Rupert,Kris Murray,Donovan Clingan,Jabari Walker,Dalano Banton,Duop Reath,,,
20241101,SAC,2025,Keegan Murray,DeMar DeRozan,De'Aaron Fox,Domantas Sabonis,Kevin Huerter,Malik Monk,Keon Ellis,Trey Lyles,,,,,,,
20241101,TOR,2025,Jakob Poeltl,Ochai Agbaji,RJ Barrett,Gradey Dick,Davion Mitchell,Ja'Kobe Walter,Jonathan Mogbo,Jamal Shead,Chris Boucher,D.J. Carton,,,,,
20241102,BOS,2025,Jrue Holiday,Jayson Tatum,Derrick White,Luke Kornet,Al Horford,Payton Pritchard,Sam Hauser,Neemias Queta,Jordan Walsh,Xavier Tillman Sr.,,,,,
20241102,CHO,2025,LaMelo Ball,Grant Williams,Brandon Miller,Miles Bridges,Josh Green,Tre Mann,Cody Martin,Tidjane Salaün,Moussa Diabaté,Nick Smith Jr.,Taj Gibson,,,,
20241102,CLE,2025,Donovan Mitchell,Darius Garland,Jarrett Allen,Evan Mobley,Dean Wade,Isaac Okoro,Sam Merrill,Georges Niang,Ty Jerome,Craig Porter Jr.,,,,,
20241102,DEN,2025,Christian Braun,Russell Westbrook,Nikola Jokić,Michael Porter Jr.,Aaron Gordon,Hunter Tyson,Peyton Watson,Julian Strawther,DeAndre Jordan,Zeke Nnaji,Trey Alexander,Spencer Jones,Jalen Pickett,,
20241102,GSW,2025,Brandin Podziemski,Draymond Green,Andrew Wiggins,Moses Moody,Trayce Jackson-Davis,Buddy Hield,Jonathan Kuminga,Kyle Anderson,Kevon Looney,Lindy Waters III,Gary Payton II,,,,
20241102,HOU,2025,Fred VanVleet,Jabari Smith Jr.,Jalen Green,Dillon Brooks,Alperen Sengun,Tari Eason,Amen Thompson,Aaron Holiday,Reed Sheppard,Jock Landale,Cam Whitmore,Jeff Green,,,
20241102,LAC,2025,James Harden,Norman Powell,Ivica Zubac,Terance Mann,Derrick Jones Jr.,Amir Coffey,Kris Dunn,Nicolas Batum,Kevin Porter Jr.,Kai Jones,Bones Hyland,Jordan Miller,Kobe Brown,,
20241102,MEM,2025,Jaylen Wells,Santi Aldama,Ja Morant,Jaren Jackson Jr.,Zach Edey,Scotty Pippen Jr.,Jake LaRavia,Jay Huff,Brandon Clarke,Yuki Kawamura,,,,,
20241102,MIA,2025,Terry Rozier,Bam Adebayo,Jimmy Butler,Nikola Jović,Tyler Herro,Alec Burks,Jaime Jaquez Jr.,Josh Richardson,Thomas Bryant,Pelle Larsson,Dru Smith,Kel'el Ware,Haywood Highsmith,,
20241102,MIL,2025,Giannis Antetokounmpo,Damian Lillard,Brook Lopez,Gary Trent Jr.,Taurean Prince,Bobby Portis,Delon Wright,Andre Jackson Jr.,Pat Connaughton,,,,,,
20241102,MIN,2025,Anthony Edwards,Jaden McDaniels,Julius Randle,Rudy Gobert,Mike Conley,Donte DiVincenzo,Naz Reid,Nickeil Alexander-Walker,Josh Minott,PJ Dozier,Rob Dillingham,Luka Garza,Terrence Shannon Jr.,,
20241102,OKC,2025,Jalen Williams,Shai Gilgeous-Alexander,Aaron Wiggins,Luguentz Dort,Chet Holmgren,Cason Wallace,Isaiah Joe,Alex Caruso,Ousmane Dieng,Ajay Mitchell,Dillon Jones,Malevy Leons,,,
20241102,PHI,2025,Tyrese Maxey,Andre Drummond,Caleb Martin,Kelly Oubre Jr.,Kyle Lowry,Eric Gordon,KJ Martin,Guerschon Yabusele,Jared McCain,Reggie Jackson,Ricky Council IV,Adem Bona,Jeff Dowtin,,
20241102,PHO,2025,Kevin Durant,Devin Booker,Bradley Beal,Tyus Jones,Jusuf Nurkić,Royce O'Neale,Grayson Allen,Mason Plumlee,Ryan Dunn,Monte Morris,,,,,
20241102,POR,2025,Anfernee Simons,Jerami Grant,Toumani Camara,Deni Avdija,Deandre Ayton,Scoot Henderson,Donovan Clingan,Kris Murray,Dalano Banton,Rayan Rupert,,,,,
20241102,SAC,2025,De'Aaron Fox,DeMar DeRozan,Domantas Sabonis,Keegan Murray,Doug McDermott,Malik Monk,Keon Ellis,Trey Lyles,Jordan McLaughlin,,,,,,
20241102,SAS,2025,Harrison Barnes,Jeremy Sochan,Chris Paul,Victor Wembanyama,Julian Champagnie,Keldon Johnson,Stephon Castle,Malaki Branham,Zach Collins,Charles Bassey,Sidy Cissoko,Sandro Mamukelashvili,Blake Wesley,,
20241102,TOR,2025,RJ Barrett,Gradey Dick,Davion Mitchell,Ochai Agbaji,Jakob Poeltl,Chris Boucher,Jonathan Mogbo,Jamison Battle,Jamal Shead,Ja'Kobe Walter,,,,,
20241102,UTA,2025,Keyonte George,Walker Kessler,Collin Sexton,Cody Williams,Kyle Filipowski,Johnny Juzang,John Collins,Drew Eubanks,Brice Sensabaugh,Patty Mills,Svi Mykhailiuk,,,,
20241102,WAS,2025,Carlton Carrington,Bilal Coulibaly,Jordan Poole,Alex Sarr,Kyshawn George,Corey Kispert,Johnny Davis,Jonas Valančiūnas,Jared Butler,Marvin Bagley III,Patrick Baldwin Jr.,Anthony Gill,Richaun Holmes,,
20241103,ATL,2025,Jalen Johnson,Trae Young,Zaccharie Risacher,Dyson Daniels,Clint Capela,David Roddy,Larry Nance Jr.,Keaton Wallace,Garrison Mathews,Dominick Barlow,,,,,
20241103,BRK,2025,Dennis Schröder,Cam Thomas,Cameron Johnson,Dorian Finney-Smith,Ben Simmons,Nic Claxton,Jalen Wilson,Noah Clowney,Ziaire Williams,Keon Johnson,Tyrese Martin,Shake Milton,,,
20241103,DAL,2025,Luka Dončić,Klay Thompson,Kyrie Irving,P.J. Washington,Daniel Gafford,Naji Marshall,Dereck Lively II,Quentin Grimes,Spencer Dinwiddie,Jaden Hardy,Dwight Powell,Olivier-Maxence Prosper,Brandon Williams,,
20241103,DET,2025,Cade Cunningham,Jaden Ivey,Tobias Harris,Jalen Duren,Tim Hardaway Jr.,Malik Beasley,Simone Fontecchio,Isaiah Stewart,Ron Holland,,,,,,
20241103,NOP,2025,Jordan Hawkins,Brandon Ingram,Jose Alvarado,Yves Missi,Javonte Green,Brandon Boston Jr.,Jeremiah Robinson-Earl,Jamal Cain,Daniel Theis,Antonio Reeves,Trey Jemison,Jaylen Nowell,,,
20241103,ORL,2025,Tristan Da Silva,Jalen Suggs,Kentavious Caldwell-Pope,Franz Wagner,Wendell Carter Jr.,Jett Howard,Anthony Black,Moritz Wagner,Jonathan Isaac,Cole Anthony,Gary Harris,Caleb Houstan,Cory Joseph,,
20241104,ATL,2025,Jalen Johnson,Zaccharie Risacher,Dyson Daniels,Trae Young,Clint Capela,David Roddy,Garrison Mathews,Onyeka Okongwu,Keaton Wallace,Dominick Barlow,Mouhamed Gueye,,,,
20241104,BOS,2025,Jayson Tatum,Derrick White,Jrue Holiday,Neemias Queta,Al Horford,Payton Pritchard,Sam Hauser,Jordan Walsh,Luke Kornet,Xavier Tillman Sr.,Jaden Springer,Baylor Scheierman,JD Davison,,
20241104,BRK,2025,Cameron Johnson,Dennis Schröder,Cam Thomas,Dorian Finney-Smith,Nic Claxton,Jalen Wilson,Ziaire Williams,Keon Johnson,Shake Milton,,,,,,
20241104,CHI,2025,Ayo Dosunmu,Coby White,Nikola Vučević,Josh Giddey,Patrick Williams,Talen Horton-Tucker,Dalen Terry,Julian Phillips,Jalen Smith,Matas Buzelis,,,,,
20241104,CHO,2025,Josh Green,Miles Bridges,LaMelo Ball,Brandon Miller,Taj Gibson,Tidjane Salaün,Grant Williams,Tre Mann,Cody Martin,Moussa Diabaté,Seth Curry,Nick Smith Jr.,Jared Rhoden,KJ Simpson,
20241104,CLE,2025,Darius Garland,Jarrett Allen,Evan Mobley,Donovan Mitchell,Isaac Okoro,Sam Merrill,Georges Niang,Ty Jerome,Craig Porter Jr.,Luke Travers,,,,,
20241104,DAL,2025,Luka Dončić,Kyrie Irving,P.J. Washington,Klay Thompson,Daniel Gafford,Naji Marshall,Spencer Dinwiddie,Quentin Grimes,Dwight Powell,,,,,,
20241104,DEN,2025,Nikola Jokić,Michael Porter Jr.,Christian Braun,Russell Westbrook,Aaron Gordon,Peyton Watson,Julian Strawther,Hunter Tyson,Zeke Nnaji,DeAndre Jordan,,,,,
20241104,DET,2025,Cade Cunningham,Jaden Ivey,Tim Hardaway Jr.,Tobias Harris,Jalen Duren,Malik Beasley,Isaiah Stewart,Ron Holland,Simone Fontecchio,,,,,,
20241104,GSW,2025,Draymond Green,Stephen Curry,Trayce Jackson-Davis,Andrew Wiggins,Gary Payton II,Buddy Hield,Jonathan Kuminga,Kevon Looney,Kyle Anderson,Moses Moody,Lindy Waters III,Brandin Podziemski,,,
20241104,HOU,2025,Fred VanVleet,Alperen Sengun,Jalen Green,Dillon Brooks,Jabari Smith Jr.,Amen Thompson,Tari Eason,Reed Sheppard,Steven Adams,,,,,,
20241104,IND,2025,Pascal Siakam,Tyrese Haliburton,Myles Turner,Bennedict Mathurin,Andrew Nembhard,Obi Toppin,T.J. McConnell,Ben Sheppard,Jarace Walker,,,,,,
20241104,LAC,2025,Ivica Zubac,Norman Powell,James Harden,Derrick Jones Jr.,Terance Mann,Amir Coffey,Kris Dunn,Nicolas Batum,Kevin Porter Jr.,Kai Jones,,,,,
20241104,LAL,2025,LeBron James,Austin Reaves,Anthony Davis,Rui Hachimura,D'Angelo Russell,Gabe Vincent,Cam Reddish,Jaxson Hayes,Dalton Knecht,Max Christie,,,,,
20241104,MEM,2025,Jaylen Wells,Ja Morant,Jaren Jackson Jr.,Santi Aldama,Zach Edey,Jake LaRavia,Scotty Pippen Jr.,Brandon Clarke,Jay Huff,,,,,,
20241104,MIA,2025,Bam Adebayo,Jimmy Butler,Tyler Herro,Terry Rozier,Nikola Jović,Pelle Larsson,Josh Richardson,Duncan Robinson,Alec Burks,Thomas Bryant,Haywood Highsmith,,,,
20241104,MIL,2025,Bobby Portis,Damian Lillard,Brook Lopez,Gary Trent Jr.,Taurean Prince,A.J. Green,Andre Jackson Jr.,Pat Connaughton,Ryan Rollins,Delon Wright,,,,,
20241104,MIN,2025,Rudy Gobert,Anthony Edwards,Julius Randle,Mike Conley,Jaden McDaniels,Donte DiVincenzo,Naz Reid,Nickeil Alexander-Walker,Josh Minott,Rob Dillingham,Luka Garza,PJ Dozier,Terrence Shannon Jr.,,
20241104,NOP,2025,Brandon Boston Jr.,Jeremiah Robinson-Earl,Jose Alvarado,Brandon Ingram,Yves Missi,Jaylen Nowell,Daniel Theis,Javonte Green,Jamal Cain,Trey Jemison,Antonio Reeves,,,,
20241104,NYK,2025,Jalen Brunson,Mikal Bridges,OG Anunoby,Josh Hart,Karl-Anthony Towns,Miles McBride,Jericho Sims,Tyler Kolek,,,,,,,
20241104,OKC,2025,Shai Gilgeous-Alexander,Jalen Williams,Luguentz Dort,Cason Wallace,Chet Holmgren,Isaiah Joe,Alex Caruso,Aaron Wiggins,Ajay Mitchell,Dillon Jones,Ousmane Dieng,Malevy Leons,,,
20241104,ORL,2025,Jalen Suggs,Franz Wagner,Tristan Da Silva,Kentavious Caldwell-Pope,Goga Bitadze,Moritz Wagner,Anthony Black,Jett Howard,Jonathan Isaac,Caleb Houstan,Cory Joseph,Cole Anthony,,,
20241104,PHI,2025,Tyrese Maxey,Caleb Martin,Kelly Oubre Jr.,Paul George,Andre Drummond,Guerschon Yabusele,Kyle Lowry,Eric Gordon,Jared McCain,KJ Martin,,,,,
20241104,PHO,2025,Kevin Durant,Devin Booker,Bradley Beal,Tyus Jones,Jusuf Nurkić,Grayson Allen,Royce O'Neale,Mason Plumlee,Ryan Dunn,,,,,,
20241104,POR,2025,Toumani Camara,Jerami Grant,Anfernee Simons,Deandre Ayton,Deni Avdija,Scoot Henderson,Rayan Rupert,Donovan Clingan,Dalano Banton,Kris Murray,Jabari Walker,,,,
20241104,SAC,2025,Keegan Murray,Domantas Sabonis,De'Aaron Fox,DeMar DeRozan,Keon Ellis,Malik Monk,Trey Lyles,Jordan McLaughlin,Alex Len,,,,,,
20241104,SAS,2025,Julian Champagnie,Harrison Barnes,Victor Wembanyama,Chris Paul,Jeremy Sochan,Keldon Johnson,Stephon Castle,Malaki Branham,Zach Collins,Sandro Mamukelashvili,,,,,
20241104,TOR,2025,Gradey Dick,Ochai Agbaji,RJ Barrett,Jakob Poeltl,Davion Mitchell,Jonathan Mogbo,Jamal Shead,Chris Boucher,Jamison Battle,Ja'Kobe Walter,Bruno Fernando,,,,
20241104,UTA,2025,Keyonte George,Collin Sexton,Walker Kessler,Cody Williams,Kyle Filipowski,John Collins,Johnny Juzang,Drew Eubanks,Patty Mills,Brice Sensabaugh,,,,,
20241104,WAS,2025,Bilal Coulibaly,Kyshawn George,Jordan Poole,Carlton Carrington,Alex Sarr,Corey Kispert,Jonas Valančiūnas,Johnny Davis,Jared Butler,Anthony Gill,,,,,
20241106,ATL,2025,Jalen Johnson,Zaccharie Risacher,Dyson Daniels,Trae Young,Clint Capela,Onyeka Okongwu,Garrison Mathews,Keaton Wallace,David Roddy,,,,,,
20241106,BOS,2025,Jayson Tatum,Derrick White,Jrue Holiday,Al Horford,Neemias Queta,Payton Pritchard,Sam Hauser,Luke Kornet,Jordan Walsh,,,,,,
20241106,CHI,2025,Coby White,Josh Giddey,Ayo Dosunmu,Nikola Vučević,Patrick Williams,Dalen Terry,Matas Buzelis,Talen Horton-Tucker,Jalen Smith,Julian Phillips,Chris Duarte,Jevon Carter,Torrey Craig,,
20241106,CHO,2025,Miles Bridges,LaMelo Ball,Brandon Miller,Josh Green,Taj Gibson,Cody Martin,Grant Williams,Tre Mann,Tidjane Salaün,Seth Curry,Moussa Diabaté,,,,
20241106,CLE,2025,Jarrett Allen,Donovan Mitchell,Darius Garland,Evan Mobley,Isaac Okoro,Caris LeVert,Georges Niang,Sam Merrill,Ty Jerome,Craig Porter Jr.,,,,,
20241106,DAL,2025,Luka Dončić,Kyrie Irving,Klay Thompson,Daniel Gafford,Naji Marshall,Spencer Dinwiddie,Olivier-Maxence Prosper,Dwight Powell,Quentin Grimes,Jaden Hardy,Brandon Williams,Kessler Edwards,Markieff Morris,Jazian Gortman,
20241106,DEN,2025,Michael Porter Jr.,Nikola Jokić,Christian Braun,Peyton Watson,Russell Westbrook,Julian Strawther,Hunter Tyson,Zeke Nnaji,,,,,,,
20241106,DET,2025,Cade Cunningham,Jaden Ivey,Tobias Harris,Tim Hardaway Jr.,Jalen Duren,Isaiah Stewart,Malik Beasley,Simone Fontecchio,Ron Holland,Paul Reed,,,,,
20241106,GSW,2025,Stephen Curry,Andrew Wiggins,Draymond Green,Trayce Jackson-Davis,Moses Moody,Buddy Hield,Kyle Anderson,Gary Payton II,Jonathan Kuminga,Kevon Looney,Lindy Waters III,,,,
20241106,HOU,2025,Jalen Green,Fred VanVleet,Dillon Brooks,Alperen Sengun,Jabari Smith Jr.,Amen Thompson,Tari Eason,Reed Sheppard,Jock Landale,Cam Whitmore,Aaron Holiday,Jeff Green,Jae'Sean Tate,Jack McVeigh,
20241106,IND,2025,Tyrese Haliburton,Myles Turner,Bennedict Mathurin,Pascal Siakam,Andrew Nembhard,Jarace Walker,Obi Toppin,T.J. McConnell,Ben Sheppard,,,,,,
20241106,LAC,2025,Norman Powell,James Harden,Ivica Zubac,Derrick Jones Jr.,Terance Mann,Amir Coffey,Nicolas Batum,Kris Dunn,Kevin Porter Jr.,Kai Jones,Kobe Brown,Bones Hyland,Jordan Miller,,
20241106,LAL,2025,LeBron James,Austin Reaves,Jaxson Hayes,Dalton Knecht,D'Angelo Russell,Cam Reddish,Gabe Vincent,Max Christie,Christian Koloko,Bronny James,,,,,
20241106,MEM,2025,Jaren Jackson Jr.,Santi Aldama,Jaylen Wells,Ja Morant,Zach Edey,Jake LaRavia,Scotty Pippen Jr.,Brandon Clarke,Luke Kennard,Jay Huff,Yuki Kawamura,Colin Castleton,,,
20241106,MIA,2025,Jimmy Butler,Tyler Herro,Bam Adebayo,Terry Rozier,Nikola Jović,Haywood Highsmith,Pelle Larsson,Alec Burks,Duncan Robinson,Kel'el Ware,,,,,
20241106,NOP,2025,Brandon Ingram,Brandon Boston Jr.,Jose Alvarado,Zion Williamson,Yves Missi,Javonte Green,Jeremiah Robinson-Earl,Jordan Hawkins,Daniel Theis,,,,,,
20241106,NYK,2025,OG Anunoby,Mikal Bridges,Josh Hart,Karl-Anthony Towns,Jalen Brunson,Miles McBride,Jericho Sims,Tyler Kolek,,,,,,,
20241106,OKC,2025,Shai Gilgeous-Alexander,Jalen Williams,Chet Holmgren,Luguentz Dort,Isaiah Joe,Alex Caruso,Cason Wallace,Aaron Wiggins,Ousmane Dieng,Ajay Mitchell,,,,,
20241106,ORL,2025,Franz Wagner,Kentavious Caldwell-Pope,Jalen Suggs,Goga Bitadze,Tristan Da Silva,Anthony Black,Jonathan Isaac,Moritz Wagner,Gary Harris,Jett Howard,,,,,
20241106,PHI,2025,Andre Drummond,Tyrese Maxey,Caleb Martin,Kelly Oubre Jr.,Paul George,Kyle Lowry,KJ Martin,Eric Gordon,Jared McCain,Guerschon Yabusele,Ricky Council IV,Reggie Jackson,Adem Bona,,
20241106,PHO,2025,Devin Booker,Kevin Durant,Jusuf Nurkić,Tyus Jones,Bradley Beal,Royce O'Neale,Grayson Allen,Mason Plumlee,Ryan Dunn,,,,,,
20241106,SAC,2025,DeMar DeRozan,Keegan Murray,De'Aaron Fox,Domantas Sabonis,Kevin Huerter,Keon Ellis,Malik Monk,Alex Len,Trey Lyles,Jordan McLaughlin,Doug McDermott,Colby Jones,Isaac Jones,,
20241106,SAS,2025,Julian Champagnie,Stephon Castle,Victor Wembanyama,Chris Paul,Harrison Barnes,Malaki Branham,Keldon Johnson,Blake Wesley,Sandro Mamukelashvili,Zach Collins,Sidy Cissoko,Charles Bassey,David Duke Jr.,Harrison Ingram,Riley Minix
20241106,TOR,2025,Jakob Poeltl,RJ Barrett,Davion Mitchell,Ochai Agbaji,Gradey Dick,Chris Boucher,Jonathan Mogbo,Jamal Shead,Jamison Battle,Ja'Kobe Walter,Bruno Fernando,,,,
20241107,CHI,2025,Coby White,Ayo Dosunmu,Patrick Williams,Nikola Vučević,Josh Giddey,Talen Horton-Tucker,Matas Buzelis,Dalen Terry,Jalen Smith,Julian Phillips,Jevon Carter,Chris Duarte,,,
20241107,MIL,2025,Damian Lillard,Brook Lopez,Giannis Antetokounmpo,Andre Jackson Jr.,Taurean Prince,Bobby Portis,A.J. Green,Pat Connaughton,Gary Trent Jr.,Ryan Rollins,Liam Robbins,Tyler Smith,Stanley Umude,MarJon Beauchamp,
20241107,MIN,2025,Julius Randle,Anthony Edwards,Jaden McDaniels,Rudy Gobert,Mike Conley,Donte DiVincenzo,Nickeil Alexander-Walker,Naz Reid,Josh Minott,Terrence Shannon Jr.,Rob Dillingham,PJ Dozier,Luka Garza,,
20241107,POR,2025,Jerami Grant,Toumani Camara,Anfernee Simons,Deandre Ayton,Deni Avdija,Scoot Henderson,Shaedon Sharpe,Dalano Banton,Donovan Clingan,Rayan Rupert,Jabari Walker,Kris Murray,Duop Reath,,
20241107,SAS,2025,Julian Champagnie,Victor Wembanyama,Chris Paul,Stephon Castle,Harrison Barnes,Keldon Johnson,Malaki Branham,Blake Wesley,Zach Collins,Sandro Mamukelashvili,,,,,
20241107,UTA,2025,Lauri Markkanen,Collin Sexton,Cody Williams,Keyonte George,Walker Kessler,John Collins,Jordan Clarkson,Drew Eubanks,Johnny Juzang,Patty Mills,Isaiah Collier,Kyle Filipowski,Brice Sensabaugh,,
20241108,ATL,2025,Trae Young,Dyson Daniels,Jalen Johnson,Zaccharie Risacher,Clint Capela,Garrison Mathews,Onyeka Okongwu,David Roddy,Larry Nance Jr.,Keaton Wallace,,,,,
20241108,BOS,2025,Derrick White,Jayson Tatum,Jrue Holiday,Al Horford,Xavier Tillman Sr.,Sam Hauser,Payton Pritchard,Neemias Queta,Jordan Walsh,,,,,,
20241108,BRK,2025,Cameron Johnson,Cam Thomas,Dennis Schröder,Dorian Finney-Smith,Nic Claxton,Ben Simmons,Jalen Wilson,Ziaire Williams,Keon Johnson,,,,,,
20241108,CHO,2025,Brandon Miller,LaMelo Ball,Tidjane Salaün,Josh Green,Taj Gibson,Grant Williams,Moussa Diabaté,Tre Mann,Cody Martin,Seth Curry,Jared Rhoden,Nick Smith Jr.,,,
20241108,CLE,2025,Darius Garland,Jarrett Allen,Isaac Okoro,Evan Mobley,Donovan Mitchell,Ty Jerome,Caris LeVert,Dean Wade,Sam Merrill,Georges Niang,Craig Porter Jr.,Tristan Thompson,Jaylon Tyson,,
20241108,DAL,2025,Luka Dončić,Kyrie Irving,Klay Thompson,Naji Marshall,Daniel Gafford,Spencer Dinwiddie,Dwight Powell,Quentin Grimes,Jaden Hardy,Olivier-Maxence Prosper,Kessler Edwards,,,,
20241108,DEN,2025,Nikola Jokić,Michael Porter Jr.,Christian Braun,Jamal Murray,Peyton Watson,Julian Strawther,Russell Westbrook,Hunter Tyson,Zeke Nnaji,,,,,,
20241108,DET,2025,Cade Cunningham,Isaiah Stewart,Tobias Harris,Jaden Ivey,Tim Hardaway Jr.,Malik Beasley,Simone Fontecchio,Paul Reed,Ron Holland,,,,,,
20241108,GSW,2025,Stephen Curry,Andrew Wiggins,Draymond Green,Trayce Jackson-Davis,Gary Payton II,Jonathan Kuminga,Brandin Podziemski,Buddy Hield,De'Anthony Melton,Moses Moody,Kevon Looney,Kyle Anderson,Gui Santos,Lindy Waters III,
20241108,HOU,2025,Fred VanVleet,Jalen Green,Alperen Sengun,Dillon Brooks,Jabari Smith Jr.,Tari Eason,Amen Thompson,Reed Sheppard,Steven Adams,Jae'Sean Tate,Jack McVeigh,Jock Landale,Aaron Holiday,Jeff Green,
20241108,IND,2025,Bennedict Mathurin,Tyrese Haliburton,Pascal Siakam,Myles Turner,Ben Sheppard,Obi Toppin,Quenton Jackson,Jarace Walker,Enrique Freeman,Johnny Furphy,James Johnson,,,,
20241108,LAC,2025,Norman Powell,Ivica Zubac,James Harden,Derrick Jones Jr.,Terance Mann,Amir Coffey,Kevin Porter Jr.,Kris Dunn,Nicolas Batum,,,,,,
20241108,LAL,2025,Anthony Davis,LeBron James,Rui Hachimura,Austin Reaves,Cam Reddish,D'Angelo Russell,Dalton Knecht,Gabe Vincent,Jaxson Hayes,Max Christie,Jalen Hood-Schifino,Bronny James,Christian Koloko,Maxwell Lewis,
20241108,MEM,2025,Santi Aldama,Jaren Jackson Jr.,Scotty Pippen Jr.,Jaylen Wells,Brandon Clarke,Jake LaRavia,Zach Edey,John Konchar,Luke Kennard,Jay Huff,Yuki Kawamura,Colin Castleton,,,
20241108,MIA,2025,Tyler Herro,Bam Adebayo,Terry Rozier,Nikola Jović,Jimmy Butler,Haywood Highsmith,Josh Richardson,Duncan Robinson,Pelle Larsson,Thomas Bryant,Kel'el Ware,,,,
20241108,MIL,2025,Damian Lillard,Giannis Antetokounmpo,Taurean Prince,Brook Lopez,Andre Jackson Jr.,A.J. Green,Bobby Portis,Pat Connaughton,Ryan Rollins,Tyler Smith,MarJon Beauchamp,Liam Robbins,Stanley Umude,,
20241108,MIN,2025,Julius Randle,Anthony Edwards,Jaden McDaniels,Rudy Gobert,Mike Conley,Donte DiVincenzo,Nickeil Alexander-Walker,Naz Reid,Josh Minott,Rob Dillingham,Luka Garza,PJ Dozier,Terrence Shannon Jr.,,
20241108,NOP,2025,Brandon Boston Jr.,Jose Alvarado,Jeremiah Robinson-Earl,Brandon Ingram,Yves Missi,Javonte Green,Antonio Reeves,Jaylen Nowell,Trey Jemison,Daniel Theis,Jamal Cain,,,,
20241108,NYK,2025,Mikal Bridges,Josh Hart,OG Anunoby,Karl-Anthony Towns,Jalen Brunson,Miles McBride,Tyler Kolek,Jericho Sims,Matt Ryan,Pacome Dadiet,Ariel Hukporti,,,,
20241108,OKC,2025,Jalen Williams,Chet Holmgren,Shai Gilgeous-Alexander,Cason Wallace,Luguentz Dort,Aaron Wiggins,Isaiah Joe,Ajay Mitchell,Alex Caruso,Dillon Jones,Ousmane Dieng,Malevy Leons,,,
20241108,ORL,2025,Jalen Suggs,Franz Wagner,Kentavious Caldwell-Pope,Goga Bitadze,Tristan Da Silva,Anthony Black,Gary Harris,Moritz Wagner,Cole Anthony,Jonathan Isaac,Jett Howard,Caleb Houstan,Cory Joseph,,
20241108,PHI,2025,Kyle Lowry,Kelly Oubre Jr.,Caleb Martin,Paul George,Andre Drummond,Jared McCain,Guerschon Yabusele,KJ Martin,Ricky Council IV,Reggie Jackson,Jeff Dowtin,Adem Bona,Lester Quiñones,,
20241108,PHO,2025,Kevin Durant,Bradley Beal,Devin Booker,Jusuf Nurkić,Tyus Jones,Royce O'Neale,Grayson Allen,Mason Plumlee,Josh Okogie,,,,,,
20241108,POR,2025,Jerami Grant,Anfernee Simons,Toumani Camara,Deni Avdija,Deandre Ayton,Scoot Henderson,Shaedon Sharpe,Donovan Clingan,Robert Williams,Dalano Banton,Kris Murray,Rayan Rupert,Jabari Walker,,
20241108,SAC,2025,DeMar DeRozan,Keegan Murray,De'Aaron Fox,Domantas Sabonis,Kevin Huerter,Malik Monk,Keon Ellis,Alex Len,Trey Lyles,,,,,,
20241108,WAS,2025,Carlton Carrington,Bilal Coulibaly,Alex Sarr,Jonas Valančiūnas,Jordan Poole,Kyshawn George,Corey Kispert,Johnny Davis,Jared Butler,Richaun Holmes,Anthony Gill,Patrick Baldwin Jr.,,,
20241109,ATL,2025,Trae Young,Dyson Daniels,Jalen Johnson,Zaccharie Risacher,Clint Capela,Onyeka Okongwu,Keaton Wallace,Garrison Mathews,Larry Nance Jr.,David Roddy,,,,,
20241109,BRK,2025,Dennis Schröder,Cam Thomas,Nic Claxton,Cameron Johnson,Dorian Finney-Smith,Ziaire Williams,Shake Milton,Noah Clowney,Keon Johnson,Jalen Wilson,,,,,
20241109,CHI,2025,Coby White,Zach LaVine,Nikola Vučević,Patrick Williams,Josh Giddey,Ayo Dosunmu,Jalen Smith,Dalen Terry,Julian Phillips,Jevon Carter,Matas Buzelis,,,,
20241109,CLE,2025,Evan Mobley,Donovan Mitchell,Darius Garland,Jarrett Allen,Isaac Okoro,Caris LeVert,Sam Merrill,Ty Jerome,Dean Wade,Georges Niang,,,,,
20241109,LAC,2025,Ivica Zubac,Norman Powell,James Harden,Terance Mann,Derrick Jones Jr.,Amir Coffey,Kevin Porter Jr.,Kris Dunn,Nicolas Batum,Kai Jones,,,,,
20241109,SAS,2025,Stephon Castle,Victor Wembanyama,Chris Paul,Harrison Barnes,Julian Champagnie,Keldon Johnson,Devin Vassell,Blake Wesley,Zach Collins,Sandro Mamukelashvili,,,,,
20241109,TOR,2025,Ochai Agbaji,Gradey Dick,RJ Barrett,Jakob Poeltl,Immanuel Quickley,Chris Boucher,Davion Mitchell,Jamison Battle,Jonathan Mogbo,Bruno Fernando,Jamal Shead,,,,
20241109,UTA,2025,Lauri Markkanen,Collin Sexton,Isaiah Collier,Walker Kessler,Cody Williams,John Collins,Kyle Filipowski,Jordan Clarkson,Johnny Juzang,Patty Mills,,,,,
20241110,BOS,2025,Jayson Tatum,Jaylen Brown,Derrick White,Jrue Holiday,Al Horford,Payton Pritchard,Neemias Queta,Sam Hauser,Luke Kornet,,,,,,
20241110,CHO,2025,Brandon Miller,LaMelo Ball,Josh Green,Tidjane Salaün,Taj Gibson,Grant Williams,Cody Martin,Moussa Diabaté,Tre Mann,Seth Curry,,,,,
20241110,DAL,2025,Luka Dončić,Naji Marshall,Kyrie Irving,Daniel Gafford,Klay Thompson,Spencer Dinwiddie,Jaden Hardy,Dwight Powell,Olivier-Maxence Prosper,,,,,,
20241110,DEN,2025,Peyton Watson,Jamal Murray,Nikola Jokić,Michael Porter Jr.,Christian Braun,Julian Strawther,Russell Westbrook,Zeke Nnaji,,,,,,,
20241110,DET,2025,Cade Cunningham,Tobias Harris,Jaden Ivey,Isaiah Stewart,Tim Hardaway Jr.,Malik Beasley,Simone Fontecchio,Paul Reed,Ron Holland,,,,,,
20241110,GSW,2025,Stephen Curry,Andrew Wiggins,Draymond Green,De'Anthony Melton,Trayce Jackson-Davis,Jonathan Kuminga,Buddy Hield,Kyle Anderson,Brandin Podziemski,Gary Payton II,Moses Moody,,,,
20241110,HOU,2025,Fred VanVleet,Jalen Green,Dillon Brooks,Alperen Sengun,Jabari Smith Jr.,Tari Eason,Amen Thompson,Jock Landale,Reed Sheppard,,,,,,
20241110,IND,2025,Bennedict Mathurin,Myles Turner,Tyrese Haliburton,Pascal Siakam,Ben Sheppard,Jarace Walker,T.J. McConnell,Quenton Jackson,Enrique Freeman,Johnny Furphy,,,,,
20241110,LAL,2025,LeBron James,Austin Reaves,Rui Hachimura,Cam Reddish,Anthony Davis,D'Angelo Russell,Jaxson Hayes,Gabe Vincent,Dalton Knecht,Max Christie,Bronny James,Maxwell Lewis,,,
20241110,MEM,2025,Santi Aldama,Jaylen Wells,Jaren Jackson Jr.,Scotty Pippen Jr.,Brandon Clarke,Zach Edey,Jake LaRavia,John Konchar,Luke Kennard,Jay Huff,Yuki Kawamura,Colin Castleton,,,
20241110,MIA,2025,Bam Adebayo,Tyler Herro,Haywood Highsmith,Terry Rozier,Kevin Love,Nikola Jović,Josh Richardson,Duncan Robinson,Jaime Jaquez Jr.,Kel'el Ware,Pelle Larsson,,,,
20241110,MIL,2025,Giannis Antetokounmpo,Taurean Prince,Damian Lillard,Brook Lopez,Andre Jackson Jr.,A.J. Green,Bobby Portis,Pat Connaughton,Ryan Rollins,,,,,,
20241110,MIN,2025,Anthony Edwards,Julius Randle,Jaden McDaniels,Rudy Gobert,Mike Conley,Donte DiVincenzo,Nickeil Alexander-Walker,Naz Reid,,,,,,,
20241110,NYK,2025,Josh Hart,Mikal Bridges,Jalen Brunson,Karl-Anthony Towns,OG Anunoby,Miles McBride,Jericho Sims,Tyler Kolek,,,,,,,
20241110,OKC,2025,Shai Gilgeous-Alexander,Jalen Williams,Luguentz Dort,Aaron Wiggins,Chet Holmgren,Cason Wallace,Isaiah Joe,Alex Caruso,Ajay Mitchell,Dillon Jones,Ousmane Dieng,,,,
20241110,ORL,2025,Tristan Da Silva,Franz Wagner,Kentavious Caldwell-Pope,Goga Bitadze,Jalen Suggs,Moritz Wagner,Anthony Black,Jonathan Isaac,Gary Harris,Cole Anthony,Jett Howard,Cory Joseph,Caleb Houstan,,
20241110,PHI,2025,Caleb Martin,Paul George,Kyle Lowry,Kelly Oubre Jr.,Andre Drummond,Jared McCain,Guerschon Yabusele,Jeff Dowtin,Eric Gordon,,,,,,
20241110,PHO,2025,Devin Booker,Tyus Jones,Bradley Beal,Ryan Dunn,Jusuf Nurkić,Royce O'Neale,Grayson Allen,Mason Plumlee,Josh Okogie,Oso Ighodaro,,,,,
20241110,POR,2025,Jerami Grant,Toumani Camara,Deandre Ayton,Anfernee Simons,Shaedon Sharpe,Scoot Henderson,Dalano Banton,Donovan Clingan,Rayan Rupert,Deni Avdija,Kris Murray,Robert Williams,Jabari Walker,Duop Reath,
20241110,SAC,2025,DeMar DeRozan,Keegan Murray,De'Aaron Fox,Domantas Sabonis,Kevin Huerter,Keon Ellis,Trey Lyles,Doug McDermott,Malik Monk,Jordan McLaughlin,,,,,
20241110,TOR,2025,RJ Barrett,Ochai Agbaji,Gradey Dick,Jakob Poeltl,Immanuel Quickley,Chris Boucher,Davion Mitchell,Jamison Battle,Bruno Fernando,Jamal Shead,Jonathan Mogbo,,,,
20241110,WAS,2025,Bilal Coulibaly,Kyshawn George,Carlton Carrington,Jordan Poole,Alex Sarr,Corey Kispert,Jonas Valančiūnas,Patrick Baldwin Jr.,Jared Butler,Marvin Bagley III,Johnny Davis,Anthony Gill,,,
20241111,BRK,2025,Cam Thomas,Nic Claxton,Dennis Schröder,Cameron Johnson,Ziaire Williams,Jalen Wilson,Ben Simmons,Noah Clowney,Keon Johnson,,,,,,
20241111,CHI,2025,Coby White,Zach LaVine,Patrick Williams,Nikola Vučević,Josh Giddey,Ayo Dosunmu,Dalen Terry,Julian Phillips,Adama Sanogo,Matas Buzelis,,,,,
20241111,CLE,2025,Donovan Mitchell,Evan Mobley,Darius Garland,Jarrett Allen,Isaac Okoro,Caris LeVert,Ty Jerome,Dean Wade,Sam Merrill,Georges Niang,,,,,
20241111,HOU,2025,Jalen Green,Dillon Brooks,Jabari Smith Jr.,Alperen Sengun,Amen Thompson,Tari Eason,Aaron Holiday,Reed Sheppard,Steven Adams,Jack McVeigh,Jae'Sean Tate,,,,
20241111,LAC,2025,James Harden,Norman Powell,Ivica Zubac,Derrick Jones Jr.,Terance Mann,Kris Dunn,Amir Coffey,Kevin Porter Jr.,Nicolas Batum,,,,,,
20241111,NOP,2025,Brandon Boston Jr.,Brandon Ingram,Yves Missi,Trey Murphy III,Jose Alvarado,Javonte Green,Jaylen Nowell,Jeremiah Robinson-Earl,Trey Jemison,Daniel Theis,Antonio Reeves,,,,
20241111,OKC,2025,Shai Gilgeous-Alexander,Jalen Williams,Luguentz Dort,Isaiah Joe,Aaron Wiggins,Alex Caruso,Cason Wallace,Ajay Mitchell,Ousmane Dieng,Dillon Jones,Kenrich Williams,,,,
20241111,SAC,2025,DeMar DeRozan,De'Aaron Fox,Domantas Sabonis,Keegan Murray,Kevin Huerter,Trey Lyles,Keon Ellis,Doug McDermott,Jordan McLaughlin,Colby Jones,Isaac Jones,Mason Jones,Alex Len,,
20241111,SAS,2025,Victor Wembanyama,Stephon Castle,Harrison Barnes,Chris Paul,Julian Champagnie,Keldon Johnson,Devin Vassell,Sandro Mamukelashvili,Zach Collins,Blake Wesley,,,,,
20241111,WAS,2025,Bilal Coulibaly,Jordan Poole,Carlton Carrington,Alex Sarr,Kyle Kuzma,Corey Kispert,Kyshawn George,Jonas Valančiūnas,Jared Butler,Johnny Davis,Marvin Bagley III,Patrick Baldwin Jr.,Anthony Gill,,
20241112,ATL,2025,Dyson Daniels,Jalen Johnson,Keaton Wallace,Zaccharie Risacher,Clint Capela,Onyeka Okongwu,Larry Nance Jr.,Garrison Mathews,David Roddy,,,,,,
20241112,BOS,2025,Derrick White,Jayson Tatum,Jaylen Brown,Jrue Holiday,Al Horford,Payton Pritchard,Neemias Queta,Sam Hauser,Jordan Walsh,Luke Kornet,,,,,
20241112,CHO,2025,Brandon Miller,LaMelo Ball,Grant Williams,Josh Green,Taj Gibson,Moussa Diabaté,Tidjane Salaün,Cody Martin,Vasilije Micić,Seth Curry,Jared Rhoden,Nick Smith Jr.,,,
20241112,DAL,2025,Luka Dončić,Kyrie Irving,Klay Thompson,Daniel Gafford,Naji Marshall,Quentin Grimes,Dereck Lively II,Jaden Hardy,Spencer Dinwiddie,,,,,,
20241112,DET,2025,Jaden Ivey,Tobias Harris,Cade Cunningham,Jalen Duren,Tim Hardaway Jr.,Malik Beasley,Simone Fontecchio,Isaiah Stewart,Ron Holland,,,,,,
20241112,GSW,2025,Stephen Curry,Andrew Wiggins,Draymond Green,De'Anthony Melton,Trayce Jackson-Davis,Jonathan Kuminga,Buddy Hield,Brandin Podziemski,Kevon Looney,Moses Moody,Gary Payton II,,,,
20241112,MIA,2025,Bam Adebayo,Tyler Herro,Terry Rozier,Haywood Highsmith,Kevin Love,Duncan Robinson,Jaime Jaquez Jr.,Pelle Larsson,Kel'el Ware,Josh Richardson,Nikola Jović,,,,
20241112,MIL,2025,Brook Lopez,Giannis Antetokounmpo,A.J. Green,Ryan Rollins,Taurean Prince,Delon Wright,Pat Connaughton,Andre Jackson Jr.,Bobby Portis,Gary Trent Jr.,Tyler Smith,MarJon Beauchamp,AJ Johnson,Chris Livingston,Stanley Umude
20241112,MIN,2025,Anthony Edwards,Jaden McDaniels,Rudy Gobert,Julius Randle,Mike Conley,Naz Reid,Nickeil Alexander-Walker,Donte DiVincenzo,Josh Minott,,,,,,
20241112,NYK,2025,OG Anunoby,Karl-Anthony Towns,Josh Hart,Mikal Bridges,Jalen Brunson,Miles McBride,Jericho Sims,Cameron Payne,Matt Ryan,,,,,,
20241112,ORL,2025,Tristan Da Silva,Franz Wagner,Jalen Suggs,Kentavious Caldwell-Pope,Goga Bitadze,Anthony Black,Moritz Wagner,Gary Harris,Jonathan Isaac,Cole Anthony,Jett Howard,Caleb Houstan,Trevelin Queen,Cory Joseph,
20241112,PHI,2025,Caleb Martin,Paul George,Kelly Oubre Jr.,Joel Embiid,Kyle Lowry,Jared McCain,Jeff Dowtin,Guerschon Yabusele,Andre Drummond,,,,,,
20241112,PHO,2025,Devin Booker,Tyus Jones,Bradley Beal,Mason Plumlee,Ryan Dunn,Grayson Allen,Royce O'Neale,Oso Ighodaro,Monte Morris,Josh Okogie,,,,,
20241112,POR,2025,Jerami Grant,Toumani Camara,Shaedon Sharpe,Donovan Clingan,Anfernee Simons,Robert Williams,Deni Avdija,Dalano Banton,Scoot Henderson,Rayan Rupert,,,,,
20241112,TOR,2025,Gradey Dick,Ochai Agbaji,Davion Mitchell,RJ Barrett,Jakob Poeltl,Chris Boucher,Bruno Fernando,Jamal Shead,Jamison Battle,Jonathan Mogbo,Garrett Temple,,,,
20241112,UTA,2025,John Collins,Keyonte George,Lauri Markkanen,Collin Sexton,Cody Williams,Jordan Clarkson,Kyle Filipowski,Isaiah Collier,Johnny Juzang,Brice Sensabaugh,Drew Eubanks,,,,
20241113,BOS,2025,Jaylen Brown,Jayson Tatum,Jrue Holiday,Derrick White,Neemias Queta,Payton Pritchard,Luke Kornet,Sam Hauser,Jordan Walsh,Drew Peterson,Xavier Tillman Sr.,,,,
20241113,BRK,2025,Dennis Schröder,Cam Thomas,Cameron Johnson,Ziaire Williams,Nic Claxton,Shake Milton,Keon Johnson,Jalen Wilson,Noah Clowney,Tyrese Martin,,,,,
20241113,CHI,2025,Zach LaVine,Coby White,Nikola Vučević,Patrick Williams,Josh Giddey,Ayo Dosunmu,Jalen Smith,Matas Buzelis,Julian Phillips,Dalen Terry,,,,,
20241113,CLE,2025,Donovan Mitchell,Darius Garland,Evan Mobley,Jarrett Allen,Isaac Okoro,Caris LeVert,Dean Wade,Georges Niang,Ty Jerome,Craig Porter Jr.,,,,,
20241113,DET,2025,Malik Beasley,Tobias Harris,Cade Cunningham,Jalen Duren,Ron Holland,Marcus Sasser,Wendell Moore Jr.,Isaiah Stewart,Paul Reed,,,,,,
20241113,HOU,2025,Jalen Green,Fred VanVleet,Dillon Brooks,Alperen Sengun,Jabari Smith Jr.,Amen Thompson,Tari Eason,Jock Landale,Reed Sheppard,,,,,,
20241113,IND,2025,Tyrese Haliburton,Pascal Siakam,Bennedict Mathurin,Myles Turner,Ben Sheppard,Jarace Walker,Obi Toppin,T.J. McConnell,Johnny Furphy,Enrique Freeman,,,,,
20241113,LAC,2025,Norman Powell,James Harden,Kris Dunn,Ivica Zubac,Derrick Jones Jr.,Amir Coffey,Terance Mann,Nicolas Batum,Jordan Miller,Kobe Brown,Kevin Porter Jr.,Bones Hyland,,,
20241113,LAL,2025,LeBron James,Austin Reaves,Rui Hachimura,Anthony Davis,Cam Reddish,Dalton Knecht,D'Angelo Russell,Christian Koloko,Gabe Vincent,,,,,,
20241113,MEM,2025,Jaren Jackson Jr.,Scotty Pippen Jr.,Santi Aldama,Jaylen Wells,Jay Huff,Luke Kennard,Zach Edey,Marcus Smart,Jake LaRavia,John Konchar,,,,,
20241113,MIL,2025,Taurean Prince,Giannis Antetokounmpo,Brook Lopez,Delon Wright,A.J. Green,Gary Trent Jr.,Andre Jackson Jr.,Pat Connaughton,,,,,,,
20241113,MIN,2025,Anthony Edwards,Julius Randle,Jaden McDaniels,Rudy Gobert,Nickeil Alexander-Walker,Naz Reid,Donte DiVincenzo,Rob Dillingham,Josh Minott,,,,,,
20241113,NOP,2025,Brandon Ingram,Brandon Boston Jr.,Yves Missi,Javonte Green,Trey Murphy III,Jaylen Nowell,Jeremiah Robinson-Earl,Jamal Cain,Trey Jemison,Antonio Reeves,,,,,
20241113,NYK,2025,Mikal Bridges,Karl-Anthony Towns,OG Anunoby,Jalen Brunson,Josh Hart,Miles McBride,Cameron Payne,Jericho Sims,Matt Ryan,,,,,,
20241113,OKC,2025,Shai Gilgeous-Alexander,Luguentz Dort,Jalen Williams,Cason Wallace,Isaiah Joe,Ajay Mitchell,Aaron Wiggins,Ousmane Dieng,Kenrich Williams,Dillon Jones,Adam Flagler,Malevy Leons,,,
20241113,ORL,2025,Jalen Suggs,Franz Wagner,Kentavious Caldwell-Pope,Goga Bitadze,Tristan Da Silva,Anthony Black,Jonathan Isaac,Moritz Wagner,Jett Howard,Cole Anthony,,,,,
20241113,PHI,2025,Jared McCain,Caleb Martin,Kelly Oubre Jr.,Guerschon Yabusele,Kyle Lowry,Reggie Jackson,Adem Bona,KJ Martin,Eric Gordon,Ricky Council IV,Jeff Dowtin,,,,
20241113,PHO,2025,Devin Booker,Tyus Jones,Ryan Dunn,Royce O'Neale,Jusuf Nurkić,Josh Okogie,TyTy Washington Jr.,Oso Ighodaro,Monte Morris,Mason Plumlee,Damion Lee,Bol Bol,Jalen Bridges,,
20241113,POR,2025,Shaedon Sharpe,Toumani Camara,Jerami Grant,Donovan Clingan,Scoot Henderson,Dalano Banton,Kris Murray,Deni Avdija,Duop Reath,Rayan Rupert,Jabari Walker,,,,
20241113,SAC,2025,Kevin Huerter,Keegan Murray,De'Aaron Fox,Domantas Sabonis,DeMar DeRozan,Keon Ellis,Trey Lyles,Doug McDermott,Jordan McLaughlin,Alex Len,Colby Jones,Isaac Jones,Mason Jones,,
20241113,SAS,2025,Julian Champagnie,Victor Wembanyama,Harrison Barnes,Chris Paul,Stephon Castle,Devin Vassell,Keldon Johnson,Zach Collins,Malaki Branham,Blake Wesley,,,,,
20241113,WAS,2025,Bilal Coulibaly,Jordan Poole,Carlton Carrington,Alex Sarr,Kyle Kuzma,Corey Kispert,Kyshawn George,Jonas Valančiūnas,,,,,,,
20241114,DAL,2025,Luka Dončić,Quentin Grimes,Klay Thompson,Dereck Lively II,Maxi Kleber,Naji Marshall,Jaden Hardy,Daniel Gafford,Spencer Dinwiddie,Dwight Powell,,,,,
20241114,UTA,2025,John Collins,Collin Sexton,Keyonte George,Kyle Filipowski,Lauri Markkanen,Jordan Clarkson,Isaiah Collier,Drew Eubanks,Cody Williams,Johnny Juzang,,,,,
20241115,ATL,2025,Dyson Daniels,Jalen Johnson,Trae Young,Zaccharie Risacher,Clint Capela,Onyeka Okongwu,De'Andre Hunter,Keaton Wallace,Larry Nance Jr.,Garrison Mathews,,,,,
20241115,BRK,2025,Cam Thomas,Cameron Johnson,Dennis Schröder,Dorian Finney-Smith,Ben Simmons,Ziaire Williams,Jalen Wilson,Noah Clowney,Keon Johnson,Shake Milton,,,,,
20241115,CHI,2025,Zach LaVine,Patrick Williams,Nikola Vučević,Coby White,Josh Giddey,Ayo Dosunmu,Julian Phillips,Dalen Terry,Jalen Smith,Matas Buzelis,,,,,
20241115,CLE,2025,Jarrett Allen,Darius Garland,Donovan Mitchell,Isaac Okoro,Georges Niang,Dean Wade,Caris LeVert,Ty Jerome,Craig Porter Jr.,Tristan Thompson,,,,,
20241115,DEN,2025,Jamal Murray,Michael Porter Jr.,Christian Braun,Dario Šarić,Peyton Watson,Russell Westbrook,Julian Strawther,Vlatko Čančar,Zeke Nnaji,Hunter Tyson,,,,,
20241115,DET,2025,Cade Cunningham,Malik Beasley,Jaden Ivey,Tobias Harris,Jalen Duren,Wendell Moore Jr.,Isaiah Stewart,Ron Holland,Marcus Sasser,,,,,,
20241115,GSW,2025,Draymond Green,Stephen Curry,Andrew Wiggins,Trayce Jackson-Davis,Lindy Waters III,Buddy Hield,Brandin Podziemski,Kyle Anderson,Jonathan Kuminga,Moses Moody,Kevon Looney,Gary Payton II,,,
20241115,HOU,2025,Jabari Smith Jr.,Fred VanVleet,Dillon Brooks,Alperen Sengun,Jalen Green,Amen Thompson,Tari Eason,Reed Sheppard,Aaron Holiday,Steven Adams,Jae'Sean Tate,Jock Landale,Jack McVeigh,,
20241115,IND,2025,Pascal Siakam,Ben Sheppard,Tyrese Haliburton,Bennedict Mathurin,Myles Turner,Jarace Walker,Obi Toppin,T.J. McConnell,Enrique Freeman,Quenton Jackson,Johnny Furphy,,,,
20241115,LAC,2025,James Harden,Ivica Zubac,Norman Powell,Derrick Jones Jr.,Kris Dunn,Amir Coffey,Kevin Porter Jr.,Terance Mann,Kai Jones,Jordan Miller,Kobe Brown,Bones Hyland,Nicolas Batum,,
20241115,LAL,2025,LeBron James,Anthony Davis,Austin Reaves,Dalton Knecht,Cam Reddish,D'Angelo Russell,Max Christie,Gabe Vincent,Christian Koloko,,,,,,
20241115,MEM,2025,Jaren Jackson Jr.,Jaylen Wells,Scotty Pippen Jr.,Santi Aldama,Brandon Clarke,Desmond Bane,Vince Williams Jr.,Zach Edey,Marcus Smart,Jake LaRavia,Luke Kennard,Jay Huff,,,
20241115,MIA,2025,Bam Adebayo,Tyler Herro,Haywood Highsmith,Terry Rozier,Kevin Love,Nikola Jović,Jaime Jaquez Jr.,Josh Richardson,Duncan Robinson,Kel'el Ware,,,,,
20241115,MIN,2025,Anthony Edwards,Julius Randle,Rudy Gobert,Jaden McDaniels,Mike Conley,Naz Reid,Nickeil Alexander-Walker,Donte DiVincenzo,Rob Dillingham,,,,,,
20241115,NOP,2025,Brandon Boston Jr.,Brandon Ingram,Trey Murphy III,Yves Missi,Javonte Green,Jaylen Nowell,Jeremiah Robinson-Earl,Jamal Cain,Trey Jemison,,,,,,
20241115,NYK,2025,Mikal Bridges,Josh Hart,OG Anunoby,Jalen Brunson,Jericho Sims,Ariel Hukporti,Cameron Payne,Pacome Dadiet,Tyler Kolek,,,,,,
20241115,OKC,2025,Shai Gilgeous-Alexander,Luguentz Dort,Jalen Williams,Cason Wallace,Isaiah Joe,Ajay Mitchell,Ousmane Dieng,Aaron Wiggins,Kenrich Williams,Dillon Jones,Adam Flagler,Malevy Leons,,,
20241115,ORL,2025,Franz Wagner,Jalen Suggs,Kentavious Caldwell-Pope,Goga Bitadze,Tristan Da Silva,Jonathan Isaac,Moritz Wagner,Anthony Black,Gary Harris,Cole Anthony,Jett Howard,Caleb Houstan,Cory Joseph,,
20241115,PHI,2025,Paul George,Caleb Martin,Joel Embiid,Jared McCain,Kyle Lowry,Kelly Oubre Jr.,Guerschon Yabusele,Eric Gordon,Jeff Dowtin,Andre Drummond,KJ Martin,Adem Bona,Ricky Council IV,,
20241115,PHO,2025,Devin Booker,Josh Okogie,Tyus Jones,Jusuf Nurkić,Ryan Dunn,Oso Ighodaro,Royce O'Neale,Monte Morris,TyTy Washington Jr.,Bol Bol,Damion Lee,Jalen Bridges,,,
20241115,SAC,2025,Keegan Murray,De'Aaron Fox,Domantas Sabonis,Kevin Huerter,Alex Len,Trey Lyles,Keon Ellis,Jordan McLaughlin,Doug McDermott,,,,,,
20241115,SAS,2025,Victor Wembanyama,Stephon Castle,Julian Champagnie,Chris Paul,Harrison Barnes,Keldon Johnson,Devin Vassell,Zach Collins,Blake Wesley,Malaki Branham,Sandro Mamukelashvili,,,,
20241115,TOR,2025,Ochai Agbaji,Gradey Dick,Jakob Poeltl,RJ Barrett,Davion Mitchell,Jonathan Mogbo,Chris Boucher,Jamison Battle,Jamal Shead,Bruno Fernando,Garrett Temple,,,,
20241115,WAS,2025,Bilal Coulibaly,Carlton Carrington,Alex Sarr,Kyle Kuzma,Jordan Poole,Corey Kispert,Kyshawn George,Jonas Valančiūnas,Johnny Davis,,,,,,
20241116,BOS,2025,Jaylen Brown,Jayson Tatum,Derrick White,Neemias Queta,Al Horford,Sam Hauser,Payton Pritchard,Luke Kornet,Jordan Walsh,,,,,,
20241116,CHO,2025,LaMelo Ball,Brandon Miller,Grant Williams,Josh Green,Miles Bridges,Moussa Diabaté,Cody Martin,Tre Mann,Tidjane Salaün,Seth Curry,,,,,
20241116,DAL,2025,Kyrie Irving,Luka Dončić,Dereck Lively II,Klay Thompson,Maxi Kleber,Quentin Grimes,P.J. Washington,Jaden Hardy,Naji Marshall,Daniel Gafford,Dwight Powell,Spencer Dinwiddie,Olivier-Maxence Prosper,Brandon Williams,Markieff Morris
20241116,LAL,2025,Austin Reaves,Dalton Knecht,Anthony Davis,LeBron James,Max Christie,Gabe Vincent,D'Angelo Russell,Christian Koloko,Armel Traoré,,,,,,
20241116,MIL,2025,Taurean Prince,Giannis Antetokounmpo,Delon Wright,Andre Jackson Jr.,Brook Lopez,Bobby Portis,Pat Connaughton,Gary Trent Jr.,A.J. Green,,,,,,
20241116,NOP,2025,Brandon Ingram,Brandon Boston Jr.,Jeremiah Robinson-Earl,Javonte Green,Yves Missi,Jaylen Nowell,Jamal Cain,Trey Jemison,,,,,,,
20241116,SAC,2025,Keegan Murray,De'Aaron Fox,Trey Lyles,Kevin Huerter,Doug McDermott,Jordan McLaughlin,Alex Len,Orlando Robinson,Isaac Jones,Keon Ellis,Mason Jones,,,,
20241116,SAS,2025,Stephon Castle,Zach Collins,Julian Champagnie,Chris Paul,Harrison Barnes,Charles Bassey,Keldon Johnson,Tre Jones,Blake Wesley,Sandro Mamukelashvili,Malaki Branham,Sidy Cissoko,,,
20241116,TOR,2025,RJ Barrett,Ochai Agbaji,Jakob Poeltl,Gradey Dick,Davion Mitchell,Jamal Shead,Chris Boucher,Jonathan Mogbo,Jamison Battle,Bruno Fernando,,,,,
20241116,UTA,2025,Lauri Markkanen,John Collins,Keyonte George,Collin Sexton,Kyle Filipowski,Jordan Clarkson,Isaiah Collier,Drew Eubanks,Cody Williams,Johnny Juzang,,,,,
20241117,ATL,2025,Trae Young,Jalen Johnson,Dyson Daniels,Zaccharie Risacher,Clint Capela,Onyeka Okongwu,Vit Krejci,Keaton Wallace,Larry Nance Jr.,Garrison Mathews,,,,,
20241117,BRK,2025,Cam Thomas,Cameron Johnson,Dennis Schröder,Dorian Finney-Smith,Ben Simmons,Jalen Wilson,Ziaire Williams,Noah Clowney,Trendon Watford,Keon Johnson,Tyrese Martin,Yongxi Cui,Shake Milton,,
20241117,CHI,2025,Zach LaVine,Nikola Vučević,Coby White,Josh Giddey,Patrick Williams,Ayo Dosunmu,Matas Buzelis,Jalen Smith,Jevon Carter,Julian Phillips,Dalen Terry,Chris Duarte,Torrey Craig,Talen Horton-Tucker,
20241117,CHO,2025,LaMelo Ball,Grant Williams,Brandon Miller,Josh Green,Miles Bridges,Cody Martin,Tidjane Salaün,Vasilije Micić,Moussa Diabaté,Seth Curry,Jared Rhoden,Nick Smith Jr.,,,
20241117,CLE,2025,Evan Mobley,Ty Jerome,Jarrett Allen,Darius Garland,Isaac Okoro,Caris LeVert,Georges Niang,Craig Porter Jr.,Dean Wade,JT Thor,Luke Travers,Jaylon Tyson,,,
20241117,DAL,2025,Kyrie Irving,P.J. Washington,Dereck Lively II,Klay Thompson,Quentin Grimes,Naji Marshall,Jaden Hardy,Daniel Gafford,Spencer Dinwiddie,Maxi Kleber,Dwight Powell,,,,
20241117,DEN,2025,Jamal Murray,Christian Braun,Dario Šarić,Peyton Watson,Michael Porter Jr.,Julian Strawther,Russell Westbrook,DeAndre Jordan,Vlatko Čančar,Trey Alexander,PJ Hall,Zeke Nnaji,Hunter Tyson,,
20241117,DET,2025,Cade Cunningham,Jaden Ivey,Malik Beasley,Tobias Harris,Jalen Duren,Isaiah Stewart,Wendell Moore Jr.,Simone Fontecchio,Ron Holland,Marcus Sasser,Paul Reed,,,,
20241117,HOU,2025,Dillon Brooks,Fred VanVleet,Alperen Sengun,Jabari Smith Jr.,Jalen Green,Amen Thompson,Reed Sheppard,Tari Eason,Jock Landale,Jeff Green,Aaron Holiday,Jae'Sean Tate,Jeenathan Williams,Jack McVeigh,
20241117,IND,2025,Myles Turner,Tyrese Haliburton,Bennedict Mathurin,Pascal Siakam,Ben Sheppard,T.J. McConnell,Obi Toppin,Jarace Walker,Quenton Jackson,,,,,,
20241117,LAC,2025,Norman Powell,James Harden,Ivica Zubac,Kris Dunn,Derrick Jones Jr.,Kevin Porter Jr.,Nicolas Batum,Amir Coffey,Mo Bamba,Terance Mann,,,,,
20241117,MEM,2025,Jaren Jackson Jr.,Desmond Bane,Jaylen Wells,Scotty Pippen Jr.,Brandon Clarke,Luke Kennard,Jake LaRavia,Santi Aldama,Zach Edey,Vince Williams Jr.,Jay Huff,,,,
20241117,MIA,2025,Bam Adebayo,Tyler Herro,Terry Rozier,Haywood Highsmith,Kevin Love,Duncan Robinson,Nikola Jović,Josh Richardson,Jaime Jaquez Jr.,,,,,,
20241117,MIN,2025,Anthony Edwards,Rudy Gobert,Julius Randle,Mike Conley,Jaden McDaniels,Donte DiVincenzo,Naz Reid,Nickeil Alexander-Walker,Rob Dillingham,,,,,,
20241117,NYK,2025,Josh Hart,Mikal Bridges,OG Anunoby,Jalen Brunson,Karl-Anthony Towns,Jericho Sims,Cameron Payne,Pacome Dadiet,,,,,,,
20241117,OKC,2025,Shai Gilgeous-Alexander,Luguentz Dort,Jalen Williams,Isaiah Joe,Aaron Wiggins,Cason Wallace,Ajay Mitchell,Kenrich Williams,Dillon Jones,Ousmane Dieng,,,,,
20241117,PHO,2025,Devin Booker,Tyus Jones,Mason Plumlee,Ryan Dunn,Jusuf Nurkić,Oso Ighodaro,Royce O'Neale,Grayson Allen,Josh Okogie,Monte Morris,,,,,
20241117,POR,2025,Toumani Camara,Shaedon Sharpe,Scoot Henderson,Jerami Grant,Donovan Clingan,Dalano Banton,Deni Avdija,Robert Williams,Rayan Rupert,Kris Murray,,,,,
20241117,UTA,2025,Lauri Markkanen,Keyonte George,John Collins,Kyle Filipowski,Collin Sexton,Jordan Clarkson,Isaiah Collier,Cody Williams,Drew Eubanks,,,,,,
20241117,WAS,2025,Kyle Kuzma,Jordan Poole,Bilal Coulibaly,Carlton Carrington,Alex Sarr,Kyshawn George,Corey Kispert,Malcolm Brogdon,Jonas Valančiūnas,Marvin Bagley III,Jared Butler,Patrick Baldwin Jr.,Johnny Davis,Anthony Gill,
20241118,ATL,2025,Dyson Daniels,Trae Young,Garrison Mathews,Clint Capela,Zaccharie Risacher,De'Andre Hunter,Onyeka Okongwu,Bogdan Bogdanović,Kobe Bufkin,David Roddy,,,,,
20241118,CHI,2025,Nikola Vučević,Zach LaVine,Patrick Williams,Coby White,Josh Giddey,Ayo Dosunmu,Julian Phillips,Jalen Smith,Dalen Terry,Matas Buzelis,,,,,
20241118,DET,2025,Cade Cunningham,Tobias Harris,Jaden Ivey,Tim Hardaway Jr.,Jalen Duren,Malik Beasley,Isaiah Stewart,Simone Fontecchio,Ron Holland,Marcus Sasser,,,,,
20241118,GSW,2025,Stephen Curry,Draymond Green,Andrew Wiggins,Lindy Waters III,Trayce Jackson-Davis,Buddy Hield,Jonathan Kuminga,Moses Moody,Brandin Podziemski,Kyle Anderson,Gary Payton II,,,,
20241118,HOU,2025,Jalen Green,Alperen Sengun,Fred VanVleet,Jabari Smith Jr.,Dillon Brooks,Tari Eason,Amen Thompson,Aaron Holiday,Steven Adams,Reed Sheppard,Jeff Green,,,,
20241118,IND,2025,Pascal Siakam,Tyrese Haliburton,Bennedict Mathurin,Jarace Walker,Enrique Freeman,Obi Toppin,T.J. McConnell,Quenton Jackson,Johnny Furphy,,,,,,
20241118,LAC,2025,James Harden,Ivica Zubac,Norman Powell,Derrick Jones Jr.,Kris Dunn,Amir Coffey,Terance Mann,Nicolas Batum,Kevin Porter Jr.,Mo Bamba,,,,,
20241118,MIA,2025,Jimmy Butler,Tyler Herro,Bam Adebayo,Haywood Highsmith,Duncan Robinson,Dru Smith,Alec Burks,Kevin Love,Josh Richardson,Nikola Jović,Pelle Larsson,Kel'el Ware,,,
20241118,MIL,2025,Brook Lopez,Damian Lillard,Giannis Antetokounmpo,Taurean Prince,Andre Jackson Jr.,A.J. Green,Gary Trent Jr.,Delon Wright,Bobby Portis,,,,,,
20241118,NYK,2025,Mikal Bridges,Josh Hart,Jalen Brunson,OG Anunoby,Karl-Anthony Towns,Cameron Payne,Jericho Sims,Pacome Dadiet,Tyler Kolek,Ariel Hukporti,Matt Ryan,Jacob Toppin,,,
20241118,ORL,2025,Franz Wagner,Kentavious Caldwell-Pope,Goga Bitadze,Jalen Suggs,Tristan Da Silva,Anthony Black,Jonathan Isaac,Moritz Wagner,Gary Harris,Cole Anthony,,,,,
20241118,PHI,2025,Jared McCain,Paul George,Joel Embiid,Caleb Martin,Kyle Lowry,Kelly Oubre Jr.,Jeff Dowtin,Eric Gordon,Andre Drummond,Guerschon Yabusele,Ricky Council IV,Adem Bona,,,
20241118,PHO,2025,Devin Booker,Oso Ighodaro,Tyus Jones,Mason Plumlee,Ryan Dunn,Grayson Allen,Josh Okogie,Royce O'Neale,Monte Morris,Bol Bol,,,,,
20241118,SAC,2025,Kevin Huerter,De'Aaron Fox,Trey Lyles,Keegan Murray,Alex Len,Keon Ellis,Jordan McLaughlin,Doug McDermott,Orlando Robinson,Colby Jones,Isaac Jones,,,,
20241118,TOR,2025,Jakob Poeltl,RJ Barrett,Gradey Dick,Ochai Agbaji,Davion Mitchell,Chris Boucher,Jamal Shead,Jonathan Mogbo,Jamison Battle,Garrett Temple,,,,,
20241118,WAS,2025,Carlton Carrington,Jordan Poole,Kyle Kuzma,Alex Sarr,Malcolm Brogdon,Corey Kispert,Kyshawn George,Jonas Valančiūnas,Anthony Gill,Johnny Davis,Jared Butler,Marvin Bagley III,Patrick Baldwin Jr.,,
20241119,BOS,2025,Derrick White,Jayson Tatum,Jaylen Brown,Al Horford,Jrue Holiday,Payton Pritchard,Sam Hauser,Neemias Queta,,,,,,,
20241119,BRK,2025,Cameron Johnson,Dennis Schröder,Jalen Wilson,Dorian Finney-Smith,Ben Simmons,Trendon Watford,Shake Milton,Ziaire Williams,Noah Clowney,Keon Johnson,,,,,
20241119,CHO,2025,Brandon Miller,Grant Williams,Miles Bridges,Josh Green,LaMelo Ball,Tre Mann,Cody Martin,Moussa Diabaté,Tidjane Salaün,Seth Curry,,,,,
20241119,CLE,2025,Donovan Mitchell,Evan Mobley,Darius Garland,Jarrett Allen,Sam Merrill,Georges Niang,Ty Jerome,Craig Porter Jr.,,,,,,,
20241119,DAL,2025,Luka Dončić,Kyrie Irving,P.J. Washington,Klay Thompson,Dereck Lively II,Quentin Grimes,Naji Marshall,Daniel Gafford,Jaden Hardy,Maxi Kleber,Dwight Powell,Olivier-Maxence Prosper,Brandon Williams,,
20241119,DEN,2025,Michael Porter Jr.,Jamal Murray,Christian Braun,Peyton Watson,Dario Šarić,Russell Westbrook,Julian Strawther,Vlatko Čančar,Trey Alexander,DeAndre Jordan,Zeke Nnaji,,,,
20241119,LAL,2025,Dalton Knecht,LeBron James,Anthony Davis,Austin Reaves,Cam Reddish,D'Angelo Russell,Gabe Vincent,Max Christie,Christian Koloko,,,,,,
20241119,MEM,2025,Desmond Bane,Jaren Jackson Jr.,Scotty Pippen Jr.,Brandon Clarke,Jaylen Wells,Santi Aldama,Jake LaRavia,Luke Kennard,Jay Huff,John Konchar,Vince Williams Jr.,,,,
20241119,NOP,2025,Brandon Ingram,Javonte Green,Brandon Boston Jr.,Trey Murphy III,Yves Missi,Jeremiah Robinson-Earl,Jaylen Nowell,Jamal Cain,Trey Jemison,Antonio Reeves,Karlo Matković,,,,
20241119,OKC,2025,Shai Gilgeous-Alexander,Jalen Williams,Cason Wallace,Luguentz Dort,Aaron Wiggins,Alex Caruso,Dillon Jones,Kenrich Williams,Ajay Mitchell,Adam Flagler,Ousmane Dieng,,,,
20241119,SAS,2025,Stephon Castle,Harrison Barnes,Chris Paul,Julian Champagnie,Zach Collins,Keldon Johnson,Charles Bassey,Tre Jones,Malaki Branham,Sandro Mamukelashvili,,,,,
20241119,UTA,2025,Lauri Markkanen,Collin Sexton,John Collins,Keyonte George,Kyle Filipowski,Jordan Clarkson,Isaiah Collier,Drew Eubanks,Johnny Juzang,Cody Williams,,,,,
20241120,ATL,2025,Jalen Johnson,Dyson Daniels,Trae Young,Clint Capela,Zaccharie Risacher,De'Andre Hunter,Bogdan Bogdanović,Onyeka Okongwu,Kobe Bufkin,Garrison Mathews,David Roddy,Vit Krejci,,,
20241120,CHI,2025,Nikola Vučević,Zach LaVine,Coby White,Torrey Craig,Josh Giddey,Ayo Dosunmu,Dalen Terry,Julian Phillips,Jalen Smith,Matas Buzelis,Jevon Carter,Chris Duarte,Talen Horton-Tucker,E.J. Liddell,
20241120,CLE,2025,Jaylon Tyson,Ty Jerome,Jarrett Allen,Donovan Mitchell,Evan Mobley,Craig Porter Jr.,Luke Travers,Georges Niang,Tristan Thompson,JT Thor,,,,,
20241120,GSW,2025,Stephen Curry,Andrew Wiggins,Draymond Green,Lindy Waters III,Trayce Jackson-Davis,Buddy Hield,Moses Moody,Jonathan Kuminga,Brandin Podziemski,Kyle Anderson,Kevon Looney,Gary Payton II,Gui Santos,,
20241120,HOU,2025,Fred VanVleet,Jabari Smith Jr.,Jalen Green,Alperen Sengun,Dillon Brooks,Tari Eason,Amen Thompson,Reed Sheppard,Jock Landale,Aaron Holiday,Cam Whitmore,Jae'Sean Tate,Jeff Green,Jeenathan Williams,
20241120,IND,2025,Pascal Siakam,Tyrese Haliburton,Myles Turner,Quenton Jackson,Bennedict Mathurin,Johnny Furphy,Jarace Walker,T.J. McConnell,Enrique Freeman,Obi Toppin,Moses Brown,James Johnson,,,
20241120,LAC,2025,James Harden,Amir Coffey,Ivica Zubac,Derrick Jones Jr.,Kris Dunn,Kevin Porter Jr.,Nicolas Batum,Jordan Miller,Terance Mann,Mo Bamba,Kobe Brown,Kai Jones,,,
20241120,MEM,2025,Desmond Bane,Jaren Jackson Jr.,Jaylen Wells,Scotty Pippen Jr.,Brandon Clarke,Santi Aldama,Luke Kennard,Jake LaRavia,Jay Huff,Cam Spencer,,,,,
20241120,MIL,2025,Damian Lillard,Giannis Antetokounmpo,Brook Lopez,Taurean Prince,Andre Jackson Jr.,Gary Trent Jr.,A.J. Green,Bobby Portis,Delon Wright,MarJon Beauchamp,Liam Robbins,Stanley Umude,,,
20241120,NOP,2025,Jeremiah Robinson-Earl,Brandon Boston Jr.,Javonte Green,Elfrid Payton,Yves Missi,Antonio Reeves,Jamal Cain,Karlo Matković,Trey Jemison,,,,,,
20241120,NYK,2025,Mikal Bridges,Josh Hart,Jalen Brunson,OG Anunoby,Karl-Anthony Towns,Cameron Payne,Jericho Sims,Tyler Kolek,Pacome Dadiet,Jacob Toppin,,,,,
20241120,OKC,2025,Shai Gilgeous-Alexander,Jalen Williams,Luguentz Dort,Cason Wallace,Aaron Wiggins,Isaiah Hartenstein,Ajay Mitchell,Alex Caruso,Ousmane Dieng,Dillon Jones,Kenrich Williams,Adam Flagler,,,
20241120,ORL,2025,Franz Wagner,Kentavious Caldwell-Pope,Tristan Da Silva,Jalen Suggs,Goga Bitadze,Anthony Black,Jonathan Isaac,Moritz Wagner,Gary Harris,Jett Howard,Cole Anthony,Caleb Houstan,Cory Joseph,,
20241120,PHI,2025,Jared McCain,Joel Embiid,Caleb Martin,Tyrese Maxey,Paul George,Kelly Oubre Jr.,Guerschon Yabusele,Reggie Jackson,Ricky Council IV,Andre Drummond,KJ Martin,Eric Gordon,,,
20241120,PHO,2025,Devin Booker,Jusuf Nurkić,Royce O'Neale,Tyus Jones,Ryan Dunn,Josh Okogie,Grayson Allen,Oso Ighodaro,Monte Morris,Mason Plumlee,Bol Bol,Damion Lee,TyTy Washington Jr.,,
20241120,POR,2025,Jerami Grant,Shaedon Sharpe,Toumani Camara,Scoot Henderson,Donovan Clingan,Dalano Banton,Robert Williams,Deni Avdija,Kris Murray,,,,,,
20241121,CHO,2025,Brandon Miller,Grant Williams,LaMelo Ball,Moussa Diabaté,Josh Green,Cody Martin,Tre Mann,Tidjane Salaün,Taj Gibson,Seth Curry,,,,,
20241121,DET,2025,Cade Cunningham,Tobias Harris,Jaden Ivey,Jalen Duren,Tim Hardaway Jr.,Malik Beasley,Isaiah Stewart,Simone Fontecchio,Wendell Moore Jr.,Ron Holland,Marcus Sasser,,,,
20241121,LAL,2025,Dalton Knecht,Anthony Davis,LeBron James,Austin Reaves,Cam Reddish,Max Christie,D'Angelo Russell,Gabe Vincent,Christian Koloko,,,,,,
20241121,MIN,2025,Jaden McDaniels,Julius Randle,Anthony Edwards,Rudy Gobert,Nickeil Alexander-Walker,Donte DiVincenzo,Naz Reid,Rob Dillingham,,,,,,,
20241121,ORL,2025,Jalen Suggs,Franz Wagner,Tristan Da Silva,Goga Bitadze,Gary Harris,Anthony Black,Moritz Wagner,Jonathan Isaac,Jett Howard,Cole Anthony,,,,,
20241121,SAS,2025,Harrison Barnes,Stephon Castle,Julian Champagnie,Chris Paul,Zach Collins,Keldon Johnson,Charles Bassey,Tre Jones,Malaki Branham,Blake Wesley,,,,,
20241121,TOR,2025,RJ Barrett,Gradey Dick,Jakob Poeltl,Scottie Barnes,Ochai Agbaji,Davion Mitchell,Chris Boucher,Jonathan Mogbo,Jamal Shead,Jamison Battle,,,,,
20241121,UTA,2025,Keyonte George,Lauri Markkanen,John Collins,Collin Sexton,Kyle Filipowski,Isaiah Collier,Brice Sensabaugh,Drew Eubanks,Johnny Juzang,Cody Williams,,,,,
20241122,ATL,2025,Trae Young,Jalen Johnson,Dyson Daniels,Clint Capela,Zaccharie Risacher,De'Andre Hunter,Bogdan Bogdanović,Onyeka Okongwu,Kobe Bufkin,Vit Krejci,,,,,
20241122,BOS,2025,Jayson Tatum,Jaylen Brown,Derrick White,Jrue Holiday,Neemias Queta,Luke Kornet,Payton Pritchard,Sam Hauser,Xavier Tillman Sr.,Jordan Walsh,,,,,
20241122,BRK,2025,Cameron Johnson,Dennis Schröder,Cam Thomas,Ben Simmons,Dorian Finney-Smith,Nic Claxton,Jalen Wilson,Noah Clowney,Trendon Watford,Ziaire Williams,,,,,
20241122,CHI,2025,Ayo Dosunmu,Coby White,Zach LaVine,Nikola Vučević,Josh Giddey,Dalen Terry,Matas Buzelis,Jalen Smith,Julian Phillips,,,,,,
20241122,DAL,2025,Kyrie Irving,P.J. Washington,Quentin Grimes,Klay Thompson,Dereck Lively II,Daniel Gafford,Naji Marshall,Spencer Dinwiddie,Jaden Hardy,Maxi Kleber,,,,,
20241122,DEN,2025,Peyton Watson,Nikola Jokić,Jamal Murray,Michael Porter Jr.,Christian Braun,Russell Westbrook,Julian Strawther,DeAndre Jordan,Dario Šarić,Trey Alexander,Hunter Tyson,,,,
20241122,GSW,2025,Stephen Curry,Draymond Green,Andrew Wiggins,Trayce Jackson-Davis,Lindy Waters III,Brandin Podziemski,Jonathan Kuminga,Moses Moody,Buddy Hield,Gary Payton II,Kevon Looney,Kyle Anderson,,,
20241122,HOU,2025,Jalen Green,Fred VanVleet,Alperen Sengun,Dillon Brooks,Jabari Smith Jr.,Amen Thompson,Tari Eason,Reed Sheppard,Steven Adams,Aaron Holiday,Jae'Sean Tate,Jeff Green,Jock Landale,Jack McVeigh,
20241122,IND,2025,Tyrese Haliburton,Pascal Siakam,Bennedict Mathurin,Myles Turner,Quenton Jackson,Jarace Walker,T.J. McConnell,Obi Toppin,Johnny Furphy,Enrique Freeman,Tristen Newton,Moses Brown,,,
20241122,LAC,2025,James Harden,Ivica Zubac,Derrick Jones Jr.,Kris Dunn,Amir Coffey,Kevin Porter Jr.,Nicolas Batum,Terance Mann,Mo Bamba,Jordan Miller,,,,,
20241122,MIL,2025,Damian Lillard,Giannis Antetokounmpo,Brook Lopez,Taurean Prince,Andre Jackson Jr.,Gary Trent Jr.,Bobby Portis,A.J. Green,Delon Wright,,,,,,
20241122,NOP,2025,Trey Murphy III,Brandon Ingram,Elfrid Payton,Javonte Green,Daniel Theis,Brandon Boston Jr.,Jeremiah Robinson-Earl,Jordan Hawkins,Antonio Reeves,Trey Jemison,,,,,
20241122,PHI,2025,Jared McCain,Guerschon Yabusele,Caleb Martin,Tyrese Maxey,Kelly Oubre Jr.,Reggie Jackson,Eric Gordon,KJ Martin,Andre Drummond,Ricky Council IV,,,,,
20241122,POR,2025,Jerami Grant,Toumani Camara,Shaedon Sharpe,Anfernee Simons,Donovan Clingan,Kris Murray,Deni Avdija,Robert Williams,Rayan Rupert,Dalano Banton,Taze Moore,Jabari Walker,Duop Reath,,
20241122,SAC,2025,De'Aaron Fox,Keegan Murray,Domantas Sabonis,DeMar DeRozan,Kevin Huerter,Trey Lyles,Keon Ellis,Jordan McLaughlin,Colby Jones,Doug McDermott,,,,,
20241122,WAS,2025,Bilal Coulibaly,Kyle Kuzma,Jordan Poole,Alex Sarr,Malcolm Brogdon,Carlton Carrington,Kyshawn George,Jonas Valančiūnas,Corey Kispert,,,,,,
20241123,CHI,2025,Zach LaVine,Coby White,Ayo Dosunmu,Nikola Vučević,Josh Giddey,Matas Buzelis,Talen Horton-Tucker,Jalen Smith,Dalen Terry,Torrey Craig,E.J. Liddell,Jevon Carter,Chris Duarte,,
20241123,CHO,2025,Brandon Miller,LaMelo Ball,Grant Williams,Moussa Diabaté,Josh Green,Cody Martin,Tidjane Salaün,Vasilije Micić,Taj Gibson,Seth Curry,,,,,
20241123,DEN,2025,Nikola Jokić,Michael Porter Jr.,Peyton Watson,Christian Braun,Jamal Murray,Russell Westbrook,Julian Strawther,Trey Alexander,DeAndre Jordan,Dario Šarić,Hunter Tyson,Zeke Nnaji,PJ Hall,,
20241123,DET,2025,Malik Beasley,Tobias Harris,Jaden Ivey,Tim Hardaway Jr.,Jalen Duren,Marcus Sasser,Isaiah Stewart,Simone Fontecchio,Ron Holland,Wendell Moore Jr.,Paul Reed,Alondes Williams,Cole Swider,,
20241123,GSW,2025,Andrew Wiggins,Stephen Curry,Draymond Green,Lindy Waters III,Trayce Jackson-Davis,Buddy Hield,Moses Moody,Brandin Podziemski,Gary Payton II,Kyle Anderson,Kevon Looney,,,,
20241123,HOU,2025,Jabari Smith Jr.,Alperen Sengun,Dillon Brooks,Jalen Green,Fred VanVleet,Amen Thompson,Tari Eason,Jock Landale,Reed Sheppard,,,,,,
20241123,LAL,2025,Anthony Davis,LeBron James,Austin Reaves,Rui Hachimura,Cam Reddish,Dalton Knecht,D'Angelo Russell,Max Christie,Gabe Vincent,Christian Koloko,Armel Traoré,Maxwell Lewis,,,
20241123,MEM,2025,Jaylen Wells,Scotty Pippen Jr.,Desmond Bane,Jaren Jackson Jr.,Brandon Clarke,Luke Kennard,Santi Aldama,Jay Huff,Jake LaRavia,Cam Spencer,,,,,
20241123,MIL,2025,Brook Lopez,Damian Lillard,Giannis Antetokounmpo,Taurean Prince,Andre Jackson Jr.,Gary Trent Jr.,Bobby Portis,A.J. Green,Delon Wright,,,,,,
20241123,NYK,2025,Josh Hart,Karl-Anthony Towns,Jalen Brunson,OG Anunoby,Mikal Bridges,Cameron Payne,Tyler Kolek,Jericho Sims,Pacome Dadiet,,,,,,
20241123,ORL,2025,Franz Wagner,Tristan Da Silva,Kentavious Caldwell-Pope,Goga Bitadze,Jalen Suggs,Anthony Black,Moritz Wagner,Jonathan Isaac,Gary Harris,Jett Howard,Cole Anthony,Caleb Houstan,Cory Joseph,,
20241123,POR,2025,Anfernee Simons,Shaedon Sharpe,Jerami Grant,Toumani Camara,Donovan Clingan,Deni Avdija,Dalano Banton,Kris Murray,Rayan Rupert,Duop Reath,,,,,
20241123,SAS,2025,Julian Champagnie,Victor Wembanyama,Stephon Castle,Harrison Barnes,Chris Paul,Tre Jones,Sandro Mamukelashvili,Blake Wesley,Malaki Branham,Zach Collins,,,,,
20241123,UTA,2025,Collin Sexton,Walker Kessler,Lauri Markkanen,John Collins,Keyonte George,Jordan Clarkson,Johnny Juzang,Drew Eubanks,Isaiah Collier,Cody Williams,,,,,
20241124,BOS,2025,Jayson Tatum,Derrick White,Jrue Holiday,Jaylen Brown,Al Horford,Payton Pritchard,Sam Hauser,Xavier Tillman Sr.,,,,,,,
20241124,BRK,2025,Cam Thomas,Cameron Johnson,Ben Simmons,Nic Claxton,Ziaire Williams,Jalen Wilson,Noah Clowney,Shake Milton,Trendon Watford,Keon Johnson,,,,,
20241124,CLE,2025,Donovan Mitchell,Evan Mobley,Jarrett Allen,Darius Garland,Isaac Okoro,Ty Jerome,Sam Merrill,Georges Niang,Jaylon Tyson,Craig Porter Jr.,,,,,
20241124,DAL,2025,P.J. Washington,Kyrie Irving,Klay Thompson,Dereck Lively II,Quentin Grimes,Naji Marshall,Spencer Dinwiddie,Daniel Gafford,Maxi Kleber,Jaden Hardy,,,,,
20241124,IND,2025,Bennedict Mathurin,Tyrese Haliburton,Pascal Siakam,Myles Turner,Quenton Jackson,T.J. McConnell,Jarace Walker,Obi Toppin,Moses Brown,Johnny Furphy,,,,,
20241124,LAC,2025,James Harden,Ivica Zubac,Amir Coffey,Derrick Jones Jr.,Kris Dunn,Kevin Porter Jr.,Jordan Miller,Terance Mann,Mo Bamba,Kobe Brown,Nicolas Batum,Bones Hyland,,,
20241124,MIA,2025,Tyler Herro,Jimmy Butler,Bam Adebayo,Haywood Highsmith,Duncan Robinson,Pelle Larsson,Alec Burks,Jaime Jaquez Jr.,Kevin Love,Nikola Jović,,,,,
20241124,MIN,2025,Anthony Edwards,Julius Randle,Rudy Gobert,Jaden McDaniels,Donte DiVincenzo,Nickeil Alexander-Walker,Naz Reid,Rob Dillingham,Josh Minott,,,,,,
20241124,PHI,2025,Kelly Oubre Jr.,Tyrese Maxey,Jared McCain,Guerschon Yabusele,Caleb Martin,KJ Martin,Ricky Council IV,Eric Gordon,Andre Drummond,Reggie Jackson,Lester Quiñones,Adem Bona,Justin Edwards,,
20241124,SAC,2025,De'Aaron Fox,Keegan Murray,DeMar DeRozan,Domantas Sabonis,Kevin Huerter,Keon Ellis,Trey Lyles,Colby Jones,Doug McDermott,,,,,,
20241124,TOR,2025,Scottie Barnes,Jakob Poeltl,RJ Barrett,Gradey Dick,Ochai Agbaji,Davion Mitchell,Jonathan Mogbo,Jamal Shead,Chris Boucher,Jamison Battle,Bruno Fernando,Garrett Temple,,,
20241124,WAS,2025,Bilal Coulibaly,Alex Sarr,Kyle Kuzma,Kyshawn George,Malcolm Brogdon,Corey Kispert,Carlton Carrington,Jonas Valančiūnas,Anthony Gill,Jared Butler,,,,,
20241125,ATL,2025,Jalen Johnson,Trae Young,Dyson Daniels,Clint Capela,Zaccharie Risacher,De'Andre Hunter,Bogdan Bogdanović,Onyeka Okongwu,Kobe Bufkin,,,,,,
20241125,BOS,2025,Derrick White,Jaylen Brown,Jayson Tatum,Jrue Holiday,Kristaps Porziņģis,Payton Pritchard,Neemias Queta,Sam Hauser,Jordan Walsh,Jaden Springer,Baylor Scheierman,Xavier Tillman Sr.,,,
20241125,BRK,2025,Jalen Wilson,Ziaire Williams,Dennis Schröder,Cam Thomas,Cameron Johnson,Keon Johnson,Shake Milton,Tyrese Martin,Trendon Watford,,,,,,
20241125,CHO,2025,LaMelo Ball,Brandon Miller,Tidjane Salaün,Josh Green,Taj Gibson,Moussa Diabaté,Cody Martin,Seth Curry,Nick Smith Jr.,KJ Simpson,,,,,
20241125,DAL,2025,Kyrie Irving,P.J. Washington,Jaden Hardy,Naji Marshall,Dereck Lively II,Spencer Dinwiddie,Daniel Gafford,Maxi Kleber,Jazian Gortman,Olivier-Maxence Prosper,,,,,
20241125,DEN,2025,Michael Porter Jr.,Christian Braun,Nikola Jokić,Jamal Murray,Peyton Watson,Russell Westbrook,Julian Strawther,DeAndre Jordan,Trey Alexander,Hunter Tyson,Zeke Nnaji,PJ Hall,,,
20241125,DET,2025,Tobias Harris,Jaden Ivey,Tim Hardaway Jr.,Malik Beasley,Jalen Duren,Isaiah Stewart,Ausar Thompson,Marcus Sasser,Ron Holland,Simone Fontecchio,,,,,
20241125,GSW,2025,Andrew Wiggins,Stephen Curry,Draymond Green,Lindy Waters III,Trayce Jackson-Davis,Brandin Podziemski,Gary Payton II,Buddy Hield,Moses Moody,Kyle Anderson,Kevon Looney,,,,
20241125,IND,2025,Bennedict Mathurin,Pascal Siakam,Tyrese Haliburton,Quenton Jackson,Myles Turner,T.J. McConnell,Jarace Walker,Obi Toppin,Moses Brown,Enrique Freeman,,,,,
20241125,LAC,2025,James Harden,Ivica Zubac,Derrick Jones Jr.,Amir Coffey,Kris Dunn,Terance Mann,Nicolas Batum,Jordan Miller,Kevin Porter Jr.,Bones Hyland,Kai Jones,Kobe Brown,,,
20241125,MEM,2025,Jaren Jackson Jr.,Brandon Clarke,Desmond Bane,Ja Morant,Jaylen Wells,Santi Aldama,Luke Kennard,Jake LaRavia,Jay Huff,Marcus Smart,Scotty Pippen Jr.,John Konchar,Yuki Kawamura,,
20241125,NOP,2025,Trey Murphy III,Elfrid Payton,CJ McCollum,Javonte Green,Daniel Theis,Yves Missi,Brandon Boston Jr.,Jeremiah Robinson-Earl,Jordan Hawkins,,,,,,
20241125,NYK,2025,Jalen Brunson,OG Anunoby,Mikal Bridges,Karl-Anthony Towns,Josh Hart,Miles McBride,Cameron Payne,Jericho Sims,Tyler Kolek,Pacome Dadiet,Matt Ryan,,,,
20241125,OKC,2025,Luguentz Dort,Shai Gilgeous-Alexander,Jalen Williams,Isaiah Hartenstein,Aaron Wiggins,Isaiah Joe,Ajay Mitchell,Kenrich Williams,Cason Wallace,Dillon Jones,Adam Flagler,Branden Carlson,,,
20241125,ORL,2025,Franz Wagner,Kentavious Caldwell-Pope,Goga Bitadze,Tristan Da Silva,Gary Harris,Cole Anthony,Moritz Wagner,Jett Howard,Jonathan Isaac,Anthony Black,,,,,
20241125,POR,2025,Anfernee Simons,Shaedon Sharpe,Toumani Camara,Jerami Grant,Robert Williams,Deni Avdija,Dalano Banton,Jabari Walker,Rayan Rupert,Taze Moore,Justin Minaya,Duop Reath,,,
20241125,SAC,2025,De'Aaron Fox,Keegan Murray,DeMar DeRozan,Domantas Sabonis,Keon Ellis,Malik Monk,Kevin Huerter,Isaac Jones,Trey Lyles,Colby Jones,Alex Len,Doug McDermott,Jordan McLaughlin,,
20241125,TOR,2025,Scottie Barnes,RJ Barrett,Davion Mitchell,Jakob Poeltl,Ochai Agbaji,Chris Boucher,Jamison Battle,Jamal Shead,Bruno Fernando,Jonathan Mogbo,,,,,
20241126,CHI,2025,Coby White,Zach LaVine,Ayo Dosunmu,Nikola Vučević,Josh Giddey,Julian Phillips,Jalen Smith,Matas Buzelis,Dalen Terry,Talen Horton-Tucker,E.J. Liddell,Jevon Carter,Chris Duarte,,
20241126,HOU,2025,Fred VanVleet,Alperen Sengun,Dillon Brooks,Jabari Smith Jr.,Jalen Green,Amen Thompson,Tari Eason,Jock Landale,Reed Sheppard,,,,,,
20241126,LAL,2025,LeBron James,Anthony Davis,Austin Reaves,Rui Hachimura,Cam Reddish,D'Angelo Russell,Dalton Knecht,Jaxson Hayes,Gabe Vincent,Max Christie,Christian Koloko,,,,
20241126,MIA,2025,Tyler Herro,Jimmy Butler,Bam Adebayo,Duncan Robinson,Haywood Highsmith,Pelle Larsson,Terry Rozier,Jaime Jaquez Jr.,Alec Burks,Kel'el Ware,Kevin Love,,,,
20241126,MIL,2025,Damian Lillard,Taurean Prince,Brook Lopez,A.J. Green,Andre Jackson Jr.,Gary Trent Jr.,Pat Connaughton,Bobby Portis,Delon Wright,MarJon Beauchamp,,,,,
20241126,MIN,2025,Rudy Gobert,Anthony Edwards,Jaden McDaniels,Julius Randle,Donte DiVincenzo,Nickeil Alexander-Walker,Naz Reid,Rob Dillingham,,,,,,,
20241126,PHO,2025,Devin Booker,Tyus Jones,Kevin Durant,Bradley Beal,Jusuf Nurkić,Royce O'Neale,Grayson Allen,Ryan Dunn,Oso Ighodaro,Mason Plumlee,Josh Okogie,Monte Morris,,,
20241126,SAS,2025,Victor Wembanyama,Julian Champagnie,Stephon Castle,Chris Paul,Harrison Barnes,Blake Wesley,Tre Jones,Keldon Johnson,Sandro Mamukelashvili,Zach Collins,Charles Bassey,,,,
20241126,UTA,2025,Keyonte George,Lauri Markkanen,John Collins,Collin Sexton,Walker Kessler,Brice Sensabaugh,Johnny Juzang,Isaiah Collier,Drew Eubanks,,,,,,
20241126,WAS,2025,Bilal Coulibaly,Kyle Kuzma,Alex Sarr,Kyshawn George,Malcolm Brogdon,Carlton Carrington,Corey Kispert,Jonas Valančiūnas,Anthony Gill,Jared Butler,Patrick Baldwin Jr.,Johnny Davis,Marvin Bagley III,,
20241127,ATL,2025,Trae Young,Dyson Daniels,Jalen Johnson,Clint Capela,Zaccharie Risacher,De'Andre Hunter,Onyeka Okongwu,Bogdan Bogdanović,Kobe Bufkin,,,,,,
20241127,BRK,2025,Dennis Schröder,Dorian Finney-Smith,Cameron Johnson,Ben Simmons,Ziaire Williams,Tyrese Martin,Trendon Watford,Shake Milton,Keon Johnson,,,,,,
20241127,CHI,2025,Zach LaVine,Ayo Dosunmu,Nikola Vučević,Coby White,Josh Giddey,Matas Buzelis,Julian Phillips,E.J. Liddell,Lonzo Ball,Talen Horton-Tucker,Chris Duarte,Jevon Carter,Dalen Terry,,
20241127,CHO,2025,Tidjane Salaün,Brandon Miller,LaMelo Ball,Josh Green,Taj Gibson,Moussa Diabaté,Cody Martin,Vasilije Micić,Nick Smith Jr.,Seth Curry,,,,,
20241127,CLE,2025,Evan Mobley,Donovan Mitchell,Darius Garland,Jarrett Allen,Isaac Okoro,Ty Jerome,Georges Niang,Sam Merrill,Jaylon Tyson,Craig Porter Jr.,,,,,
20241127,DAL,2025,P.J. Washington,Kyrie Irving,Naji Marshall,Dereck Lively II,Quentin Grimes,Spencer Dinwiddie,Maxi Kleber,Jaden Hardy,Dwight Powell,Jazian Gortman,,,,,
20241127,DEN,2025,Christian Braun,Jamal Murray,Nikola Jokić,Michael Porter Jr.,Peyton Watson,Russell Westbrook,Hunter Tyson,Julian Strawther,DeAndre Jordan,Trey Alexander,PJ Hall,Spencer Jones,Zeke Nnaji,,
20241127,DET,2025,Tim Hardaway Jr.,Jalen Duren,Malik Beasley,Ausar Thompson,Jaden Ivey,Marcus Sasser,Ron Holland,Simone Fontecchio,Wendell Moore Jr.,Isaiah Stewart,Paul Reed,Cole Swider,,,
20241127,GSW,2025,Andrew Wiggins,Draymond Green,Brandin Podziemski,Jonathan Kuminga,Lindy Waters III,Buddy Hield,Kyle Anderson,Pat Spencer,Moses Moody,Kevon Looney,Gary Payton II,Trayce Jackson-Davis,,,
20241127,HOU,2025,Fred VanVleet,Jalen Green,Dillon Brooks,Alperen Sengun,Jabari Smith Jr.,Amen Thompson,Tari Eason,Steven Adams,Reed Sheppard,Aaron Holiday,,,,,
20241127,IND,2025,Bennedict Mathurin,Tyrese Haliburton,Pascal Siakam,Myles Turner,Quenton Jackson,Obi Toppin,T.J. McConnell,Jarace Walker,Johnny Furphy,Moses Brown,,,,,
20241127,LAC,2025,James Harden,Ivica Zubac,Amir Coffey,Kris Dunn,Derrick Jones Jr.,Nicolas Batum,Terance Mann,Kevin Porter Jr.,Jordan Miller,Mo Bamba,Kai Jones,Bones Hyland,,,
20241127,LAL,2025,Anthony Davis,LeBron James,Austin Reaves,Dalton Knecht,Rui Hachimura,D'Angelo Russell,Max Christie,Cam Reddish,Christian Koloko,Gabe Vincent,Armel Traoré,Maxwell Lewis,,,
20241127,MEM,2025,Scotty Pippen Jr.,Jaylen Wells,Desmond Bane,Jaren Jackson Jr.,Brandon Clarke,Jake LaRavia,Luke Kennard,Santi Aldama,Jay Huff,Marcus Smart,John Konchar,Yuki Kawamura,,,
20241127,MIA,2025,Tyler Herro,Bam Adebayo,Duncan Robinson,Haywood Highsmith,Jimmy Butler,Terry Rozier,Jaime Jaquez Jr.,Pelle Larsson,Kel'el Ware,Alec Burks,,,,,
20241127,MIN,2025,Anthony Edwards,Rudy Gobert,Julius Randle,Mike Conley,Jaden McDaniels,Donte DiVincenzo,Naz Reid,Nickeil Alexander-Walker,Rob Dillingham,,,,,,
20241127,NOP,2025,CJ McCollum,Javonte Green,Yves Missi,Dejounte Murray,Brandon Boston Jr.,Jeremiah Robinson-Earl,Elfrid Payton,Jordan Hawkins,Daniel Theis,Trey Jemison,Antonio Reeves,,,,
20241127,NYK,2025,Josh Hart,OG Anunoby,Mikal Bridges,Jalen Brunson,Karl-Anthony Towns,Cameron Payne,Miles McBride,Jericho Sims,,,,,,,
20241127,OKC,2025,Shai Gilgeous-Alexander,Luguentz Dort,Isaiah Joe,Isaiah Hartenstein,Jalen Williams,Cason Wallace,Ajay Mitchell,Kenrich Williams,Aaron Wiggins,Dillon Jones,,,,,
20241127,ORL,2025,Kentavious Caldwell-Pope,Jalen Suggs,Franz Wagner,Goga Bitadze,Wendell Carter Jr.,Jonathan Isaac,Tristan Da Silva,Moritz Wagner,Anthony Black,Cole Anthony,Caleb Houstan,Jett Howard,Cory Joseph,,
20241127,PHI,2025,Kelly Oubre Jr.,Tyrese Maxey,Guerschon Yabusele,Jared McCain,Andre Drummond,Ricky Council IV,KJ Martin,Eric Gordon,Reggie Jackson,,,,,,
20241127,PHO,2025,Devin Booker,Kevin Durant,Tyus Jones,Bradley Beal,Jusuf Nurkić,Grayson Allen,Royce O'Neale,Mason Plumlee,Ryan Dunn,Oso Ighodaro,,,,,
20241127,POR,2025,Deni Avdija,Anfernee Simons,Shaedon Sharpe,Deandre Ayton,Toumani Camara,Scoot Henderson,Dalano Banton,Jabari Walker,Rayan Rupert,,,,,,
20241127,SAC,2025,Keegan Murray,De'Aaron Fox,Domantas Sabonis,Jae Crowder,Keon Ellis,Malik Monk,Isaac Jones,Kevin Huerter,Alex Len,Jordan McLaughlin,Doug McDermott,,,,
20241127,SAS,2025,Victor Wembanyama,Harrison Barnes,Julian Champagnie,Stephon Castle,Chris Paul,Keldon Johnson,Devin Vassell,Tre Jones,Zach Collins,Blake Wesley,Sandro Mamukelashvili,Charles Bassey,Malaki Branham,Sidy Cissoko,
20241127,TOR,2025,RJ Barrett,Scottie Barnes,Jakob Poeltl,Ochai Agbaji,Ja'Kobe Walter,Jamison Battle,Jamal Shead,Davion Mitchell,Jonathan Mogbo,Chris Boucher,Bruno Fernando,Garrett Temple,,,
20241127,UTA,2025,Collin Sexton,Keyonte George,Micah Potter,Walker Kessler,Svi Mykhailiuk,Brice Sensabaugh,Isaiah Collier,Johnny Juzang,Oscar Tshiebwe,Drew Eubanks,,,,,
20241127,WAS,2025,Bilal Coulibaly,Jordan Poole,Alex Sarr,Malcolm Brogdon,Kyle Kuzma,Kyshawn George,Corey Kispert,Carlton Carrington,Jonas Valančiūnas,Anthony Gill,Marvin Bagley III,Jared Butler,Johnny Davis,Patrick Baldwin Jr.,
20241129,ATL,2025,Jalen Johnson,Trae Young,Dyson Daniels,Clint Capela,Zaccharie Risacher,De'Andre Hunter,Bogdan Bogdanović,Onyeka Okongwu,Kobe Bufkin,,,,,,
20241129,BOS,2025,Jaylen Brown,Jayson Tatum,Jrue Holiday,Kristaps Porziņģis,Derrick White,Payton Pritchard,Al Horford,Sam Hauser,Neemias Queta,,,,,,
20241129,BRK,2025,Jalen Wilson,Cameron Johnson,Ben Simmons,Tyrese Martin,Ziaire Williams,Shake Milton,Keon Johnson,Nic Claxton,Trendon Watford,,,,,,
20241129,CHI,2025,Zach LaVine,Nikola Vučević,Coby White,Ayo Dosunmu,Josh Giddey,Lonzo Ball,Jalen Smith,Talen Horton-Tucker,Torrey Craig,Dalen Terry,Julian Phillips,Matas Buzelis,,,
20241129,CHO,2025,Brandon Miller,Moussa Diabaté,Tidjane Salaün,Vasilije Micić,Josh Green,Cody Martin,KJ Simpson,Taj Gibson,Nick Smith Jr.,Seth Curry,,,,,
20241129,CLE,2025,Evan Mobley,Donovan Mitchell,Darius Garland,Jarrett Allen,Isaac Okoro,Georges Niang,Caris LeVert,Sam Merrill,Ty Jerome,Jaylon Tyson,Craig Porter Jr.,,,,
20241129,DET,2025,Cade Cunningham,Jaden Ivey,Tobias Harris,Tim Hardaway Jr.,Jalen Duren,Malik Beasley,Isaiah Stewart,Simone Fontecchio,Ron Holland,Ausar Thompson,Marcus Sasser,,,,
20241129,IND,2025,Bennedict Mathurin,Pascal Siakam,Tyrese Haliburton,Myles Turner,Quenton Jackson,Jarace Walker,Obi Toppin,T.J. McConnell,Johnny Furphy,Moses Brown,Enrique Freeman,Tristen Newton,,,
20241129,LAC,2025,James Harden,Ivica Zubac,Kris Dunn,Amir Coffey,Derrick Jones Jr.,Kevin Porter Jr.,Nicolas Batum,Terance Mann,Mo Bamba,Jordan Miller,,,,,
20241129,LAL,2025,Anthony Davis,LeBron James,Dalton Knecht,Rui Hachimura,Austin Reaves,D'Angelo Russell,Max Christie,Gabe Vincent,Cam Reddish,,,,,,
20241129,MEM,2025,Ja Morant,Jaren Jackson Jr.,Desmond Bane,Brandon Clarke,Jaylen Wells,Santi Aldama,Marcus Smart,Luke Kennard,Jay Huff,Scotty Pippen Jr.,Jake LaRavia,,,,
20241129,MIA,2025,Tyler Herro,Bam Adebayo,Jimmy Butler,Duncan Robinson,Haywood Highsmith,Terry Rozier,Jaime Jaquez Jr.,Pelle Larsson,Kevin Love,Alec Burks,,,,,
20241129,MIN,2025,Rudy Gobert,Anthony Edwards,Mike Conley,Julius Randle,Jaden McDaniels,Nickeil Alexander-Walker,Naz Reid,Donte DiVincenzo,,,,,,,
20241129,NOP,2025,Trey Murphy III,CJ McCollum,Dejounte Murray,Yves Missi,Javonte Green,Brandon Boston Jr.,Daniel Theis,Elfrid Payton,Jeremiah Robinson-Earl,,,,,,
20241129,NYK,2025,Josh Hart,OG Anunoby,Karl-Anthony Towns,Jalen Brunson,Mikal Bridges,Miles McBride,Cameron Payne,Jericho Sims,,,,,,,
20241129,OKC,2025,Shai Gilgeous-Alexander,Isaiah Hartenstein,Jalen Williams,Cason Wallace,Luguentz Dort,Isaiah Joe,Aaron Wiggins,Ajay Mitchell,Kenrich Williams,Dillon Jones,,,,,
20241129,ORL,2025,Franz Wagner,Kentavious Caldwell-Pope,Goga Bitadze,Jalen Suggs,Wendell Carter Jr.,Tristan Da Silva,Jonathan Isaac,Moritz Wagner,Jett Howard,Anthony Black,Cole Anthony,Cory Joseph,Caleb Houstan,,
20241129,POR,2025,Deandre Ayton,Anfernee Simons,Shaedon Sharpe,Deni Avdija,Toumani Camara,Dalano Banton,Kris Murray,Jabari Walker,Duop Reath,,,,,,
20241129,SAC,2025,Domantas Sabonis,De'Aaron Fox,Keegan Murray,Keon Ellis,Jae Crowder,Malik Monk,Isaac Jones,Jordan McLaughlin,Doug McDermott,Kevin Huerter,Colby Jones,Orlando Robinson,,,
20241129,TOR,2025,RJ Barrett,Scottie Barnes,Jakob Poeltl,Ochai Agbaji,Ja'Kobe Walter,Davion Mitchell,Jamison Battle,Jonathan Mogbo,Chris Boucher,Jamal Shead,,,,,
20241130,ATL,2025,Jalen Johnson,Trae Young,Dyson Daniels,Zaccharie Risacher,Clint Capela,Onyeka Okongwu,De'Andre Hunter,Kobe Bufkin,Garrison Mathews,Vit Krejci,,,,,
20241130,CHO,2025,Brandon Miller,Josh Green,Vasilije Micić,Moussa Diabaté,Tidjane Salaün,Cody Martin,Nick Richards,Nick Smith Jr.,KJ Simpson,Seth Curry,,,,,
20241130,DAL,2025,Kyrie Irving,P.J. Washington,Quentin Grimes,Dereck Lively II,Naji Marshall,Spencer Dinwiddie,Maxi Kleber,Daniel Gafford,Jaden Hardy,Dwight Powell,Olivier-Maxence Prosper,Kessler Edwards,,,
20241130,DET,2025,Malik Beasley,Jaden Ivey,Tobias Harris,Tim Hardaway Jr.,Jalen Duren,Marcus Sasser,Simone Fontecchio,Ron Holland,Wendell Moore Jr.,Isaiah Stewart,Paul Reed,Ausar Thompson,,,
20241130,GSW,2025,Andrew Wiggins,Brandin Podziemski,Stephen Curry,Draymond Green,Trayce Jackson-Davis,Jonathan Kuminga,Buddy Hield,Kevon Looney,Lindy Waters III,Gary Payton II,Pat Spencer,Kyle Anderson,Moses Moody,,
20241130,MIL,2025,Damian Lillard,Giannis Antetokounmpo,Brook Lopez,Andre Jackson Jr.,Taurean Prince,A.J. Green,Bobby Portis,Gary Trent Jr.,Delon Wright,,,,,,
20241130,PHI,2025,Tyrese Maxey,Kelly Oubre Jr.,Paul George,Guerschon Yabusele,Andre Drummond,Jared McCain,KJ Martin,Ricky Council IV,Adem Bona,Eric Gordon,Justin Edwards,Lester Quiñones,,,
20241130,PHO,2025,Devin Booker,Kevin Durant,Grayson Allen,Tyus Jones,Mason Plumlee,Oso Ighodaro,Ryan Dunn,Royce O'Neale,Monte Morris,,,,,,
20241130,UTA,2025,John Collins,Lauri Markkanen,Keyonte George,Walker Kessler,Collin Sexton,Brice Sensabaugh,Johnny Juzang,Drew Eubanks,Micah Potter,Isaiah Collier,,,,,
20241130,WAS,2025,Alex Sarr,Bilal Coulibaly,Jordan Poole,Jonas Valančiūnas,Malcolm Brogdon,Corey Kispert,Kyshawn George,Carlton Carrington,Marvin Bagley III,Anthony Gill,,,,,
20241201,BOS,2025,Jayson Tatum,Sam Hauser,Jrue Holiday,Kristaps Porziņģis,Al Horford,Payton Pritchard,Drew Peterson,Luke Kornet,,,,,,,
20241201,BRK,2025,Dennis Schröder,Cameron Johnson,Nic Claxton,Ziaire Williams,Jalen Wilson,Keon Johnson,Trendon Watford,Shake Milton,Ben Simmons,Tyrese Martin,,,,,
20241201,CLE,2025,Donovan Mitchell,Evan Mobley,Darius Garland,Jarrett Allen,Isaac Okoro,Caris LeVert,Georges Niang,Sam Merrill,Ty Jerome,Jaylon Tyson,,,,,
20241201,DAL,2025,P.J. Washington,Luka Dončić,Quentin Grimes,Daniel Gafford,Jaden Hardy,Spencer Dinwiddie,Maxi Kleber,Dwight Powell,Olivier-Maxence Prosper,,,,,,
20241201,DEN,2025,Nikola Jokić,Jamal Murray,Christian Braun,Michael Porter Jr.,Peyton Watson,Russell Westbrook,Aaron Gordon,Julian Strawther,,,,,,,
20241201,HOU,2025,Jabari Smith Jr.,Alperen Sengun,Fred VanVleet,Jalen Green,Dillon Brooks,Amen Thompson,Tari Eason,Reed Sheppard,Steven Adams,,,,,,
20241201,IND,2025,Tyrese Haliburton,Bennedict Mathurin,Myles Turner,Pascal Siakam,Andrew Nembhard,Jarace Walker,Obi Toppin,T.J. McConnell,Quenton Jackson,Johnny Furphy,Moses Brown,Enrique Freeman,Tristen Newton,,
20241201,LAC,2025,James Harden,Ivica Zubac,Derrick Jones Jr.,Norman Powell,Kris Dunn,Terance Mann,Nicolas Batum,Amir Coffey,Jordan Miller,Mo Bamba,,,,,
20241201,LAL,2025,Rui Hachimura,Anthony Davis,LeBron James,Gabe Vincent,Dalton Knecht,Max Christie,Jalen Hood-Schifino,Armel Traoré,Christian Koloko,,,,,,
20241201,MEM,2025,Desmond Bane,Jaren Jackson Jr.,Ja Morant,Jaylen Wells,Brandon Clarke,Santi Aldama,Marcus Smart,Jake LaRavia,Luke Kennard,Scotty Pippen Jr.,Jay Huff,John Konchar,Yuki Kawamura,,
20241201,MIA,2025,Bam Adebayo,Tyler Herro,Jimmy Butler,Haywood Highsmith,Duncan Robinson,Terry Rozier,Jaime Jaquez Jr.,Pelle Larsson,Kevin Love,Alec Burks,,,,,
20241201,NOP,2025,Dejounte Murray,Trey Murphy III,CJ McCollum,Javonte Green,Yves Missi,Jeremiah Robinson-Earl,Antonio Reeves,Brandon Boston Jr.,Elfrid Payton,Trey Jemison,Karlo Matković,Jamal Cain,Daniel Theis,,
20241201,NYK,2025,Mikal Bridges,OG Anunoby,Josh Hart,Jalen Brunson,Karl-Anthony Towns,Jericho Sims,Miles McBride,Cameron Payne,Matt Ryan,Ariel Hukporti,Tyler Kolek,Jacob Toppin,,,
20241201,OKC,2025,Jalen Williams,Shai Gilgeous-Alexander,Cason Wallace,Isaiah Hartenstein,Luguentz Dort,Aaron Wiggins,Kenrich Williams,Isaiah Joe,Dillon Jones,Ajay Mitchell,,,,,
20241201,ORL,2025,Franz Wagner,Kentavious Caldwell-Pope,Goga Bitadze,Wendell Carter Jr.,Jalen Suggs,Tristan Da Silva,Anthony Black,Moritz Wagner,Jett Howard,Jonathan Isaac,Cole Anthony,,,,
20241201,POR,2025,Jerami Grant,Shaedon Sharpe,Toumani Camara,Deandre Ayton,Anfernee Simons,Deni Avdija,Dalano Banton,Jabari Walker,Kris Murray,Rayan Rupert,,,,,
20241201,SAC,2025,Keegan Murray,DeMar DeRozan,Malik Monk,Domantas Sabonis,De'Aaron Fox,Isaac Jones,Keon Ellis,Jae Crowder,Colby Jones,,,,,,
20241201,SAS,2025,Victor Wembanyama,Chris Paul,Stephon Castle,Julian Champagnie,Harrison Barnes,Keldon Johnson,Devin Vassell,Tre Jones,Zach Collins,Charles Bassey,,,,,
20241201,TOR,2025,RJ Barrett,Ochai Agbaji,Jakob Poeltl,Scottie Barnes,Ja'Kobe Walter,Davion Mitchell,Chris Boucher,Jamison Battle,Jonathan Mogbo,Jamal Shead,,,,,
20241201,UTA,2025,Lauri Markkanen,John Collins,Walker Kessler,Keyonte George,Collin Sexton,Brice Sensabaugh,Johnny Juzang,Micah Potter,Isaiah Collier,Drew Eubanks,,,,,
20241202,ATL,2025,Trae Young,Dyson Daniels,Jalen Johnson,Clint Capela,Zaccharie Risacher,De'Andre Hunter,Bogdan Bogdanović,Onyeka Okongwu,Kobe Bufkin,,,,,,
20241202,BOS,2025,Jayson Tatum,Derrick White,Jaylen Brown,Luke Kornet,Jordan Walsh,Payton Pritchard,Drew Peterson,Neemias Queta,Xavier Tillman Sr.,Baylor Scheierman,JD Davison,Jaden Springer,,,
20241202,BRK,2025,Tyrese Martin,Keon Johnson,Dennis Schröder,Jalen Wilson,Nic Claxton,Shake Milton,Dariq Whitehead,Trendon Watford,Day'Ron Sharpe,Cui Yongxi,,,,,
20241202,CHI,2025,Josh Giddey,Ayo Dosunmu,Nikola Vučević,Julian Phillips,Zach LaVine,Matas Buzelis,Dalen Terry,Talen Horton-Tucker,Jalen Smith,Lonzo Ball,E.J. Liddell,Chris Duarte,Jevon Carter,,
20241202,LAL,2025,D'Angelo Russell,Anthony Davis,LeBron James,Rui Hachimura,Dalton Knecht,Gabe Vincent,Max Christie,Armel Traoré,Cam Reddish,Maxwell Lewis,Christian Koloko,,,,
20241202,MIA,2025,Jaime Jaquez Jr.,Tyler Herro,Haywood Highsmith,Bam Adebayo,Duncan Robinson,Terry Rozier,Dru Smith,Pelle Larsson,Thomas Bryant,Alec Burks,Keshad Johnson,,,,
20241202,MIN,2025,Rudy Gobert,Anthony Edwards,Julius Randle,Jaden McDaniels,Mike Conley,Donte DiVincenzo,Naz Reid,Nickeil Alexander-Walker,Josh Minott,Luka Garza,Terrence Shannon Jr.,PJ Dozier,Daishen Nix,,
20241202,NOP,2025,Dejounte Murray,Trey Murphy III,Yves Missi,CJ McCollum,Javonte Green,Brandon Boston Jr.,Jeremiah Robinson-Earl,Daniel Theis,Elfrid Payton,,,,,,
20241203,CHO,2025,Brandon Miller,Josh Green,Nick Richards,Tidjane Salaün,Vasilije Micić,Cody Martin,KJ Simpson,Nick Smith Jr.,Moussa Diabaté,Mark Williams,Seth Curry,,,,
20241203,CLE,2025,Evan Mobley,Isaac Okoro,Donovan Mitchell,Jarrett Allen,Darius Garland,Georges Niang,Caris LeVert,Sam Merrill,Dean Wade,Tristan Thompson,Craig Porter Jr.,Jaylon Tyson,,,
20241203,DAL,2025,Luka Dončić,P.J. Washington,Kyrie Irving,Dereck Lively II,Klay Thompson,Spencer Dinwiddie,Quentin Grimes,Daniel Gafford,Maxi Kleber,Jaden Hardy,,,,,
20241203,DEN,2025,Nikola Jokić,Christian Braun,Jamal Murray,Aaron Gordon,Michael Porter Jr.,Russell Westbrook,Julian Strawther,Peyton Watson,Zeke Nnaji,,,,,,
20241203,DET,2025,Cade Cunningham,Tobias Harris,Jaden Ivey,Tim Hardaway Jr.,Jalen Duren,Isaiah Stewart,Malik Beasley,Ausar Thompson,Ron Holland,Simone Fontecchio,Paul Reed,Wendell Moore Jr.,Marcus Sasser,,
20241203,GSW,2025,Stephen Curry,Andrew Wiggins,Jonathan Kuminga,Kevon Looney,Brandin Podziemski,Trayce Jackson-Davis,Buddy Hield,Moses Moody,Kyle Anderson,Gary Payton II,,,,,
20241203,HOU,2025,Fred VanVleet,Jabari Smith Jr.,Jalen Green,Alperen Sengun,Dillon Brooks,Tari Eason,Amen Thompson,Reed Sheppard,Steven Adams,Aaron Holiday,Jae'Sean Tate,,,,
20241203,IND,2025,Tyrese Haliburton,Myles Turner,Bennedict Mathurin,Pascal Siakam,Andrew Nembhard,Jarace Walker,T.J. McConnell,Obi Toppin,Enrique Freeman,Moses Brown,,,,,
20241203,LAC,2025,James Harden,Ivica Zubac,Norman Powell,Derrick Jones Jr.,Kris Dunn,Jordan Miller,Amir Coffey,Nicolas Batum,Mo Bamba,Terance Mann,Bones Hyland,Kai Jones,,,
20241203,MEM,2025,Ja Morant,Desmond Bane,Jaren Jackson Jr.,Jaylen Wells,Brandon Clarke,Santi Aldama,Marcus Smart,Scotty Pippen Jr.,Jay Huff,Jake LaRavia,Luke Kennard,,,,
20241203,MIL,2025,Brook Lopez,Damian Lillard,Giannis Antetokounmpo,Taurean Prince,Andre Jackson Jr.,Gary Trent Jr.,Bobby Portis,A.J. Green,Delon Wright,Tyler Smith,Chris Livingston,AJ Johnson,Ryan Rollins,,
20241203,NYK,2025,Josh Hart,Karl-Anthony Towns,Mikal Bridges,OG Anunoby,Jalen Brunson,Miles McBride,Cameron Payne,Jericho Sims,Matt Ryan,Pacome Dadiet,Ariel Hukporti,Tyler Kolek,,,
20241203,OKC,2025,Shai Gilgeous-Alexander,Luguentz Dort,Cason Wallace,Jalen Williams,Isaiah Hartenstein,Aaron Wiggins,Isaiah Joe,Ajay Mitchell,Dillon Jones,Kenrich Williams,Branden Carlson,Adam Flagler,,,
20241203,ORL,2025,Jalen Suggs,Franz Wagner,Kentavious Caldwell-Pope,Tristan Da Silva,Wendell Carter Jr.,Moritz Wagner,Anthony Black,Cole Anthony,Jonathan Isaac,Jett Howard,Caleb Houstan,,,,
20241203,PHI,2025,Paul George,Tyrese Maxey,Guerschon Yabusele,Kelly Oubre Jr.,KJ Martin,Caleb Martin,Jared McCain,Adem Bona,Kyle Lowry,Ricky Council IV,,,,,
20241203,PHO,2025,Devin Booker,Tyus Jones,Bradley Beal,Oso Ighodaro,Kevin Durant,Royce O'Neale,Grayson Allen,Mason Plumlee,Ryan Dunn,Monte Morris,,,,,
20241203,POR,2025,Jerami Grant,Deandre Ayton,Anfernee Simons,Toumani Camara,Shaedon Sharpe,Deni Avdija,Dalano Banton,Jabari Walker,Rayan Rupert,Duop Reath,Kris Murray,,,,
20241203,SAC,2025,Keegan Murray,De'Aaron Fox,Malik Monk,DeMar DeRozan,Domantas Sabonis,Kevin Huerter,Isaac Jones,Jae Crowder,Colby Jones,Alex Len,Doug McDermott,Jordan McLaughlin,,,
20241203,SAS,2025,Stephon Castle,Victor Wembanyama,Chris Paul,Julian Champagnie,Harrison Barnes,Devin Vassell,Keldon Johnson,Jeremy Sochan,Zach Collins,,,,,,
20241203,TOR,2025,RJ Barrett,Scottie Barnes,Ochai Agbaji,Jakob Poeltl,Ja'Kobe Walter,Davion Mitchell,Jonathan Mogbo,Chris Boucher,Jamison Battle,Jamal Shead,,,,,
20241203,UTA,2025,Walker Kessler,Lauri Markkanen,Keyonte George,John Collins,Collin Sexton,Johnny Juzang,Brice Sensabaugh,Isaiah Collier,Svi Mykhailiuk,Drew Eubanks,,,,,
20241203,WAS,2025,Bilal Coulibaly,Alex Sarr,Jordan Poole,Malcolm Brogdon,Jonas Valančiūnas,Carlton Carrington,Anthony Gill,Jared Butler,Richaun Holmes,Kyshawn George,Johnny Davis,Corey Kispert,Marvin Bagley III,,
20241204,ATL,2025,Jalen Johnson,Trae Young,Dyson Daniels,Clint Capela,Zaccharie Risacher,De'Andre Hunter,Bogdan Bogdanović,Onyeka Okongwu,Kobe Bufkin,,,,,,
20241204,BOS,2025,Jaylen Brown,Derrick White,Sam Hauser,Al Horford,Kristaps Porziņģis,Payton Pritchard,Luke Kornet,Xavier Tillman Sr.,Jordan Walsh,Drew Peterson,,,,,
20241204,BRK,2025,Jalen Wilson,Cameron Johnson,Dennis Schröder,Nic Claxton,Keon Johnson,Shake Milton,Trendon Watford,Ben Simmons,Day'Ron Sharpe,,,,,,
20241204,DET,2025,Cade Cunningham,Tobias Harris,Tim Hardaway Jr.,Jalen Duren,Jaden Ivey,Malik Beasley,Isaiah Stewart,Marcus Sasser,Ron Holland,Simone Fontecchio,,,,,
20241204,IND,2025,Pascal Siakam,Tyrese Haliburton,Bennedict Mathurin,Myles Turner,Quenton Jackson,T.J. McConnell,Johnny Furphy,Obi Toppin,Jarace Walker,Enrique Freeman,,,,,
20241204,LAC,2025,Derrick Jones Jr.,Amir Coffey,Ivica Zubac,James Harden,Kris Dunn,Jordan Miller,Bones Hyland,Cam Christie,Kai Jones,Trentyn Flowers,Nicolas Batum,Mo Bamba,,,
20241204,LAL,2025,Anthony Davis,D'Angelo Russell,LeBron James,Rui Hachimura,Dalton Knecht,Max Christie,Gabe Vincent,Cam Reddish,Christian Koloko,Armel Traoré,Maxwell Lewis,,,,
20241204,MIA,2025,Haywood Highsmith,Jimmy Butler,Duncan Robinson,Tyler Herro,Bam Adebayo,Terry Rozier,Pelle Larsson,Jaime Jaquez Jr.,Kevin Love,Dru Smith,Thomas Bryant,Keshad Johnson,,,
20241204,MIL,2025,Giannis Antetokounmpo,Brook Lopez,Damian Lillard,Taurean Prince,Andre Jackson Jr.,Gary Trent Jr.,A.J. Green,Bobby Portis,Delon Wright,Pat Connaughton,Ryan Rollins,Stanley Umude,Liam Robbins,,
20241204,MIN,2025,Rudy Gobert,Anthony Edwards,Julius Randle,Jaden McDaniels,Mike Conley,Nickeil Alexander-Walker,Donte DiVincenzo,Josh Minott,Naz Reid,Luka Garza,PJ Dozier,Terrence Shannon Jr.,Daishen Nix,,
20241204,ORL,2025,Jalen Suggs,Franz Wagner,Kentavious Caldwell-Pope,Wendell Carter Jr.,Goga Bitadze,Anthony Black,Moritz Wagner,Tristan Da Silva,Jonathan Isaac,,,,,,
20241204,PHI,2025,Jared McCain,Tyrese Maxey,Guerschon Yabusele,Kelly Oubre Jr.,KJ Martin,Caleb Martin,Ricky Council IV,Adem Bona,Reggie Jackson,,,,,,
20241205,CHI,2025,Ayo Dosunmu,Nikola Vučević,Zach LaVine,Julian Phillips,Josh Giddey,Dalen Terry,Talen Horton-Tucker,Matas Buzelis,Jalen Smith,Chris Duarte,,,,,
20241205,CHO,2025,Vasilije Micić,Brandon Miller,Josh Green,Nick Richards,Tidjane Salaün,Cody Martin,Nick Smith Jr.,Seth Curry,KJ Simpson,Moussa Diabaté,DaQuan Jeffries,Mark Williams,,,
20241205,CLE,2025,Jarrett Allen,Darius Garland,Donovan Mitchell,Evan Mobley,Isaac Okoro,Caris LeVert,Sam Merrill,Dean Wade,Georges Niang,Ty Jerome,,,,,
20241205,DAL,2025,Luka Dončić,Kyrie Irving,P.J. Washington,Klay Thompson,Dereck Lively II,Quentin Grimes,Spencer Dinwiddie,Daniel Gafford,Maxi Kleber,Dwight Powell,Olivier-Maxence Prosper,Markieff Morris,Jaden Hardy,,
20241205,DEN,2025,Jamal Murray,Christian Braun,Nikola Jokić,Michael Porter Jr.,Aaron Gordon,Peyton Watson,Russell Westbrook,Julian Strawther,Zeke Nnaji,,,,,,
20241205,GSW,2025,Brandin Podziemski,Andrew Wiggins,Jonathan Kuminga,Buddy Hield,Kevon Looney,Moses Moody,Trayce Jackson-Davis,Gary Payton II,Kyle Anderson,Pat Spencer,,,,,
20241205,HOU,2025,Fred VanVleet,Jabari Smith Jr.,Jalen Green,Dillon Brooks,Alperen Sengun,Amen Thompson,Steven Adams,Aaron Holiday,Reed Sheppard,,,,,,
20241205,MEM,2025,Desmond Bane,Ja Morant,Jaren Jackson Jr.,Jaylen Wells,Brandon Clarke,Santi Aldama,Jake LaRavia,Marcus Smart,Jay Huff,Scotty Pippen Jr.,,,,,
20241205,NOP,2025,CJ McCollum,Brandon Ingram,Dejounte Murray,Herbert Jones,Yves Missi,Trey Murphy III,Brandon Boston Jr.,Javonte Green,Jeremiah Robinson-Earl,,,,,,
20241205,NYK,2025,Mikal Bridges,OG Anunoby,Karl-Anthony Towns,Josh Hart,Jalen Brunson,Miles McBride,Precious Achiuwa,Jericho Sims,Tyler Kolek,Matt Ryan,Jacob Toppin,Ariel Hukporti,,,
20241205,OKC,2025,Shai Gilgeous-Alexander,Jalen Williams,Luguentz Dort,Isaiah Hartenstein,Isaiah Joe,Cason Wallace,Aaron Wiggins,Ajay Mitchell,Alex Caruso,Kenrich Williams,Branden Carlson,Adam Flagler,,,
20241205,PHO,2025,Devin Booker,Bradley Beal,Tyus Jones,Royce O'Neale,Mason Plumlee,Grayson Allen,Oso Ighodaro,Monte Morris,Josh Okogie,Bol Bol,,,,,
20241205,SAC,2025,Keegan Murray,De'Aaron Fox,Domantas Sabonis,DeMar DeRozan,Malik Monk,Kevin Huerter,Isaac Jones,Jae Crowder,Jordan McLaughlin,Keon Ellis,,,,,
20241205,SAS,2025,Jeremy Sochan,Chris Paul,Julian Champagnie,Stephon Castle,Harrison Barnes,Keldon Johnson,Devin Vassell,Zach Collins,Charles Bassey,Blake Wesley,Sandro Mamukelashvili,Malaki Branham,Sidy Cissoko,,
20241205,TOR,2025,RJ Barrett,Scottie Barnes,Gradey Dick,Ochai Agbaji,Bruno Fernando,Davion Mitchell,Ja'Kobe Walter,Jonathan Mogbo,Chris Boucher,Jamison Battle,Jamal Shead,Garrett Temple,,,
20241205,WAS,2025,Jordan Poole,Bilal Coulibaly,Alex Sarr,Malcolm Brogdon,Marvin Bagley III,Justin Champagnie,Carlton Carrington,Jared Butler,Jonas Valančiūnas,Anthony Gill,Johnny Davis,,,,
20241206,ATL,2025,Trae Young,Dyson Daniels,Jalen Johnson,Clint Capela,Zaccharie Risacher,De'Andre Hunter,Bogdan Bogdanović,Onyeka Okongwu,Vit Krejci,,,,,,
20241206,BOS,2025,Derrick White,Jayson Tatum,Al Horford,Jaylen Brown,Jrue Holiday,Sam Hauser,Payton Pritchard,Neemias Queta,,,,,,,
20241206,CHI,2025,Zach LaVine,Ayo Dosunmu,Coby White,Nikola Vučević,Josh Giddey,Jalen Smith,Matas Buzelis,Lonzo Ball,Dalen Terry,Julian Phillips,Talen Horton-Tucker,,,,
20241206,GSW,2025,Stephen Curry,Jonathan Kuminga,Brandin Podziemski,Kevon Looney,Andrew Wiggins,Draymond Green,Lindy Waters III,Gary Payton II,Buddy Hield,Kyle Anderson,Trayce Jackson-Davis,Pat Spencer,Moses Moody,,
20241206,IND,2025,Tyrese Haliburton,Pascal Siakam,Bennedict Mathurin,Myles Turner,Andrew Nembhard,Jarace Walker,T.J. McConnell,Obi Toppin,Johnny Furphy,,,,,,
20241206,LAL,2025,LeBron James,Anthony Davis,Rui Hachimura,Gabe Vincent,Dalton Knecht,Max Christie,Cam Reddish,D'Angelo Russell,Armel Traoré,,,,,,
20241206,MIL,2025,Damian Lillard,Brook Lopez,Giannis Antetokounmpo,Andre Jackson Jr.,Taurean Prince,Gary Trent Jr.,Khris Middleton,A.J. Green,Bobby Portis,,,,,,
20241206,MIN,2025,Rudy Gobert,Anthony Edwards,Jaden McDaniels,Mike Conley,Julius Randle,Naz Reid,Donte DiVincenzo,Nickeil Alexander-Walker,Josh Minott,Luka Garza,PJ Dozier,Daishen Nix,Terrence Shannon Jr.,,
20241206,ORL,2025,Franz Wagner,Kentavious Caldwell-Pope,Jalen Suggs,Wendell Carter Jr.,Goga Bitadze,Moritz Wagner,Anthony Black,Jett Howard,Cole Anthony,Tristan Da Silva,Caleb Houstan,,,,
20241206,PHI,2025,Paul George,Tyrese Maxey,Kelly Oubre Jr.,Guerschon Yabusele,Andre Drummond,KJ Martin,Jared McCain,Kyle Lowry,Caleb Martin,,,,,,
20241206,POR,2025,Shaedon Sharpe,Jerami Grant,Anfernee Simons,Deandre Ayton,Toumani Camara,Dalano Banton,Duop Reath,Deni Avdija,Kris Murray,Jabari Walker,Rayan Rupert,,,,
20241206,SAC,2025,Malik Monk,Keegan Murray,De'Aaron Fox,Domantas Sabonis,DeMar DeRozan,Kevin Huerter,Keon Ellis,Orlando Robinson,Isaac Jones,Colby Jones,Alex Len,Doug McDermott,Jordan McLaughlin,,
20241206,SAS,2025,Julian Champagnie,Chris Paul,Stephon Castle,Harrison Barnes,Zach Collins,Charles Bassey,Keldon Johnson,Jeremy Sochan,Sandro Mamukelashvili,Malaki Branham,Sidy Cissoko,Blake Wesley,,,
20241206,UTA,2025,Walker Kessler,John Collins,Keyonte George,Collin Sexton,Svi Mykhailiuk,Micah Potter,Johnny Juzang,Isaiah Collier,Brice Sensabaugh,Drew Eubanks,,,,,
20241207,BOS,2025,Derrick White,Jayson Tatum,Jaylen Brown,Kristaps Porziņģis,Jrue Holiday,Payton Pritchard,Neemias Queta,Luke Kornet,Sam Hauser,,,,,,
20241207,CHO,2025,Josh Green,Cody Martin,Vasilije Micić,Brandon Miller,Taj Gibson,DaQuan Jeffries,Nick Smith Jr.,KJ Simpson,Isaiah Wong,Mark Williams,Seth Curry,,,,
20241207,CLE,2025,Donovan Mitchell,Evan Mobley,Darius Garland,Jarrett Allen,Dean Wade,Caris LeVert,Sam Merrill,Georges Niang,Ty Jerome,Jaylon Tyson,,,,,
20241207,DAL,2025,Kyrie Irving,Luka Dončić,P.J. Washington,Dereck Lively II,Klay Thompson,Spencer Dinwiddie,Daniel Gafford,Quentin Grimes,Olivier-Maxence Prosper,Dwight Powell,,,,,
20241207,DEN,2025,Nikola Jokić,Christian Braun,Michael Porter Jr.,Russell Westbrook,Peyton Watson,Julian Strawther,Jalen Pickett,Hunter Tyson,DeAndre Jordan,,,,,,
20241207,DET,2025,Cade Cunningham,Tobias Harris,Tim Hardaway Jr.,Jaden Ivey,Jalen Duren,Malik Beasley,Isaiah Stewart,Simone Fontecchio,Ron Holland,,,,,,
20241207,MEM,2025,Ja Morant,Jaren Jackson Jr.,Desmond Bane,Brandon Clarke,Jaylen Wells,Jake LaRavia,Marcus Smart,Jay Huff,Scotty Pippen Jr.,Santi Aldama,,,,,
20241207,MIA,2025,Jimmy Butler,Tyler Herro,Bam Adebayo,Duncan Robinson,Haywood Highsmith,Dru Smith,Jaime Jaquez Jr.,Terry Rozier,Kevin Love,,,,,,
20241207,NOP,2025,CJ McCollum,Herbert Jones,Dejounte Murray,Yves Missi,Brandon Ingram,Trey Murphy III,Brandon Boston Jr.,Jeremiah Robinson-Earl,Javonte Green,,,,,,
20241207,NYK,2025,Jalen Brunson,Josh Hart,OG Anunoby,Mikal Bridges,Jericho Sims,Precious Achiuwa,Miles McBride,Ariel Hukporti,Tyler Kolek,,,,,,
20241207,OKC,2025,Jalen Williams,Shai Gilgeous-Alexander,Luguentz Dort,Isaiah Hartenstein,Cason Wallace,Alex Caruso,Ajay Mitchell,Aaron Wiggins,Isaiah Joe,Kenrich Williams,,,,,
20241207,PHO,2025,Devin Booker,Bradley Beal,Royce O'Neale,Tyus Jones,Mason Plumlee,Grayson Allen,Oso Ighodaro,Monte Morris,Josh Okogie,,,,,,
20241207,TOR,2025,Scottie Barnes,Gradey Dick,Jakob Poeltl,RJ Barrett,Ochai Agbaji,Davion Mitchell,Jonathan Mogbo,Ja'Kobe Walter,Kelly Olynyk,Jamison Battle,,,,,
20241207,WAS,2025,Bilal Coulibaly,Jordan Poole,Justin Champagnie,Carlton Carrington,Jonas Valančiūnas,Jared Butler,Marvin Bagley III,Johnny Davis,Anthony Gill,,,,,,
20241208,ATL,2025,Trae Young,Dyson Daniels,Zaccharie Risacher,Larry Nance Jr.,Clint Capela,Onyeka Okongwu,De'Andre Hunter,Garrison Mathews,Vit Krejci,Kobe Bufkin,David Roddy,,,,
20241208,BRK,2025,Cameron Johnson,Dennis Schröder,Nic Claxton,Dorian Finney-Smith,Keon Johnson,Jalen Wilson,Ben Simmons,Shake Milton,Trendon Watford,Day'Ron Sharpe,,,,,
20241208,CHI,2025,Coby White,Ayo Dosunmu,Zach LaVine,Josh Giddey,Nikola Vučević,Matas Buzelis,Lonzo Ball,Jalen Smith,Talen Horton-Tucker,Dalen Terry,Julian Phillips,,,,
20241208,CHO,2025,Brandon Miller,Vasilije Micić,Cody Martin,Josh Green,Nick Richards,DaQuan Jeffries,Isaiah Wong,KJ Simpson,Seth Curry,Taj Gibson,Nick Smith Jr.,,,,
20241208,CLE,2025,Darius Garland,Donovan Mitchell,Dean Wade,Jarrett Allen,Evan Mobley,Georges Niang,Caris LeVert,Ty Jerome,Sam Merrill,JT Thor,Luke Travers,Jaylon Tyson,,,
20241208,DEN,2025,Michael Porter Jr.,Nikola Jokić,Christian Braun,Russell Westbrook,Aaron Gordon,Julian Strawther,Peyton Watson,Jalen Pickett,DeAndre Jordan,Hunter Tyson,Trey Alexander,PJ Hall,Zeke Nnaji,,
20241208,GSW,2025,Jonathan Kuminga,Stephen Curry,Buddy Hield,Draymond Green,Gary Payton II,Lindy Waters III,Kevon Looney,Brandin Podziemski,Kyle Anderson,Moses Moody,,,,,
20241208,HOU,2025,Amen Thompson,Dillon Brooks,Alperen Şengün,Jalen Green,Jabari Smith Jr.,Aaron Holiday,Jae'Sean Tate,Reed Sheppard,Steven Adams,,,,,,
20241208,IND,2025,Tyrese Haliburton,Pascal Siakam,Bennedict Mathurin,Andrew Nembhard,Myles Turner,T.J. McConnell,Obi Toppin,Jarace Walker,Johnny Furphy,Enrique Freeman,,,,,
20241208,LAC,2025,Kevin Porter Jr.,Ivica Zubac,Norman Powell,Kris Dunn,Derrick Jones Jr.,Jordan Miller,Bones Hyland,Nicolas Batum,Kai Jones,,,,,,
20241208,LAL,2025,Rui Hachimura,Anthony Davis,Max Christie,Gabe Vincent,Dalton Knecht,D'Angelo Russell,Cam Reddish,Christian Koloko,Quincy Olivari,Armel Traoré,Bronny James,Maxwell Lewis,,,
20241208,MEM,2025,Jaylen Wells,Brandon Clarke,Scotty Pippen Jr.,Marcus Smart,Jaren Jackson Jr.,Cam Spencer,Jay Huff,Jake LaRavia,John Konchar,Santi Aldama,Colin Castleton,Yuki Kawamura,,,
20241208,MIA,2025,Bam Adebayo,Tyler Herro,Jimmy Butler,Duncan Robinson,Haywood Highsmith,Terry Rozier,Dru Smith,Jaime Jaquez Jr.,Thomas Bryant,Kevin Love,,,,,
20241208,MIL,2025,Damian Lillard,Giannis Antetokounmpo,Brook Lopez,Andre Jackson Jr.,Taurean Prince,Bobby Portis,Gary Trent Jr.,A.J. Green,Khris Middleton,,,,,,
20241208,MIN,2025,Rudy Gobert,Julius Randle,Anthony Edwards,Jaden McDaniels,Mike Conley,Nickeil Alexander-Walker,Naz Reid,Donte DiVincenzo,Josh Minott,,,,,,
20241208,NOP,2025,Trey Murphy III,Herbert Jones,CJ McCollum,Dejounte Murray,Yves Missi,Brandon Boston Jr.,Jeremiah Robinson-Earl,Jamal Cain,Antonio Reeves,Trey Jemison,,,,,
20241208,ORL,2025,Kentavious Caldwell-Pope,Jalen Suggs,Goga Bitadze,Wendell Carter Jr.,Tristan Da Silva,Cole Anthony,Anthony Black,Caleb Houstan,Moritz Wagner,Jett Howard,,,,,
20241208,PHI,2025,Tyrese Maxey,Kelly Oubre Jr.,Paul George,Joel Embiid,Guerschon Yabusele,Jared McCain,KJ Martin,Caleb Martin,Kyle Lowry,Andre Drummond,,,,,
20241208,PHO,2025,Devin Booker,Bradley Beal,Tyus Jones,Royce O'Neale,Mason Plumlee,Grayson Allen,Oso Ighodaro,Monte Morris,Josh Okogie,Bol Bol,,,,,
20241208,POR,2025,Deandre Ayton,Shaedon Sharpe,Jerami Grant,Anfernee Simons,Toumani Camara,Deni Avdija,Scoot Henderson,Dalano Banton,Jabari Walker,Bryce McGowens,Rayan Rupert,Kris Murray,,,
20241208,SAC,2025,De'Aaron Fox,DeMar DeRozan,Domantas Sabonis,Malik Monk,Keegan Murray,Kevin Huerter,Colby Jones,Keon Ellis,Orlando Robinson,Doug McDermott,Jordan McLaughlin,Alex Len,Isaiah Crawford,,
20241208,SAS,2025,Julian Champagnie,Stephon Castle,Harrison Barnes,Chris Paul,Victor Wembanyama,Devin Vassell,Jeremy Sochan,Charles Bassey,Keldon Johnson,Zach Collins,,,,,
20241208,UTA,2025,Keyonte George,Walker Kessler,Lauri Markkanen,John Collins,Collin Sexton,Johnny Juzang,Brice Sensabaugh,Isaiah Collier,Micah Potter,Svi Mykhailiuk,Kyle Filipowski,Drew Eubanks,,,
20241208,WAS,2025,Justin Champagnie,Carlton Carrington,Jordan Poole,Bilal Coulibaly,Jonas Valančiūnas,Jared Butler,Marvin Bagley III,Anthony Gill,Johnny Davis,,,,,,
20241209,NYK,2025,Mikal Bridges,OG Anunoby,Karl-Anthony Towns,Jalen Brunson,Josh Hart,Miles McBride,Precious Achiuwa,Cameron Payne,,,,,,,
20241209,TOR,2025,RJ Barrett,Jakob Poeltl,Ochai Agbaji,Gradey Dick,Scottie Barnes,Davion Mitchell,Jonathan Mogbo,Ja'Kobe Walter,Kelly Olynyk,,,,,,
20241210,DAL,2025,Kyrie Irving,Luka Dončić,Dereck Lively II,Klay Thompson,Quentin Grimes,Naji Marshall,Spencer Dinwiddie,Daniel Gafford,Olivier-Maxence Prosper,,,,,,
20241210,MIL,2025,Damian Lillard,Giannis Antetokounmpo,Brook Lopez,Taurean Prince,Andre Jackson Jr.,A.J. Green,Bobby Portis,Gary Trent Jr.,Khris Middleton,,,,,,
20241210,OKC,2025,Shai Gilgeous-Alexander,Jalen Williams,Luguentz Dort,Cason Wallace,Isaiah Hartenstein,Alex Caruso,Kenrich Williams,Isaiah Joe,Ajay Mitchell,Aaron Wiggins,,,,,
20241210,ORL,2025,Goga Bitadze,Jalen Suggs,Wendell Carter Jr.,Kentavious Caldwell-Pope,Tristan Da Silva,Anthony Black,Moritz Wagner,Cole Anthony,Jett Howard,Caleb Houstan,,,,,
20241211,ATL,2025,Jalen Johnson,Trae Young,Dyson Daniels,Clint Capela,Zaccharie Risacher,De'Andre Hunter,Bogdan Bogdanović,Onyeka Okongwu,Vit Krejci,,,,,,
20241211,GSW,2025,Jonathan Kuminga,Buddy Hield,Stephen Curry,Draymond Green,Gary Payton II,Brandin Podziemski,Lindy Waters III,Trayce Jackson-Davis,Kevon Looney,Kyle Anderson,Pat Spencer,,,,
20241211,HOU,2025,Jabari Smith Jr.,Dillon Brooks,Fred VanVleet,Alperen Şengün,Jalen Green,Amen Thompson,Tari Eason,Aaron Holiday,,,,,,,
20241211,NYK,2025,OG Anunoby,Mikal Bridges,Karl-Anthony Towns,Jalen Brunson,Josh Hart,Miles McBride,Precious Achiuwa,Cameron Payne,Jericho Sims,,,,,,
20241212,BOS,2025,Derrick White,Kristaps Porziņģis,Jaylen Brown,Jrue Holiday,Al Horford,Payton Pritchard,Drew Peterson,Neemias Queta,Jordan Walsh,Luke Kornet,JD Davison,Xavier Tillman Sr.,,,
20241212,DET,2025,Cade Cunningham,Isaiah Stewart,Jaden Ivey,Tobias Harris,Tim Hardaway Jr.,Ron Holland,Marcus Sasser,Simone Fontecchio,Malik Beasley,Paul Reed,Ausar Thompson,Wendell Moore Jr.,,,
20241212,MIA,2025,Bam Adebayo,Tyler Herro,Jimmy Butler,Haywood Highsmith,Duncan Robinson,Dru Smith,Terry Rozier,Nikola Jović,Jaime Jaquez Jr.,Kevin Love,,,,,
20241212,NOP,2025,Trey Murphy III,CJ McCollum,Herbert Jones,Dejounte Murray,Yves Missi,Brandon Boston Jr.,Jamal Cain,Daniel Theis,Antonio Reeves,Trey Jemison,,,,,
20241212,SAC,2025,De'Aaron Fox,Domantas Sabonis,DeMar DeRozan,Malik Monk,Keegan Murray,Kevin Huerter,Keon Ellis,Alex Len,Isaac Jones,Colby Jones,Orlando Robinson,,,,
20241212,TOR,2025,RJ Barrett,Gradey Dick,Ochai Agbaji,Jonathan Mogbo,Bruno Fernando,Jakob Poeltl,Ja'Kobe Walter,Davion Mitchell,Jamison Battle,Jamal Shead,Kelly Olynyk,,,,
20241213,BRK,2025,Cameron Johnson,Dorian Finney-Smith,Nic Claxton,Dennis Schröder,Keon Johnson,Jalen Wilson,Ben Simmons,Noah Clowney,Day'Ron Sharpe,Shake Milton,,,,,
20241213,CHI,2025,Zach LaVine,Coby White,Ayo Dosunmu,Josh Giddey,Jalen Smith,Matas Buzelis,Lonzo Ball,Patrick Williams,Talen Horton-Tucker,Julian Phillips,Adama Sanogo,,,,
20241213,CHO,2025,Brandon Miller,Josh Green,Vasilije Micić,Miles Bridges,Mark Williams,Cody Martin,Tidjane Salaün,Isaiah Wong,Nick Richards,Moussa Diabaté,Seth Curry,KJ Simpson,,,
20241213,CLE,2025,Donovan Mitchell,Darius Garland,Jarrett Allen,Isaac Okoro,Dean Wade,Caris LeVert,Sam Merrill,Georges Niang,Tristan Thompson,Ty Jerome,,,,,
20241213,DEN,2025,Jamal Murray,Nikola Jokić,Michael Porter Jr.,Christian Braun,Aaron Gordon,Peyton Watson,Julian Strawther,Russell Westbrook,DeAndre Jordan,Hunter Tyson,Jalen Pickett,Zeke Nnaji,,,
20241213,IND,2025,Bennedict Mathurin,Tyrese Haliburton,Andrew Nembhard,Pascal Siakam,Myles Turner,Obi Toppin,T.J. McConnell,Jarace Walker,Johnny Furphy,Enrique Freeman,Quenton Jackson,,,,
20241213,LAC,2025,Ivica Zubac,James Harden,Norman Powell,Nicolas Batum,Kris Dunn,Amir Coffey,Kevin Porter Jr.,Bones Hyland,Jordan Miller,Mo Bamba,Kai Jones,,,,
20241213,LAL,2025,Rui Hachimura,Max Christie,Anthony Davis,Austin Reaves,Gabe Vincent,Cam Reddish,D'Angelo Russell,Dalton Knecht,Christian Koloko,,,,,,
20241213,MEM,2025,Jaren Jackson Jr.,Ja Morant,Desmond Bane,Jaylen Wells,Brandon Clarke,Santi Aldama,Marcus Smart,Jake LaRavia,Scotty Pippen Jr.,Jay Huff,Colin Castleton,Yuki Kawamura,John Konchar,,
20241213,MIN,2025,Rudy Gobert,Jaden McDaniels,Julius Randle,Anthony Edwards,Mike Conley,Naz Reid,Donte DiVincenzo,Nickeil Alexander-Walker,Rob Dillingham,,,,,,
20241213,PHI,2025,Tyrese Maxey,Paul George,Kelly Oubre Jr.,Joel Embiid,Guerschon Yabusele,Jared McCain,KJ Martin,Andre Drummond,Ricky Council IV,Reggie Jackson,,,,,
20241213,PHO,2025,Devin Booker,Kevin Durant,Tyus Jones,Jusuf Nurkić,Royce O'Neale,Grayson Allen,Monte Morris,Ryan Dunn,Mason Plumlee,Oso Ighodaro,Josh Okogie,,,,
20241213,POR,2025,Jerami Grant,Toumani Camara,Anfernee Simons,Shaedon Sharpe,Jabari Walker,Deni Avdija,Scoot Henderson,Donovan Clingan,Dalano Banton,,,,,,
20241213,SAS,2025,Harrison Barnes,Victor Wembanyama,Jeremy Sochan,Julian Champagnie,Chris Paul,Devin Vassell,Blake Wesley,Malaki Branham,Charles Bassey,Sandro Mamukelashvili,,,,,
20241213,UTA,2025,John Collins,Lauri Markkanen,Walker Kessler,Keyonte George,Collin Sexton,Jordan Clarkson,Kyle Filipowski,Johnny Juzang,Brice Sensabaugh,Isaiah Collier,,,,,
20241213,WAS,2025,Bilal Coulibaly,Jordan Poole,Justin Champagnie,Carlton Carrington,Alex Sarr,Johnny Davis,Jared Butler,Jonas Valančiūnas,Anthony Gill,Marvin Bagley III,,,,,
20241214,ATL,2025,Trae Young,Jalen Johnson,Dyson Daniels,Clint Capela,Zaccharie Risacher,De'Andre Hunter,Bogdan Bogdanović,Onyeka Okongwu,Vit Krejci,,,,,,
20241214,HOU,2025,Fred VanVleet,Jabari Smith Jr.,Jalen Green,Dillon Brooks,Alperen Şengün,Amen Thompson,Tari Eason,Steven Adams,Aaron Holiday,,,,,,
20241214,MIL,2025,Giannis Antetokounmpo,Damian Lillard,Brook Lopez,Andre Jackson Jr.,Taurean Prince,Bobby Portis,Khris Middleton,Gary Trent Jr.,A.J. Green,,,,,,
20241214,OKC,2025,Jalen Williams,Shai Gilgeous-Alexander,Isaiah Hartenstein,Cason Wallace,Luguentz Dort,Alex Caruso,Isaiah Joe,Kenrich Williams,Aaron Wiggins,Ajay Mitchell,,,,,
20241215,BOS,2025,Derrick White,Jayson Tatum,Jaylen Brown,Jrue Holiday,Kristaps Porziņģis,Payton Pritchard,Sam Hauser,Luke Kornet,Neemias Queta,Jaden Springer,Xavier Tillman Sr.,Jordan Walsh,,,
20241215,DAL,2025,Luka Dončić,Kyrie Irving,P.J. Washington,Dereck Lively II,Klay Thompson,Spencer Dinwiddie,Quentin Grimes,Daniel Gafford,Olivier-Maxence Prosper,,,,,,
20241215,GSW,2025,Stephen Curry,Andrew Wiggins,Jonathan Kuminga,Buddy Hield,Kevon Looney,Draymond Green,Lindy Waters III,Brandin Podziemski,Trayce Jackson-Davis,Gary Payton II,,,,,
20241215,IND,2025,Pascal Siakam,Tyrese Haliburton,Bennedict Mathurin,Myles Turner,Andrew Nembhard,Jarace Walker,Obi Toppin,T.J. McConnell,Johnny Furphy,Thomas Bryant,,,,,
20241215,LAL,2025,Rui Hachimura,Austin Reaves,LeBron James,Anthony Davis,Max Christie,D'Angelo Russell,Cam Reddish,Gabe Vincent,Dalton Knecht,Christian Koloko,,,,,
20241215,MEM,2025,Ja Morant,Jaren Jackson Jr.,Desmond Bane,Jaylen Wells,Brandon Clarke,Marcus Smart,Zach Edey,Santi Aldama,Luke Kennard,Jake LaRavia,Scotty Pippen Jr.,Jay Huff,,,
20241215,MIN,2025,Rudy Gobert,Julius Randle,Anthony Edwards,Mike Conley,Jaden McDaniels,Naz Reid,Nickeil Alexander-Walker,Donte DiVincenzo,Rob Dillingham,Luka Garza,Josh Minott,Terrence Shannon Jr.,PJ Dozier,,
20241215,NOP,2025,Herbert Jones,Trey Murphy III,Dejounte Murray,Yves Missi,CJ McCollum,Brandon Boston Jr.,Javonte Green,Daniel Theis,Jamal Cain,,,,,,
20241215,NYK,2025,Karl-Anthony Towns,Mikal Bridges,Jalen Brunson,OG Anunoby,Josh Hart,Miles McBride,Precious Achiuwa,Cameron Payne,,,,,,,
20241215,ORL,2025,Kentavious Caldwell-Pope,Jalen Suggs,Tristan Da Silva,Wendell Carter Jr.,Goga Bitadze,Moritz Wagner,Anthony Black,Jonathan Isaac,Cory Joseph,Cole Anthony,Caleb Houstan,Jett Howard,Trevelin Queen,,
20241215,PHO,2025,Devin Booker,Kevin Durant,Royce O'Neale,Tyus Jones,Jusuf Nurkić,Grayson Allen,Monte Morris,Ryan Dunn,Mason Plumlee,Oso Ighodaro,Josh Okogie,,,,
20241215,POR,2025,Anfernee Simons,Jerami Grant,Toumani Camara,Shaedon Sharpe,Donovan Clingan,Deni Avdija,Scoot Henderson,Robert Williams,Dalano Banton,Jabari Walker,,,,,
20241215,SAS,2025,Victor Wembanyama,Harrison Barnes,Jeremy Sochan,Chris Paul,Julian Champagnie,Devin Vassell,Stephon Castle,Charles Bassey,Blake Wesley,Sandro Mamukelashvili,Sidy Cissoko,Malaki Branham,,,
20241215,WAS,2025,Carlton Carrington,Justin Champagnie,Bilal Coulibaly,Jordan Poole,Alex Sarr,Jared Butler,Johnny Davis,Marvin Bagley III,Anthony Gill,Jonas Valančiūnas,,,,,
20241216,BRK,2025,Ben Simmons,Cameron Johnson,Dorian Finney-Smith,Keon Johnson,Nic Claxton,Jalen Wilson,Day'Ron Sharpe,Tyrese Martin,Shake Milton,Noah Clowney,Trendon Watford,,,,
20241216,CHI,2025,Ayo Dosunmu,Coby White,Nikola Vučević,Josh Giddey,Patrick Williams,Talen Horton-Tucker,Lonzo Ball,Jalen Smith,Matas Buzelis,Julian Phillips,,,,,
20241216,CHO,2025,Brandon Miller,Josh Green,Miles Bridges,LaMelo Ball,Mark Williams,Cody Martin,Tidjane Salaün,Vasilije Micić,Moussa Diabaté,Nick Richards,Isaiah Wong,,,,
20241216,CLE,2025,Donovan Mitchell,Darius Garland,Jarrett Allen,Evan Mobley,Isaac Okoro,Georges Niang,Sam Merrill,Dean Wade,Caris LeVert,Ty Jerome,Tristan Thompson,JT Thor,,,
20241216,DEN,2025,Nikola Jokić,Jamal Murray,Russell Westbrook,Michael Porter Jr.,Aaron Gordon,Julian Strawther,Peyton Watson,Hunter Tyson,DeAndre Jordan,,,,,,
20241216,DET,2025,Cade Cunningham,Malik Beasley,Tim Hardaway Jr.,Jalen Duren,Ausar Thompson,Simone Fontecchio,Ron Holland,Marcus Sasser,Paul Reed,Isaiah Stewart,,,,,
20241216,LAC,2025,Amir Coffey,James Harden,Norman Powell,Ivica Zubac,Kris Dunn,Kevin Porter Jr.,Jordan Miller,Mo Bamba,Nicolas Batum,Bones Hyland,Kai Jones,,,,
20241216,MIA,2025,Jimmy Butler,Bam Adebayo,Tyler Herro,Duncan Robinson,Haywood Highsmith,Terry Rozier,Dru Smith,Jaime Jaquez Jr.,Kevin Love,,,,,,
20241216,PHI,2025,Tyrese Maxey,Paul George,Kelly Oubre Jr.,Andre Drummond,KJ Martin,Eric Gordon,Guerschon Yabusele,Kyle Lowry,Ricky Council IV,,,,,,
20241216,SAC,2025,Domantas Sabonis,De'Aaron Fox,DeMar DeRozan,Malik Monk,Doug McDermott,Keon Ellis,Colby Jones,Isaac Jones,Jae Crowder,Alex Len,,,,,
20241216,TOR,2025,RJ Barrett,Gradey Dick,Ochai Agbaji,Jonathan Mogbo,Jakob Poeltl,Ja'Kobe Walter,Chris Boucher,Davion Mitchell,Kelly Olynyk,Jamal Shead,Garrett Temple,,,,
20241216,UTA,2025,John Collins,Keyonte George,Lauri Markkanen,Collin Sexton,Walker Kessler,Brice Sensabaugh,Jordan Clarkson,Johnny Juzang,Kyle Filipowski,Isaiah Collier,,,,,
20241217,MIL,2025,Brook Lopez,Giannis Antetokounmpo,Damian Lillard,Andre Jackson Jr.,Taurean Prince,A.J. Green,Gary Trent Jr.,Bobby Portis,Pat Connaughton,MarJon Beauchamp,AJ Johnson,Chris Livingston,Tyler Smith,,
20241217,OKC,2025,Shai Gilgeous-Alexander,Jalen Williams,Isaiah Hartenstein,Luguentz Dort,Isaiah Joe,Alex Caruso,Cason Wallace,Ajay Mitchell,Kenrich Williams,Aaron Wiggins,Branden Carlson,Dillon Jones,,,
20241219,ATL,2025,Jalen Johnson,Trae Young,Dyson Daniels,Zaccharie Risacher,Clint Capela,De'Andre Hunter,Larry Nance Jr.,Bogdan Bogdanović,Vit Krejci,,,,,,
20241219,BOS,2025,Jayson Tatum,Jaylen Brown,Kristaps Porziņģis,Derrick White,Jrue Holiday,Payton Pritchard,Al Horford,Jaden Springer,,,,,,,
20241219,BRK,2025,Cameron Johnson,Ben Simmons,Dorian Finney-Smith,Nic Claxton,Keon Johnson,Noah Clowney,Shake Milton,Jalen Wilson,Tyrese Martin,Day'Ron Sharpe,Reece Beekman,,,,
20241219,CHI,2025,Ayo Dosunmu,Zach LaVine,Nikola Vučević,Coby White,Patrick Williams,Julian Phillips,Talen Horton-Tucker,Lonzo Ball,Jalen Smith,Matas Buzelis,,,,,
20241219,CHO,2025,LaMelo Ball,Miles Bridges,Seth Curry,Josh Green,Mark Williams,Cody Martin,Nick Richards,Tidjane Salaün,Vasilije Micić,Isaiah Wong,Moussa Diabaté,,,,
20241219,DAL,2025,Spencer Dinwiddie,P.J. Washington,Klay Thompson,Dereck Lively II,Quentin Grimes,Naji Marshall,Daniel Gafford,Maxi Kleber,Olivier-Maxence Prosper,Jazian Gortman,Kessler Edwards,Markieff Morris,Dwight Powell,,
20241219,DEN,2025,Jamal Murray,Nikola Jokić,Michael Porter Jr.,Aaron Gordon,Christian Braun,Russell Westbrook,Peyton Watson,DeAndre Jordan,Julian Strawther,Hunter Tyson,,,,,
20241219,DET,2025,Cade Cunningham,Tim Hardaway Jr.,Tobias Harris,Jalen Duren,Ausar Thompson,Malik Beasley,Simone Fontecchio,Paul Reed,Ron Holland,Marcus Sasser,,,,,
20241219,GSW,2025,Stephen Curry,Dennis Schröder,Andrew Wiggins,Draymond Green,Kevon Looney,Jonathan Kuminga,Brandin Podziemski,Trayce Jackson-Davis,Buddy Hield,Kyle Anderson,Lindy Waters III,Gui Santos,Gary Payton II,,
20241219,HOU,2025,Fred VanVleet,Alperen Şengün,Dillon Brooks,Jalen Green,Jabari Smith Jr.,Amen Thompson,Aaron Holiday,Reed Sheppard,Steven Adams,Cam Whitmore,Jock Landale,Jae'Sean Tate,,,
20241219,IND,2025,Pascal Siakam,Tyrese Haliburton,Bennedict Mathurin,Myles Turner,Andrew Nembhard,Obi Toppin,Ben Sheppard,T.J. McConnell,Jarace Walker,Thomas Bryant,,,,,
20241219,LAC,2025,Norman Powell,James Harden,Ivica Zubac,Kris Dunn,Derrick Jones Jr.,Amir Coffey,Nicolas Batum,Kevin Porter Jr.,Mo Bamba,Kai Jones,Jordan Miller,,,,
20241219,LAL,2025,Rui Hachimura,Anthony Davis,Austin Reaves,LeBron James,Max Christie,D'Angelo Russell,Gabe Vincent,Cam Reddish,Dalton Knecht,Christian Koloko,,,,,
20241219,MEM,2025,Desmond Bane,Zach Edey,Jaylen Wells,Jaren Jackson Jr.,Ja Morant,Santi Aldama,Brandon Clarke,Jake LaRavia,Luke Kennard,Scotty Pippen Jr.,John Konchar,Cam Spencer,,,
20241219,MIN,2025,Anthony Edwards,Julius Randle,Jaden McDaniels,Rudy Gobert,Mike Conley,Donte DiVincenzo,Nickeil Alexander-Walker,Rob Dillingham,Naz Reid,Josh Minott,Luka Garza,Terrence Shannon Jr.,,,
20241219,NOP,2025,Trey Murphy III,CJ McCollum,Yves Missi,Herbert Jones,Dejounte Murray,Brandon Boston Jr.,Jordan Hawkins,Javonte Green,Trey Jemison,Antonio Reeves,Jeremiah Robinson-Earl,,,,
20241219,NYK,2025,Karl-Anthony Towns,Mikal Bridges,OG Anunoby,Jalen Brunson,Precious Achiuwa,Miles McBride,Jericho Sims,Cameron Payne,Pacome Dadiet,Matt Ryan,Ariel Hukporti,Tyler Kolek,,,
20241219,OKC,2025,Shai Gilgeous-Alexander,Jalen Williams,Isaiah Hartenstein,Luguentz Dort,Cason Wallace,Aaron Wiggins,Alex Caruso,Isaiah Joe,Kenrich Williams,Ajay Mitchell,,,,,
20241219,ORL,2025,Tristan Da Silva,Kentavious Caldwell-Pope,Wendell Carter Jr.,Goga Bitadze,Jalen Suggs,Anthony Black,Moritz Wagner,Jonathan Isaac,Cole Anthony,Jett Howard,Cory Joseph,,,,
20241219,PHO,2025,Kevin Durant,Jusuf Nurkić,Bradley Beal,Tyus Jones,Devin Booker,Grayson Allen,Royce O'Neale,Monte Morris,Ryan Dunn,Oso Ighodaro,Mason Plumlee,,,,
20241219,POR,2025,Toumani Camara,Jerami Grant,Anfernee Simons,Deandre Ayton,Shaedon Sharpe,Scoot Henderson,Deni Avdija,Donovan Clingan,Robert Williams,,,,,,
20241219,SAC,2025,Domantas Sabonis,Malik Monk,De'Aaron Fox,DeMar DeRozan,Keegan Murray,Kevin Huerter,Keon Ellis,Alex Len,Isaac Jones,,,,,,
20241219,SAS,2025,Jeremy Sochan,Devin Vassell,Victor Wembanyama,Chris Paul,Harrison Barnes,Keldon Johnson,Julian Champagnie,Stephon Castle,Tre Jones,Charles Bassey,,,,,
20241219,TOR,2025,Scottie Barnes,Ochai Agbaji,Gradey Dick,Jonathan Mogbo,Ja'Kobe Walter,Jamal Shead,Chris Boucher,Jamison Battle,Kelly Olynyk,,,,,,
20241219,UTA,2025,John Collins,Lauri Markkanen,Collin Sexton,Walker Kessler,Keyonte George,Jordan Clarkson,Johnny Juzang,Drew Eubanks,Brice Sensabaugh,Micah Potter,,,,,
20241219,WAS,2025,Bilal Coulibaly,Carlton Carrington,Jordan Poole,Alex Sarr,Justin Champagnie,Malcolm Brogdon,Corey Kispert,Kyshawn George,Jonas Valančiūnas,,,,,,
20241220,CHO,2025,Vasilije Micić,Josh Green,Nick Richards,Miles Bridges,Cody Martin,DaQuan Jeffries,Tidjane Salaün,Moussa Diabaté,Isaiah Wong,Seth Curry,,,,,
20241220,CLE,2025,Donovan Mitchell,Evan Mobley,Darius Garland,Jarrett Allen,Dean Wade,Sam Merrill,Max Strus,Caris LeVert,Georges Niang,Ty Jerome,Tristan Thompson,Jaylon Tyson,Craig Porter Jr.,,
20241220,MIA,2025,Bam Adebayo,Tyler Herro,Duncan Robinson,Haywood Highsmith,Jimmy Butler,Dru Smith,Jaime Jaquez Jr.,Terry Rozier,Nikola Jović,Kevin Love,,,,,
20241220,MIL,2025,Giannis Antetokounmpo,Taurean Prince,Brook Lopez,A.J. Green,Andre Jackson Jr.,Bobby Portis,Khris Middleton,Gary Trent Jr.,Delon Wright,Pat Connaughton,Ryan Rollins,MarJon Beauchamp,Liam Robbins,Stanley Umude,
20241220,OKC,2025,Shai Gilgeous-Alexander,Jalen Williams,Isaiah Hartenstein,Luguentz Dort,Cason Wallace,Alex Caruso,Isaiah Joe,Ajay Mitchell,Aaron Wiggins,Kenrich Williams,,,,,
20241220,PHI,2025,Kelly Oubre Jr.,Paul George,Tyrese Maxey,Joel Embiid,KJ Martin,Eric Gordon,Guerschon Yabusele,Ricky Council IV,Kyle Lowry,Andre Drummond,,,,,
20241221,ATL,2025,Jalen Johnson,Dyson Daniels,Zaccharie Risacher,Vit Krejci,Clint Capela,Bogdan Bogdanović,De'Andre Hunter,Larry Nance Jr.,Keaton Wallace,David Roddy,Garrison Mathews,Dominick Barlow,,,
20241221,BOS,2025,Jayson Tatum,Jaylen Brown,Kristaps Porziņģis,Jrue Holiday,Derrick White,Payton Pritchard,Al Horford,Luke Kornet,Xavier Tillman Sr.,Jaden Springer,Jordan Walsh,,,,
20241221,BRK,2025,Cameron Johnson,Ben Simmons,Keon Johnson,Noah Clowney,Nic Claxton,Shake Milton,Jalen Wilson,Tyrese Martin,Day'Ron Sharpe,,,,,,
20241221,CHI,2025,Ayo Dosunmu,Nikola Vučević,Zach LaVine,Coby White,Patrick Williams,Matas Buzelis,Julian Phillips,Jalen Smith,Lonzo Ball,Talen Horton-Tucker,Dalen Terry,Jevon Carter,,,
20241221,CLE,2025,Evan Mobley,Donovan Mitchell,Darius Garland,Dean Wade,Jarrett Allen,Georges Niang,Ty Jerome,Caris LeVert,Jaylon Tyson,Sam Merrill,Craig Porter Jr.,Tristan Thompson,,,
20241221,DAL,2025,Kyrie Irving,P.J. Washington,Spencer Dinwiddie,Dereck Lively II,Klay Thompson,Quentin Grimes,Naji Marshall,Daniel Gafford,Maxi Kleber,,,,,,
20241221,DET,2025,Cade Cunningham,Jalen Duren,Jaden Ivey,Tobias Harris,Tim Hardaway Jr.,Malik Beasley,Simone Fontecchio,Ausar Thompson,Paul Reed,Ron Holland,,,,,
20241221,GSW,2025,Stephen Curry,Andrew Wiggins,Dennis Schröder,Trayce Jackson-Davis,Kyle Anderson,Jonathan Kuminga,Kevon Looney,Gary Payton II,Buddy Hield,Brandin Podziemski,,,,,
20241221,LAC,2025,Norman Powell,James Harden,Ivica Zubac,Kris Dunn,Derrick Jones Jr.,Kevin Porter Jr.,Amir Coffey,Nicolas Batum,Mo Bamba,Kai Jones,Jordan Miller,,,,
20241221,LAL,2025,Rui Hachimura,Anthony Davis,Austin Reaves,LeBron James,Max Christie,D'Angelo Russell,Cam Reddish,Gabe Vincent,Dalton Knecht,Christian Koloko,,,,,
20241221,MEM,2025,Scotty Pippen Jr.,Desmond Bane,Zach Edey,Jaylen Wells,Jaren Jackson Jr.,Jake LaRavia,Santi Aldama,Brandon Clarke,Luke Kennard,John Konchar,Marcus Smart,Cam Spencer,,,
20241221,MIA,2025,Tyler Herro,Bam Adebayo,Duncan Robinson,Dru Smith,Nikola Jović,Terry Rozier,Pelle Larsson,Jaime Jaquez Jr.,Kel'el Ware,Haywood Highsmith,,,,,
20241221,MIL,2025,Bobby Portis,Brook Lopez,Ryan Rollins,Khris Middleton,Andre Jackson Jr.,A.J. Green,Gary Trent Jr.,Taurean Prince,Delon Wright,MarJon Beauchamp,,,,,
20241221,MIN,2025,Anthony Edwards,Rudy Gobert,Jaden McDaniels,Julius Randle,Mike Conley,Donte DiVincenzo,Naz Reid,Nickeil Alexander-Walker,Josh Minott,,,,,,
20241221,NOP,2025,Trey Murphy III,Dejounte Murray,Herbert Jones,CJ McCollum,Yves Missi,Jordan Hawkins,Jeremiah Robinson-Earl,Javonte Green,Brandon Boston Jr.,,,,,,
20241221,NYK,2025,Mikal Bridges,Josh Hart,Jalen Brunson,OG Anunoby,Karl-Anthony Towns,Miles McBride,Jericho Sims,Precious Achiuwa,Cameron Payne,,,,,,
20241221,ORL,2025,Kentavious Caldwell-Pope,Goga Bitadze,Tristan Da Silva,Anthony Black,Wendell Carter Jr.,Cole Anthony,Cory Joseph,Trevelin Queen,Jonathan Isaac,Jett Howard,Caleb Houstan,Moritz Wagner,,,
20241221,PHI,2025,Tyrese Maxey,Kelly Oubre Jr.,Paul George,KJ Martin,Andre Drummond,Caleb Martin,Guerschon Yabusele,Ricky Council IV,Jeff Dowtin,Adem Bona,Eric Gordon,Kyle Lowry,,,
20241221,PHO,2025,Kevin Durant,Bradley Beal,Royce O'Neale,Tyus Jones,Jusuf Nurkić,Mason Plumlee,Grayson Allen,Monte Morris,Ryan Dunn,,,,,,
20241221,POR,2025,Anfernee Simons,Shaedon Sharpe,Jerami Grant,Deandre Ayton,Toumani Camara,Deni Avdija,Scoot Henderson,Donovan Clingan,Robert Williams,Duop Reath,Jabari Walker,Kris Murray,Rayan Rupert,,
20241221,SAC,2025,De'Aaron Fox,DeMar DeRozan,Domantas Sabonis,Malik Monk,Keegan Murray,Kevin Huerter,Trey Lyles,Keon Ellis,Isaac Jones,,,,,,
20241221,SAS,2025,Victor Wembanyama,Chris Paul,Jeremy Sochan,Devin Vassell,Harrison Barnes,Julian Champagnie,Keldon Johnson,Stephon Castle,Charles Bassey,Tre Jones,Sidy Cissoko,Malaki Branham,Sandro Mamukelashvili,Blake Wesley,
20241221,UTA,2025,Lauri Markkanen,John Collins,Collin Sexton,Walker Kessler,Svi Mykhailiuk,Jordan Clarkson,Brice Sensabaugh,Isaiah Collier,Johnny Juzang,Drew Eubanks,Micah Potter,,,,
20241221,WAS,2025,Jordan Poole,Bilal Coulibaly,Alex Sarr,Malcolm Brogdon,Justin Champagnie,Carlton Carrington,Corey Kispert,Kyshawn George,Jonas Valančiūnas,,,,,,
20241222,DEN,2025,Nikola Jokić,Jamal Murray,Christian Braun,Aaron Gordon,Michael Porter Jr.,Russell Westbrook,Julian Strawther,Peyton Watson,DeAndre Jordan,,,,,,
20241222,HOU,2025,Fred VanVleet,Jabari Smith Jr.,Dillon Brooks,Jalen Green,Alperen Şengün,Amen Thompson,Jae'Sean Tate,Cam Whitmore,Reed Sheppard,Jock Landale,,,,,
20241222,IND,2025,Tyrese Haliburton,Bennedict Mathurin,Pascal Siakam,Myles Turner,Andrew Nembhard,T.J. McConnell,Obi Toppin,Jarace Walker,Ben Sheppard,Thomas Bryant,Johnny Furphy,James Johnson,,,
20241222,NOP,2025,Dejounte Murray,Yves Missi,Herbert Jones,CJ McCollum,Trey Murphy III,Jordan Hawkins,Brandon Boston Jr.,Javonte Green,Daniel Theis,,,,,,
20241222,SAC,2025,De'Aaron Fox,Malik Monk,Domantas Sabonis,Keegan Murray,DeMar DeRozan,Kevin Huerter,Trey Lyles,Doug McDermott,Keon Ellis,Jordan McLaughlin,Colby Jones,Isaac Jones,Orlando Robinson,,
20241222,TOR,2025,Scottie Barnes,Ochai Agbaji,Gradey Dick,Ja'Kobe Walter,Jonathan Mogbo,Jamal Shead,Kelly Olynyk,Chris Boucher,Jamison Battle,,,,,,
20241223,ATL,2025,Jalen Johnson,Dyson Daniels,Trae Young,Clint Capela,Zaccharie Risacher,De'Andre Hunter,Garrison Mathews,Larry Nance Jr.,Vit Krejci,David Roddy,Keaton Wallace,,,,
20241223,BOS,2025,Derrick White,Kristaps Porziņģis,Jaylen Brown,Al Horford,Jrue Holiday,Payton Pritchard,Luke Kornet,Sam Hauser,,,,,,,
20241223,BRK,2025,Cameron Johnson,Ben Simmons,Noah Clowney,Nic Claxton,Keon Johnson,Jalen Wilson,Tyrese Martin,Shake Milton,Day'Ron Sharpe,Reece Beekman,Jaylen Martin,Dariq Whitehead,,,
20241223,CHI,2025,Coby White,Ayo Dosunmu,Zach LaVine,Nikola Vučević,Patrick Williams,Jalen Smith,Dalen Terry,Matas Buzelis,Julian Phillips,Talen Horton-Tucker,Chris Duarte,Jevon Carter,,,
20241223,CHO,2025,Cody Martin,Josh Green,LaMelo Ball,Miles Bridges,Mark Williams,DaQuan Jeffries,Tidjane Salaün,Moussa Diabaté,Vasilije Micić,Nick Richards,Isaiah Wong,Seth Curry,Nick Smith Jr.,,
20241223,CLE,2025,Donovan Mitchell,Evan Mobley,Darius Garland,Jarrett Allen,Sam Merrill,Caris LeVert,Max Strus,Georges Niang,Ty Jerome,Jaylon Tyson,,,,,
20241223,DAL,2025,Luka Dončić,Kyrie Irving,P.J. Washington,Klay Thompson,Dereck Lively II,Daniel Gafford,Quentin Grimes,Maxi Kleber,Naji Marshall,Spencer Dinwiddie,Olivier-Maxence Prosper,Dwight Powell,Jazian Gortman,Kessler Edwards,
20241223,DEN,2025,Nikola Jokić,Michael Porter Jr.,Christian Braun,Russell Westbrook,Aaron Gordon,Jalen Pickett,Peyton Watson,Julian Strawther,Hunter Tyson,DeAndre Jordan,Trey Alexander,Spencer Jones,Zeke Nnaji,PJ Hall,
20241223,DET,2025,Cade Cunningham,Tobias Harris,Jaden Ivey,Jalen Duren,Tim Hardaway Jr.,Malik Beasley,Paul Reed,Simone Fontecchio,Ausar Thompson,Ron Holland,,,,,
20241223,GSW,2025,Stephen Curry,Andrew Wiggins,Dennis Schröder,Draymond Green,Trayce Jackson-Davis,Jonathan Kuminga,Brandin Podziemski,Buddy Hield,Moses Moody,Kevon Looney,,,,,
20241223,HOU,2025,Amen Thompson,Jabari Smith Jr.,Fred VanVleet,Alperen Şengün,Jalen Green,Cam Whitmore,Reed Sheppard,Jae'Sean Tate,Steven Adams,Jeff Green,Jock Landale,Aaron Holiday,,,
20241223,IND,2025,Tyrese Haliburton,Bennedict Mathurin,Myles Turner,Pascal Siakam,Andrew Nembhard,T.J. McConnell,Obi Toppin,Ben Sheppard,Thomas Bryant,Jarace Walker,,,,,
20241223,LAC,2025,Ivica Zubac,Norman Powell,James Harden,Kris Dunn,Derrick Jones Jr.,Nicolas Batum,Amir Coffey,Kevin Porter Jr.,Mo Bamba,,,,,,
20241223,LAL,2025,Anthony Davis,Austin Reaves,LeBron James,Max Christie,Rui Hachimura,Gabe Vincent,Cam Reddish,Dalton Knecht,D'Angelo Russell,,,,,,
20241223,MEM,2025,Desmond Bane,Jaren Jackson Jr.,Ja Morant,Jaylen Wells,Zach Edey,Santi Aldama,Jake LaRavia,Scotty Pippen Jr.,Luke Kennard,Brandon Clarke,,,,,
20241223,MIA,2025,Tyler Herro,Bam Adebayo,Duncan Robinson,Jaime Jaquez Jr.,Haywood Highsmith,Nikola Jović,Alec Burks,Kel'el Ware,Pelle Larsson,Dru Smith,Josh Christopher,Keshad Johnson,,,
20241223,MIL,2025,Brook Lopez,Bobby Portis,Khris Middleton,Andre Jackson Jr.,Ryan Rollins,Delon Wright,A.J. Green,Taurean Prince,Gary Trent Jr.,Tyler Smith,MarJon Beauchamp,Liam Robbins,Stanley Umude,,
20241223,MIN,2025,Julius Randle,Anthony Edwards,Rudy Gobert,Mike Conley,Jaden McDaniels,Naz Reid,Nickeil Alexander-Walker,Donte DiVincenzo,Josh Minott,Leonard Miller,Terrence Shannon Jr.,Rob Dillingham,PJ Dozier,,
20241223,NYK,2025,Mikal Bridges,OG Anunoby,Jalen Brunson,Karl-Anthony Towns,Josh Hart,Miles McBride,Precious Achiuwa,Cameron Payne,Jericho Sims,Landry Shamet,Tyler Kolek,Jacob Toppin,,,
20241223,OKC,2025,Shai Gilgeous-Alexander,Jalen Williams,Isaiah Hartenstein,Luguentz Dort,Isaiah Joe,Cason Wallace,Ajay Mitchell,Alex Caruso,Aaron Wiggins,Kenrich Williams,Jaylin Williams,Ousmane Dieng,Dillon Jones,,
20241223,ORL,2025,Tristan Da Silva,Trevelin Queen,Kentavious Caldwell-Pope,Jalen Suggs,Goga Bitadze,Wendell Carter Jr.,Anthony Black,Cole Anthony,Jonathan Isaac,Jett Howard,,,,,
20241223,PHI,2025,Tyrese Maxey,Paul George,Kelly Oubre Jr.,KJ Martin,Joel Embiid,Guerschon Yabusele,Caleb Martin,Kyle Lowry,Andre Drummond,Reggie Jackson,,,,,
20241223,PHO,2025,Bradley Beal,Kevin Durant,Royce O'Neale,Tyus Jones,Jusuf Nurkić,Ryan Dunn,Monte Morris,Oso Ighodaro,Mason Plumlee,Josh Okogie,Damion Lee,Jalen Bridges,,,
20241223,POR,2025,Toumani Camara,Anfernee Simons,Deandre Ayton,Shaedon Sharpe,Jerami Grant,Scoot Henderson,Deni Avdija,Kris Murray,Donovan Clingan,Dalano Banton,Jabari Walker,Rayan Rupert,,,
20241223,SAS,2025,Victor Wembanyama,Chris Paul,Jeremy Sochan,Devin Vassell,Harrison Barnes,Julian Champagnie,Keldon Johnson,Tre Jones,Stephon Castle,Charles Bassey,,,,,
20241223,TOR,2025,Scottie Barnes,RJ Barrett,Gradey Dick,Jonathan Mogbo,Ochai Agbaji,Ja'Kobe Walter,Chris Boucher,Kelly Olynyk,Jamison Battle,Davion Mitchell,A.J. Lawson,Ulrich Chomche,,,
20241223,UTA,2025,Walker Kessler,Collin Sexton,Lauri Markkanen,Micah Potter,Svi Mykhailiuk,Jordan Clarkson,Johnny Juzang,Isaiah Collier,Brice Sensabaugh,Kyle Filipowski,,,,,
20241223,WAS,2025,Jordan Poole,Carlton Carrington,Justin Champagnie,Jonas Valančiūnas,Malcolm Brogdon,Kyshawn George,Corey Kispert,Marvin Bagley III,Jared Butler,Johnny Davis,Richaun Holmes,Tristan Vukcevic,Patrick Baldwin Jr.,,
20241225,BOS,2025,Jaylen Brown,Jayson Tatum,Al Horford,Derrick White,Kristaps Porziņģis,Payton Pritchard,Luke Kornet,Sam Hauser,Neemias Queta,,,,,,
20241225,DAL,2025,P.J. Washington,Kyrie Irving,Dereck Lively II,Klay Thompson,Luka Dončić,Quentin Grimes,Maxi Kleber,Spencer Dinwiddie,Naji Marshall,Daniel Gafford,,,,,
20241225,DEN,2025,Jamal Murray,Nikola Jokić,Michael Porter Jr.,Christian Braun,Aaron Gordon,Russell Westbrook,Peyton Watson,Julian Strawther,DeAndre Jordan,,,,,,
20241225,GSW,2025,Stephen Curry,Andrew Wiggins,Draymond Green,Dennis Schröder,Trayce Jackson-Davis,Jonathan Kuminga,Brandin Podziemski,Buddy Hield,Gary Payton II,Kevon Looney,,,,,
20241225,LAL,2025,Rui Hachimura,LeBron James,Austin Reaves,Max Christie,Anthony Davis,Gabe Vincent,Dalton Knecht,Cam Reddish,Christian Koloko,,,,,,
20241225,MIN,2025,Rudy Gobert,Anthony Edwards,Jaden McDaniels,Julius Randle,Mike Conley,Donte DiVincenzo,Naz Reid,Nickeil Alexander-Walker,Josh Minott,,,,,,
20241225,NYK,2025,Mikal Bridges,Josh Hart,Jalen Brunson,OG Anunoby,Karl-Anthony Towns,Miles McBride,Precious Achiuwa,Cameron Payne,,,,,,,
20241225,PHI,2025,Tyrese Maxey,Kelly Oubre Jr.,Caleb Martin,Paul George,Joel Embiid,Guerschon Yabusele,Kyle Lowry,Reggie Jackson,,,,,,,
20241225,PHO,2025,Bradley Beal,Kevin Durant,Tyus Jones,Jusuf Nurkić,Ryan Dunn,Royce O'Neale,Monte Morris,Josh Okogie,Mason Plumlee,Oso Ighodaro,,,,,
20241225,SAS,2025,Victor Wembanyama,Chris Paul,Devin Vassell,Jeremy Sochan,Harrison Barnes,Julian Champagnie,Keldon Johnson,Stephon Castle,Tre Jones,,,,,,
20241226,ATL,2025,Jalen Johnson,Trae Young,Dyson Daniels,Clint Capela,Zaccharie Risacher,De'Andre Hunter,Larry Nance Jr.,Garrison Mathews,Vit Krejci,,,,,,
20241226,BRK,2025,Cameron Johnson,Nic Claxton,Noah Clowney,Keon Johnson,Ben Simmons,Jalen Wilson,Shake Milton,Tyrese Martin,Day'Ron Sharpe,,,,,,
20241226,CHI,2025,Zach LaVine,Nikola Vučević,Coby White,Patrick Williams,Dalen Terry,Jevon Carter,Talen Horton-Tucker,Torrey Craig,Julian Phillips,Jalen Smith,,,,,
20241226,CHO,2025,LaMelo Ball,Brandon Miller,Miles Bridges,Josh Green,Mark Williams,Cody Martin,Nick Richards,Tidjane Salaün,Vasilije Micić,DaQuan Jeffries,Moussa Diabaté,Isaiah Wong,,,
20241226,DET,2025,Cade Cunningham,Jaden Ivey,Jalen Duren,Tobias Harris,Tim Hardaway Jr.,Malik Beasley,Ausar Thompson,Simone Fontecchio,Paul Reed,Marcus Sasser,Ron Holland,,,,
20241226,HOU,2025,Amen Thompson,Jalen Green,Jabari Smith Jr.,Fred VanVleet,Alperen Şengün,Cam Whitmore,Reed Sheppard,Jae'Sean Tate,Steven Adams,Jeff Green,Aaron Holiday,Jock Landale,,,
20241226,IND,2025,Bennedict Mathurin,Tyrese Haliburton,Myles Turner,Pascal Siakam,Andrew Nembhard,Ben Sheppard,T.J. McConnell,Jarace Walker,Thomas Bryant,Obi Toppin,,,,,
20241226,MEM,2025,Jaren Jackson Jr.,Zach Edey,Ja Morant,Jaylen Wells,Desmond Bane,Luke Kennard,Jake LaRavia,Scotty Pippen Jr.,Brandon Clarke,John Konchar,Santi Aldama,Cam Spencer,,,
20241226,MIA,2025,Bam Adebayo,Tyler Herro,Jaime Jaquez Jr.,Haywood Highsmith,Duncan Robinson,Alec Burks,Terry Rozier,Nikola Jović,Kel'el Ware,,,,,,
20241226,MIL,2025,Bobby Portis,Brook Lopez,Ryan Rollins,Khris Middleton,Andre Jackson Jr.,A.J. Green,Taurean Prince,Gary Trent Jr.,Delon Wright,,,,,,
20241226,NOP,2025,Herbert Jones,Trey Murphy III,Yves Missi,Dejounte Murray,CJ McCollum,Brandon Boston Jr.,Javonte Green,Daniel Theis,Jordan Hawkins,Jeremiah Robinson-Earl,Antonio Reeves,,,,
20241226,OKC,2025,Shai Gilgeous-Alexander,Jalen Williams,Luguentz Dort,Isaiah Hartenstein,Cason Wallace,Isaiah Joe,Kenrich Williams,Ajay Mitchell,Jaylin Williams,Aaron Wiggins,Dillon Jones,,,,
20241226,ORL,2025,Tristan Da Silva,Trevelin Queen,Goga Bitadze,Jalen Suggs,Kentavious Caldwell-Pope,Wendell Carter Jr.,Anthony Black,Jonathan Isaac,Cole Anthony,Cory Joseph,Jett Howard,,,,
20241226,POR,2025,Deandre Ayton,Toumani Camara,Jerami Grant,Shaedon Sharpe,Anfernee Simons,Deni Avdija,Scoot Henderson,Donovan Clingan,Kris Murray,,,,,,
20241226,SAC,2025,De'Aaron Fox,Keegan Murray,DeMar DeRozan,Malik Monk,Alex Len,Trey Lyles,Kevin Huerter,Keon Ellis,Colby Jones,Isaac Jones,,,,,
20241226,TOR,2025,Scottie Barnes,RJ Barrett,Ochai Agbaji,Gradey Dick,Kelly Olynyk,Davion Mitchell,Chris Boucher,Jonathan Mogbo,Jamison Battle,A.J. Lawson,Garrett Temple,Ulrich Chomche,,,
20241226,UTA,2025,Isaiah Collier,Lauri Markkanen,Walker Kessler,Collin Sexton,Svi Mykhailiuk,Cody Williams,Drew Eubanks,Kyle Filipowski,Brice Sensabaugh,Johnny Juzang,,,,,
20241226,WAS,2025,Jordan Poole,Bilal Coulibaly,Carlton Carrington,Alex Sarr,Justin Champagnie,Corey Kispert,Malcolm Brogdon,Kyshawn George,Jonas Valančiūnas,,,,,,
20241227,BOS,2025,Jaylen Brown,Jayson Tatum,Derrick White,Al Horford,Sam Hauser,Payton Pritchard,Jordan Walsh,Luke Kornet,Neemias Queta,Drew Peterson,Jaden Springer,Xavier Tillman Sr.,,,
20241227,BRK,2025,Jalen Wilson,Keon Johnson,Shake Milton,Nic Claxton,Dorian Finney-Smith,Noah Clowney,Tyrese Martin,Reece Beekman,Day'Ron Sharpe,,,,,,
20241227,CLE,2025,Darius Garland,Evan Mobley,Jarrett Allen,Donovan Mitchell,Dean Wade,Max Strus,Caris LeVert,Sam Merrill,Georges Niang,Ty Jerome,Jaylon Tyson,,,,
20241227,DAL,2025,Kyrie Irving,Klay Thompson,Daniel Gafford,P.J. Washington,Naji Marshall,Quentin Grimes,Maxi Kleber,Spencer Dinwiddie,Dwight Powell,Olivier-Maxence Prosper,,,,,
20241227,DEN,2025,Jamal Murray,Nikola Jokić,Michael Porter Jr.,Christian Braun,Russell Westbrook,Peyton Watson,Julian Strawther,DeAndre Jordan,Hunter Tyson,Spencer Jones,Zeke Nnaji,Jalen Pickett,,,
20241227,GSW,2025,Trayce Jackson-Davis,Dennis Schröder,Andrew Wiggins,Buddy Hield,Kyle Anderson,Jonathan Kuminga,Brandin Podziemski,Moses Moody,Lindy Waters III,Kevon Looney,Gui Santos,,,,
20241227,HOU,2025,Jabari Smith Jr.,Alperen Şengün,Amen Thompson,Jalen Green,Fred VanVleet,Jae'Sean Tate,Cam Whitmore,Aaron Holiday,Reed Sheppard,Steven Adams,,,,,
20241227,IND,2025,Bennedict Mathurin,Tyrese Haliburton,Pascal Siakam,Myles Turner,Ben Sheppard,Jarace Walker,Johnny Furphy,T.J. McConnell,Thomas Bryant,Quenton Jackson,James Johnson,Enrique Freeman,,,
20241227,LAC,2025,Norman Powell,James Harden,Ivica Zubac,Kris Dunn,Derrick Jones Jr.,Amir Coffey,Nicolas Batum,Mo Bamba,Jordan Miller,,,,,,
20241227,MEM,2025,Jaren Jackson Jr.,Jaylen Wells,Desmond Bane,Zach Edey,Ja Morant,Scotty Pippen Jr.,Luke Kennard,Brandon Clarke,Jay Huff,Jake LaRavia,John Konchar,,,,
20241227,MIN,2025,Julius Randle,Anthony Edwards,Rudy Gobert,Mike Conley,Jaden McDaniels,Donte DiVincenzo,Nickeil Alexander-Walker,Naz Reid,Josh Minott,,,,,,
20241227,NOP,2025,Trey Murphy III,Dejounte Murray,CJ McCollum,Herbert Jones,Yves Missi,Jeremiah Robinson-Earl,Daniel Theis,Jordan Hawkins,Brandon Boston Jr.,Javonte Green,,,,,
20241227,NYK,2025,Mikal Bridges,Josh Hart,Jalen Brunson,Karl-Anthony Towns,OG Anunoby,Miles McBride,Precious Achiuwa,Landry Shamet,Cameron Payne,Jericho Sims,,,,,
20241227,ORL,2025,Kentavious Caldwell-Pope,Goga Bitadze,Anthony Black,Tristan Da Silva,Jalen Suggs,Trevelin Queen,Jonathan Isaac,Wendell Carter Jr.,Gary Harris,Cory Joseph,Cole Anthony,Caleb Houstan,,,
20241227,PHO,2025,Bradley Beal,Kevin Durant,Tyus Jones,Ryan Dunn,Jusuf Nurkić,Royce O'Neale,Josh Okogie,Mason Plumlee,Monte Morris,Oso Ighodaro,,,,,
20241227,SAS,2025,Victor Wembanyama,Jeremy Sochan,Devin Vassell,Chris Paul,Harrison Barnes,Keldon Johnson,Julian Champagnie,Stephon Castle,Tre Jones,,,,,,
20241228,ATL,2025,Trae Young,Jalen Johnson,Zaccharie Risacher,Vit Krejci,Clint Capela,De'Andre Hunter,Garrison Mathews,Larry Nance Jr.,Keaton Wallace,,,,,,
20241228,CHI,2025,Nikola Vučević,Zach LaVine,Coby White,Josh Giddey,Patrick Williams,Lonzo Ball,Dalen Terry,Matas Buzelis,Torrey Craig,Jevon Carter,Julian Phillips,Talen Horton-Tucker,,,
20241228,CHO,2025,Josh Green,Miles Bridges,Vasilije Micić,Mark Williams,Seth Curry,Tidjane Salaün,Isaiah Wong,Moussa Diabaté,DaQuan Jeffries,Nick Richards,,,,,
20241228,DAL,2025,Kyrie Irving,Spencer Dinwiddie,Klay Thompson,Maxi Kleber,Daniel Gafford,Quentin Grimes,Jaden Hardy,Olivier-Maxence Prosper,Dwight Powell,Jazian Gortman,,,,,
20241228,DEN,2025,Jamal Murray,Nikola Jokić,Michael Porter Jr.,Russell Westbrook,Christian Braun,Peyton Watson,Julian Strawther,Hunter Tyson,DeAndre Jordan,,,,,,
20241228,DET,2025,Cade Cunningham,Tobias Harris,Jaden Ivey,Jalen Duren,Tim Hardaway Jr.,Ausar Thompson,Ron Holland,Malik Beasley,Isaiah Stewart,Marcus Sasser,Simone Fontecchio,Paul Reed,Wendell Moore Jr.,,
20241228,GSW,2025,Andrew Wiggins,Stephen Curry,Draymond Green,Dennis Schröder,Trayce Jackson-Davis,Jonathan Kuminga,Buddy Hield,Lindy Waters III,Brandin Podziemski,,,,,,
20241228,LAL,2025,Austin Reaves,Anthony Davis,Rui Hachimura,Max Christie,Gabe Vincent,Dalton Knecht,D'Angelo Russell,Cam Reddish,Christian Koloko,,,,,,
20241228,MIA,2025,Duncan Robinson,Bam Adebayo,Haywood Highsmith,Tyler Herro,Jaime Jaquez Jr.,Terry Rozier,Alec Burks,Nikola Jović,Kel'el Ware,Pelle Larsson,,,,,
20241228,MIL,2025,Brook Lopez,Damian Lillard,Bobby Portis,Khris Middleton,Andre Jackson Jr.,A.J. Green,Ryan Rollins,Taurean Prince,Gary Trent Jr.,,,,,,
20241228,NYK,2025,Mikal Bridges,Jalen Brunson,Karl-Anthony Towns,OG Anunoby,Josh Hart,Miles McBride,Precious Achiuwa,Landry Shamet,Cameron Payne,,,,,,
20241228,OKC,2025,Jalen Williams,Aaron Wiggins,Shai Gilgeous-Alexander,Ajay Mitchell,Isaiah Hartenstein,Jaylin Williams,Kenrich Williams,Isaiah Joe,Dillon Jones,Ousmane Dieng,,,,,
20241228,PHI,2025,Tyrese Maxey,Caleb Martin,Joel Embiid,Paul George,Kelly Oubre Jr.,Guerschon Yabusele,Kyle Lowry,Reggie Jackson,Ricky Council IV,,,,,,
20241228,PHO,2025,Bradley Beal,Kevin Durant,Tyus Jones,Ryan Dunn,Mason Plumlee,Josh Okogie,Oso Ighodaro,Monte Morris,Royce O'Neale,,,,,,
20241228,POR,2025,Jerami Grant,Anfernee Simons,Shaedon Sharpe,Deandre Ayton,Deni Avdija,Scoot Henderson,Donovan Clingan,Kris Murray,Rayan Rupert,,,,,,
20241228,SAC,2025,DeMar DeRozan,De'Aaron Fox,Malik Monk,Keegan Murray,Domantas Sabonis,Kevin Huerter,Trey Lyles,Keon Ellis,Alex Len,,,,,,
20241228,UTA,2025,Lauri Markkanen,Collin Sexton,Jordan Clarkson,Walker Kessler,Cody Williams,Brice Sensabaugh,Isaiah Collier,Johnny Juzang,Micah Potter,Drew Eubanks,Kyle Filipowski,,,,
20241228,WAS,2025,Justin Champagnie,Carlton Carrington,Bilal Coulibaly,Alex Sarr,Malcolm Brogdon,Kyshawn George,Corey Kispert,Jonas Valančiūnas,,,,,,,
20241229,ATL,2025,Jalen Johnson,Trae Young,Vit Krejci,Zaccharie Risacher,Clint Capela,Garrison Mathews,De'Andre Hunter,Onyeka Okongwu,Keaton Wallace,David Roddy,Dominick Barlow,,,,
20241229,BOS,2025,Jayson Tatum,Derrick White,Jaylen Brown,Al Horford,Sam Hauser,Payton Pritchard,Jordan Walsh,Luke Kornet,Neemias Queta,Drew Peterson,Jaden Springer,Xavier Tillman Sr.,,,
20241229,BRK,2025,Keon Johnson,Nic Claxton,Ben Simmons,Noah Clowney,Cameron Johnson,Jalen Wilson,Cam Thomas,Tyrese Martin,Day'Ron Sharpe,,,,,,
20241229,HOU,2025,Dillon Brooks,Fred VanVleet,Alperen Şengün,Jalen Green,Jabari Smith Jr.,Amen Thompson,Steven Adams,Cam Whitmore,Aaron Holiday,,,,,,
20241229,IND,2025,Tyrese Haliburton,Andrew Nembhard,Myles Turner,Pascal Siakam,Bennedict Mathurin,Jarace Walker,Ben Sheppard,Thomas Bryant,T.J. McConnell,Johnny Furphy,Quenton Jackson,,,,
20241229,MEM,2025,John Konchar,Desmond Bane,Jaren Jackson Jr.,Jaylen Wells,Scotty Pippen Jr.,Luke Kennard,Cam Spencer,Jay Huff,Jake LaRavia,Yuki Kawamura,Colin Castleton,,,,
20241229,MIA,2025,Terry Rozier,Haywood Highsmith,Tyler Herro,Bam Adebayo,Kevin Love,Nikola Jović,Alec Burks,Jaime Jaquez Jr.,Kel'el Ware,,,,,,
20241229,MIN,2025,Anthony Edwards,Julius Randle,Jaden McDaniels,Rudy Gobert,Mike Conley,Donte DiVincenzo,Naz Reid,Nickeil Alexander-Walker,Josh Minott,,,,,,
20241229,OKC,2025,Cason Wallace,Shai Gilgeous-Alexander,Luguentz Dort,Jalen Williams,Isaiah Hartenstein,Aaron Wiggins,Isaiah Joe,Ajay Mitchell,Kenrich Williams,Jaylin Williams,Dillon Jones,Ousmane Dieng,Branden Carlson,,
20241229,ORL,2025,Tristan Da Silva,Kentavious Caldwell-Pope,Goga Bitadze,Wendell Carter Jr.,Jalen Suggs,Jonathan Isaac,Cole Anthony,Caleb Houstan,Gary Harris,Cory Joseph,Jett Howard,Trevelin Queen,,,
20241229,SAS,2025,Jeremy Sochan,Victor Wembanyama,Devin Vassell,Chris Paul,Harrison Barnes,Keldon Johnson,Tre Jones,Julian Champagnie,Stephon Castle,Zach Collins,Charles Bassey,,,,
20241229,TOR,2025,Scottie Barnes,RJ Barrett,Jakob Poeltl,Gradey Dick,Ochai Agbaji,Jamal Shead,Bruce Brown,Ja'Kobe Walter,Chris Boucher,Kelly Olynyk,Jamison Battle,Jonathan Mogbo,Garrett Temple,,
20241230,CHI,2025,Coby White,Nikola Vučević,Patrick Williams,Josh Giddey,Julian Phillips,Lonzo Ball,Torrey Craig,Talen Horton-Tucker,Dalen Terry,Jalen Smith,Matas Buzelis,,,,
20241230,CHO,2025,Josh Green,Miles Bridges,Vasilije Micić,Seth Curry,Mark Williams,DaQuan Jeffries,Isaiah Wong,Tidjane Salaün,KJ Simpson,Nick Richards,Moussa Diabaté,,,,
20241230,CLE,2025,Darius Garland,Donovan Mitchell,Dean Wade,Jarrett Allen,Evan Mobley,Caris LeVert,Georges Niang,Ty Jerome,Max Strus,Sam Merrill,Craig Porter Jr.,Tristan Thompson,JT Thor,Jaylon Tyson,
20241230,DAL,2025,P.J. Washington,Spencer Dinwiddie,Quentin Grimes,Daniel Gafford,Jaden Hardy,Maxi Kleber,Brandon Williams,Dwight Powell,Olivier-Maxence Prosper,Jazian Gortman,Kessler Edwards,,,,
20241230,DEN,2025,Nikola Jokić,Jamal Murray,Christian Braun,Michael Porter Jr.,Russell Westbrook,Peyton Watson,Julian Strawther,DeAndre Jordan,Hunter Tyson,,,,,,
20241230,GSW,2025,Dennis Schröder,Stephen Curry,Trayce Jackson-Davis,Andrew Wiggins,Draymond Green,Jonathan Kuminga,Moses Moody,Buddy Hield,Lindy Waters III,Quinten Post,Gui Santos,Pat Spencer,,,
20241230,LAC,2025,Norman Powell,Ivica Zubac,James Harden,Kris Dunn,Derrick Jones Jr.,Amir Coffey,Nicolas Batum,Kevin Porter Jr.,Mo Bamba,,,,,,
20241230,NOP,2025,Dejounte Murray,CJ McCollum,Trey Murphy III,Yves Missi,Herbert Jones,Jordan Hawkins,Javonte Green,Brandon Boston Jr.,Daniel Theis,,,,,,
20241230,NYK,2025,Josh Hart,Jalen Brunson,Mikal Bridges,OG Anunoby,Karl-Anthony Towns,Precious Achiuwa,Miles McBride,Landry Shamet,Cameron Payne,Tyler Kolek,Jericho Sims,Jacob Toppin,,,
20241230,PHI,2025,Caleb Martin,Kelly Oubre Jr.,Tyrese Maxey,Joel Embiid,Paul George,Guerschon Yabusele,Reggie Jackson,Ricky Council IV,Jeff Dowtin,Adem Bona,Pete Nance,,,,
20241230,POR,2025,Shaedon Sharpe,Toumani Camara,Deni Avdija,Anfernee Simons,Deandre Ayton,Scoot Henderson,Kris Murray,Robert Williams,Donovan Clingan,Rayan Rupert,Duop Reath,Jabari Walker,Bryce McGowens,,
20241230,SAC,2025,Keegan Murray,Malik Monk,De'Aaron Fox,Domantas Sabonis,DeMar DeRozan,Trey Lyles,Keon Ellis,Kevin Huerter,Alex Len,Isaiah Crawford,Colby Jones,Isaac Jones,Jordan McLaughlin,,
20241230,UTA,2025,Walker Kessler,Lauri Markkanen,Collin Sexton,Keyonte George,Johnny Juzang,Jordan Clarkson,Brice Sensabaugh,Isaiah Collier,Cody Williams,Kyle Filipowski,,,,,
20241230,WAS,2025,Bilal Coulibaly,Malcolm Brogdon,Carlton Carrington,Alex Sarr,Justin Champagnie,Kyshawn George,Corey Kispert,Jonas Valančiūnas,Kyle Kuzma,Jared Butler,Anthony Gill,Patrick Baldwin Jr.,Johnny Davis,Tristan Vukcevic,
20241231,BOS,2025,Jayson Tatum,Derrick White,Jaylen Brown,Jrue Holiday,Al Horford,Payton Pritchard,Neemias Queta,Sam Hauser,Luke Kornet,Jordan Walsh,Drew Peterson,Xavier Tillman Sr.,Jaden Springer,,
20241231,CLE,2025,Donovan Mitchell,Darius Garland,Evan Mobley,Jarrett Allen,Dean Wade,Max Strus,Caris LeVert,Georges Niang,Ty Jerome,Sam Merrill,,,,,
20241231,IND,2025,Tyrese Haliburton,Bennedict Mathurin,Myles Turner,Andrew Nembhard,Pascal Siakam,Ben Sheppard,T.J. McConnell,Jarace Walker,Obi Toppin,Thomas Bryant,,,,,
20241231,LAC,2025,Norman Powell,James Harden,Kris Dunn,Ivica Zubac,Derrick Jones Jr.,Amir Coffey,Bones Hyland,Kai Jones,Jordan Miller,Kevin Porter Jr.,Nicolas Batum,Kobe Brown,Mo Bamba,,
20241231,LAL,2025,Austin Reaves,Anthony Davis,LeBron James,Rui Hachimura,Max Christie,Dalton Knecht,Dorian Finney-Smith,Cam Reddish,Shake Milton,,,,,,
20241231,MEM,2025,Jaren Jackson Jr.,Desmond Bane,John Konchar,Jaylen Wells,Scotty Pippen Jr.,Luke Kennard,Jay Huff,Cam Spencer,Colin Castleton,,,,,,
20241231,MIL,2025,Damian Lillard,Giannis Antetokounmpo,Khris Middleton,Brook Lopez,Andre Jackson Jr.,Bobby Portis,Gary Trent Jr.,Taurean Prince,A.J. Green,Ryan Rollins,,,,,
20241231,MIN,2025,Anthony Edwards,Rudy Gobert,Jaden McDaniels,Julius Randle,Mike Conley,Naz Reid,Donte DiVincenzo,Nickeil Alexander-Walker,Josh Minott,,,,,,
20241231,OKC,2025,Jalen Williams,Luguentz Dort,Shai Gilgeous-Alexander,Isaiah Hartenstein,Cason Wallace,Ajay Mitchell,Kenrich Williams,Aaron Wiggins,Isaiah Joe,Jaylin Williams,,,,,
20241231,PHO,2025,Kevin Durant,Tyus Jones,Devin Booker,Mason Plumlee,Bradley Beal,Ryan Dunn,Josh Okogie,Monte Morris,Oso Ighodaro,Damion Lee,,,,,
20241231,SAS,2025,Devin Vassell,Victor Wembanyama,Harrison Barnes,Chris Paul,Jeremy Sochan,Stephon Castle,Keldon Johnson,Tre Jones,Zach Collins,Julian Champagnie,Blake Wesley,Sandro Mamukelashvili,Malaki Branham,Charles Bassey,Sidy Cissoko
20241231,TOR,2025,Scottie Barnes,Jakob Poeltl,Davion Mitchell,Ochai Agbaji,Ja'Kobe Walter,Jamal Shead,Bruce Brown,Jamison Battle,Chris Boucher,Kelly Olynyk,Jonathan Mogbo,Ulrich Chomche,A.J. Lawson,Bruno Fernando,
20250101,ATL,2025,Zaccharie Risacher,Trae Young,Dyson Daniels,Garrison Mathews,Clint Capela,Vit Krejci,De'Andre Hunter,Onyeka Okongwu,David Roddy,Dominick Barlow,,,,,
20250101,BRK,2025,Nic Claxton,Keon Johnson,Noah Clowney,Cameron Johnson,Ben Simmons,Jalen Wilson,D'Angelo Russell,Tyrese Martin,Day'Ron Sharpe,Reece Beekman,Maxwell Lewis,,,,
20250101,CHI,2025,Nikola Vučević,Zach LaVine,Coby White,Josh Giddey,Patrick Williams,Lonzo Ball,Dalen Terry,Talen Horton-Tucker,Matas Buzelis,Jalen Smith,Julian Phillips,Jevon Carter,,,
20250101,DAL,2025,Kyrie Irving,Klay Thompson,Spencer Dinwiddie,Dereck Lively II,P.J. Washington,Quentin Grimes,Maxi Kleber,Jaden Hardy,Daniel Gafford,Olivier-Maxence Prosper,Dwight Powell,Brandon Williams,Jazian Gortman,,
20250101,DEN,2025,Jamal Murray,Christian Braun,Nikola Jokić,Russell Westbrook,Michael Porter Jr.,Julian Strawther,Peyton Watson,DeAndre Jordan,Jalen Pickett,Hunter Tyson,Spencer Jones,Zeke Nnaji,,,
20250101,DET,2025,Tobias Harris,Cade Cunningham,Tim Hardaway Jr.,Jaden Ivey,Jalen Duren,Ausar Thompson,Malik Beasley,Isaiah Stewart,Ron Holland,Marcus Sasser,,,,,
20250101,HOU,2025,Fred VanVleet,Dillon Brooks,Jalen Green,Alperen Şengün,Jabari Smith Jr.,Cam Whitmore,Aaron Holiday,Jae'Sean Tate,Steven Adams,,,,,,
20250101,MIA,2025,Tyler Herro,Bam Adebayo,Haywood Highsmith,Duncan Robinson,Jimmy Butler,Nikola Jović,Jaime Jaquez Jr.,Alec Burks,Kel'el Ware,,,,,,
20250101,NOP,2025,Trey Murphy III,Herbert Jones,CJ McCollum,Dejounte Murray,Yves Missi,Brandon Boston Jr.,Jordan Hawkins,Daniel Theis,Javonte Green,,,,,,
20250101,NYK,2025,Josh Hart,Mikal Bridges,OG Anunoby,Karl-Anthony Towns,Cameron Payne,Precious Achiuwa,Tyler Kolek,Landry Shamet,,,,,,,
20250101,ORL,2025,Kentavious Caldwell-Pope,Wendell Carter Jr.,Jalen Suggs,Tristan Da Silva,Goga Bitadze,Caleb Houstan,Gary Harris,Jett Howard,Jonathan Isaac,Cole Anthony,Cory Joseph,,,,
20250101,PHI,2025,Tyrese Maxey,Caleb Martin,Paul George,Guerschon Yabusele,Kyle Lowry,Eric Gordon,Andre Drummond,Reggie Jackson,Ricky Council IV,Justin Edwards,,,,,
20250101,SAC,2025,Keon Ellis,De'Aaron Fox,Domantas Sabonis,Malik Monk,DeMar DeRozan,Trey Lyles,Kevin Huerter,Doug McDermott,Alex Len,,,,,,
20250101,TOR,2025,Scottie Barnes,Ochai Agbaji,Gradey Dick,Jakob Poeltl,Immanuel Quickley,Jamal Shead,Ja'Kobe Walter,Kelly Olynyk,Davion Mitchell,Chris Boucher,,,,,
20250101,UTA,2025,Keyonte George,Lauri Markkanen,Collin Sexton,Walker Kessler,Johnny Juzang,Jordan Clarkson,Svi Mykhailiuk,Brice Sensabaugh,Isaiah Collier,Kyle Filipowski,,,,,
20250101,WAS,2025,Carlton Carrington,Jordan Poole,Alex Sarr,Justin Champagnie,Bilal Coulibaly,Corey Kispert,Malcolm Brogdon,Kyle Kuzma,Jonas Valančiūnas,Kyshawn George,Anthony Gill,Tristan Vukcevic,Jared Butler,Johnny Davis,
20250102,BOS,2025,Jrue Holiday,Jayson Tatum,Derrick White,Al Horford,Sam Hauser,Payton Pritchard,Neemias Queta,Luke Kornet,Jordan Walsh,,,,,,
20250102,BRK,2025,Cameron Johnson,Jalen Wilson,Nic Claxton,Keon Johnson,D'Angelo Russell,Cam Thomas,Day'Ron Sharpe,Ziaire Williams,Tyrese Martin,,,,,,
20250102,GSW,2025,Draymond Green,Stephen Curry,Andrew Wiggins,Dennis Schröder,Trayce Jackson-Davis,Jonathan Kuminga,Buddy Hield,Lindy Waters III,Moses Moody,Kyle Anderson,Kevon Looney,Gui Santos,Pat Spencer,,
20250102,IND,2025,Tyrese Haliburton,Myles Turner,Pascal Siakam,Bennedict Mathurin,Andrew Nembhard,Obi Toppin,Ben Sheppard,T.J. McConnell,Jarace Walker,Thomas Bryant,,,,,
20250102,LAC,2025,Amir Coffey,Kris Dunn,Norman Powell,Derrick Jones Jr.,Ivica Zubac,Kevin Porter Jr.,Jordan Miller,Nicolas Batum,Mo Bamba,Kobe Brown,Kai Jones,Bones Hyland,,,
20250102,LAL,2025,Austin Reaves,LeBron James,Max Christie,Rui Hachimura,Jaxson Hayes,Dorian Finney-Smith,Cam Reddish,Christian Koloko,Dalton Knecht,Shake Milton,,,,,
20250102,MIA,2025,Tyler Herro,Jimmy Butler,Bam Adebayo,Duncan Robinson,Haywood Highsmith,Terry Rozier,Nikola Jović,Kel'el Ware,Jaime Jaquez Jr.,Keshad Johnson,Alec Burks,Josh Christopher,Pelle Larsson,,
20250102,MIL,2025,Damian Lillard,Giannis Antetokounmpo,Khris Middleton,Brook Lopez,Andre Jackson Jr.,Bobby Portis,Gary Trent Jr.,Ryan Rollins,Taurean Prince,Pat Connaughton,MarJon Beauchamp,,,,
20250102,MIN,2025,Julius Randle,Anthony Edwards,Jaden McDaniels,Rudy Gobert,Mike Conley,Donte DiVincenzo,Naz Reid,Nickeil Alexander-Walker,Josh Minott,,,,,,
20250102,OKC,2025,Shai Gilgeous-Alexander,Jalen Williams,Aaron Wiggins,Isaiah Hartenstein,Luguentz Dort,Ajay Mitchell,Jaylin Williams,Isaiah Joe,Cason Wallace,Kenrich Williams,Dillon Jones,Ousmane Dieng,Branden Carlson,,
20250102,PHI,2025,Paul George,Tyrese Maxey,Joel Embiid,Caleb Martin,Kyle Lowry,Guerschon Yabusele,Ricky Council IV,Jeff Dowtin,Eric Gordon,Justin Edwards,Adem Bona,Reggie Jackson,,,
20250102,POR,2025,Toumani Camara,Shaedon Sharpe,Anfernee Simons,Deni Avdija,Deandre Ayton,Scoot Henderson,Donovan Clingan,Kris Murray,Dalano Banton,,,,,,
20250103,ATL,2025,Trae Young,Jalen Johnson,Dyson Daniels,Zaccharie Risacher,Clint Capela,De'Andre Hunter,Onyeka Okongwu,Bogdan Bogdanović,Garrison Mathews,Dominick Barlow,David Roddy,,,,
20250103,BOS,2025,Derrick White,Jayson Tatum,Jrue Holiday,Kristaps Porziņģis,Sam Hauser,Payton Pritchard,Luke Kornet,Neemias Queta,Jordan Walsh,Drew Peterson,Xavier Tillman Sr.,Jaden Springer,,,
20250103,CHO,2025,Miles Bridges,Josh Green,Mark Williams,Vasilije Micić,Seth Curry,KJ Simpson,Cody Martin,Tidjane Salaün,Nick Richards,Nick Smith Jr.,,,,,
20250103,CLE,2025,Evan Mobley,Darius Garland,Donovan Mitchell,Dean Wade,Jarrett Allen,Caris LeVert,Max Strus,Georges Niang,Ty Jerome,JT Thor,Craig Porter Jr.,Tristan Thompson,Jaylon Tyson,,
20250103,DAL,2025,Quentin Grimes,P.J. Washington,Klay Thompson,Dereck Lively II,Spencer Dinwiddie,Jaden Hardy,Brandon Williams,Daniel Gafford,Maxi Kleber,Olivier-Maxence Prosper,Markieff Morris,Jazian Gortman,Dwight Powell,,
20250103,DEN,2025,Christian Braun,Michael Porter Jr.,Nikola Jokić,Jamal Murray,Russell Westbrook,Julian Strawther,Peyton Watson,Hunter Tyson,DeAndre Jordan,,,,,,
20250103,DET,2025,Tobias Harris,Tim Hardaway Jr.,Cade Cunningham,Jalen Duren,Wendell Moore Jr.,Malik Beasley,Marcus Sasser,Isaiah Stewart,Ausar Thompson,Ron Holland,Paul Reed,,,,
20250103,HOU,2025,Jalen Green,Fred VanVleet,Dillon Brooks,Alperen Şengün,Jeff Green,Cam Whitmore,Aaron Holiday,Jae'Sean Tate,Steven Adams,Jock Landale,Reed Sheppard,,,,
20250103,LAL,2025,Austin Reaves,Anthony Davis,Max Christie,LeBron James,Rui Hachimura,Dorian Finney-Smith,Dalton Knecht,Shake Milton,Cam Reddish,Jaxson Hayes,Bronny James,,,,
20250103,MEM,2025,Jaylen Wells,Desmond Bane,Jaren Jackson Jr.,Scotty Pippen Jr.,Brandon Clarke,Luke Kennard,Zach Edey,Jake LaRavia,John Konchar,Jay Huff,,,,,
20250103,NOP,2025,Trey Murphy III,Herbert Jones,Yves Missi,CJ McCollum,Dejounte Murray,Brandon Boston Jr.,Jose Alvarado,Jordan Hawkins,Daniel Theis,Jeremiah Robinson-Earl,,,,,
20250103,NYK,2025,Josh Hart,OG Anunoby,Karl-Anthony Towns,Mikal Bridges,Jalen Brunson,Landry Shamet,Precious Achiuwa,Cameron Payne,,,,,,,
20250103,OKC,2025,Jalen Williams,Shai Gilgeous-Alexander,Luguentz Dort,Cason Wallace,Isaiah Hartenstein,Aaron Wiggins,Isaiah Joe,Ajay Mitchell,Kenrich Williams,Jaylin Williams,,,,,
20250103,ORL,2025,Tristan Da Silva,Kentavious Caldwell-Pope,Goga Bitadze,Caleb Houstan,Jalen Suggs,Cole Anthony,Wendell Carter Jr.,Cory Joseph,Jonathan Isaac,Trevelin Queen,Jett Howard,,,,
20250103,SAC,2025,De'Aaron Fox,Domantas Sabonis,DeMar DeRozan,Keon Ellis,Malik Monk,Trey Lyles,Kevin Huerter,Devin Carter,Alex Len,,,,,,
20250103,SAS,2025,Devin Vassell,Victor Wembanyama,Harrison Barnes,Chris Paul,Stephon Castle,Keldon Johnson,Julian Champagnie,Tre Jones,Zach Collins,,,,,,
20250103,TOR,2025,Scottie Barnes,Jakob Poeltl,Immanuel Quickley,Ochai Agbaji,Gradey Dick,Ja'Kobe Walter,Kelly Olynyk,Jamal Shead,Davion Mitchell,Bruce Brown,,,,,
20250103,WAS,2025,Carlton Carrington,Jordan Poole,Justin Champagnie,Kyle Kuzma,Alex Sarr,Malcolm Brogdon,Corey Kispert,Jonas Valančiūnas,Kyshawn George,Patrick Baldwin Jr.,Jared Butler,Johnny Davis,Anthony Gill,,
20250104,ATL,2025,Trae Young,Dyson Daniels,Vit Krejci,Zaccharie Risacher,Clint Capela,De'Andre Hunter,Garrison Mathews,Onyeka Okongwu,David Roddy,Dominick Barlow,,,,,
20250104,BRK,2025,Keon Johnson,Jalen Wilson,Nic Claxton,Ziaire Williams,D'Angelo Russell,Tyrese Martin,Day'Ron Sharpe,Tosan Evbuomwan,Noah Clowney,Reece Beekman,,,,,
20250104,CHI,2025,Zach LaVine,Patrick Williams,Nikola Vučević,Coby White,Josh Giddey,Lonzo Ball,Julian Phillips,Jalen Smith,Dalen Terry,Talen Horton-Tucker,Matas Buzelis,,,,
20250104,DEN,2025,Michael Porter Jr.,Nikola Jokić,Jamal Murray,Russell Westbrook,Christian Braun,Peyton Watson,Julian Strawther,DeAndre Jordan,Jalen Pickett,,,,,,
20250104,DET,2025,Cade Cunningham,Tobias Harris,Tim Hardaway Jr.,Ausar Thompson,Jalen Duren,Malik Beasley,Isaiah Stewart,Ron Holland,Marcus Sasser,,,,,,
20250104,GSW,2025,Andrew Wiggins,Dennis Schröder,Draymond Green,Trayce Jackson-Davis,Buddy Hield,Lindy Waters III,Kyle Anderson,Jonathan Kuminga,Pat Spencer,Moses Moody,,,,,
20250104,IND,2025,Bennedict Mathurin,Pascal Siakam,Tyrese Haliburton,Andrew Nembhard,Myles Turner,Ben Sheppard,T.J. McConnell,Obi Toppin,Jarace Walker,Thomas Bryant,,,,,
20250104,LAC,2025,Ivica Zubac,James Harden,Norman Powell,Kawhi Leonard,Kris Dunn,Amir Coffey,Derrick Jones Jr.,Kevin Porter Jr.,Terance Mann,Nicolas Batum,Kobe Brown,Kai Jones,Jordan Miller,Bones Hyland,
20250104,MEM,2025,Jaren Jackson Jr.,Jaylen Wells,Desmond Bane,Scotty Pippen Jr.,Zach Edey,Jake LaRavia,Brandon Clarke,Jay Huff,Cam Spencer,,,,,,
20250104,MIA,2025,Tyler Herro,Bam Adebayo,Nikola Jović,Terry Rozier,Haywood Highsmith,Jaime Jaquez Jr.,Kel'el Ware,Duncan Robinson,Keshad Johnson,Josh Christopher,Pelle Larsson,Alec Burks,,,
20250104,MIL,2025,Giannis Antetokounmpo,Damian Lillard,Khris Middleton,Brook Lopez,Andre Jackson Jr.,A.J. Green,Bobby Portis,Taurean Prince,Gary Trent Jr.,Ryan Rollins,,,,,
20250104,MIN,2025,Anthony Edwards,Julius Randle,Rudy Gobert,Jaden McDaniels,Mike Conley,Nickeil Alexander-Walker,Donte DiVincenzo,Naz Reid,,,,,,,
20250104,NYK,2025,Josh Hart,Karl-Anthony Towns,Mikal Bridges,Jalen Brunson,OG Anunoby,Precious Achiuwa,Landry Shamet,Cameron Payne,Tyler Kolek,Matt Ryan,Jericho Sims,Jacob Toppin,,,
20250104,PHI,2025,Tyrese Maxey,Joel Embiid,Paul George,Guerschon Yabusele,Caleb Martin,Kyle Lowry,Justin Edwards,Reggie Jackson,Ricky Council IV,Andre Drummond,Eric Gordon,Adem Bona,,,
20250104,PHO,2025,Kevin Durant,Devin Booker,Bradley Beal,Ryan Dunn,Mason Plumlee,Grayson Allen,Monte Morris,Josh Okogie,Bol Bol,,,,,,
20250104,POR,2025,Deni Avdija,Anfernee Simons,Deandre Ayton,Toumani Camara,Shaedon Sharpe,Scoot Henderson,Kris Murray,Donovan Clingan,,,,,,,
20250104,SAS,2025,Victor Wembanyama,Devin Vassell,Harrison Barnes,Chris Paul,Jeremy Sochan,Keldon Johnson,Julian Champagnie,Tre Jones,Stephon Castle,Zach Collins,Charles Bassey,,,,
20250104,UTA,2025,Collin Sexton,John Collins,Lauri Markkanen,Keyonte George,Walker Kessler,Brice Sensabaugh,Isaiah Collier,Kyle Filipowski,Johnny Juzang,Micah Potter,Jordan Clarkson,,,,
20250105,BOS,2025,Jaylen Brown,Jayson Tatum,Derrick White,Jrue Holiday,Kristaps Porziņģis,Al Horford,Luke Kornet,Sam Hauser,Payton Pritchard,,,,,,
20250105,CHO,2025,LaMelo Ball,Brandon Miller,Mark Williams,Miles Bridges,Josh Green,Tidjane Salaün,Cody Martin,Nick Smith Jr.,KJ Simpson,Nick Richards,Taj Gibson,Vasilije Micić,,,
20250105,CLE,2025,Evan Mobley,Darius Garland,Donovan Mitchell,Jarrett Allen,Dean Wade,Max Strus,Caris LeVert,Ty Jerome,Georges Niang,Craig Porter Jr.,Tristan Thompson,JT Thor,Jaylon Tyson,,
20250105,GSW,2025,Stephen Curry,Andrew Wiggins,Draymond Green,Dennis Schröder,Trayce Jackson-Davis,Moses Moody,Lindy Waters III,Buddy Hield,Kyle Anderson,Kevon Looney,Pat Spencer,Gui Santos,,,
20250105,HOU,2025,Fred VanVleet,Amen Thompson,Jalen Green,Dillon Brooks,Alperen Şengün,Steven Adams,Cam Whitmore,Jae'Sean Tate,Aaron Holiday,,,,,,
20250105,LAL,2025,Austin Reaves,Max Christie,Anthony Davis,LeBron James,Rui Hachimura,Dorian Finney-Smith,Dalton Knecht,Jaxson Hayes,Shake Milton,Cam Reddish,,,,,
20250105,NOP,2025,Herbert Jones,CJ McCollum,Dejounte Murray,Yves Missi,Trey Murphy III,Brandon Boston Jr.,Daniel Theis,Jose Alvarado,Jordan Hawkins,Jeremiah Robinson-Earl,,,,,
20250105,OKC,2025,Shai Gilgeous-Alexander,Luguentz Dort,Isaiah Hartenstein,Cason Wallace,Jalen Williams,Aaron Wiggins,Isaiah Joe,Kenrich Williams,Jaylin Williams,,,,,,
20250105,ORL,2025,Tristan Da Silva,Goga Bitadze,Cole Anthony,Kentavious Caldwell-Pope,Caleb Houstan,Jett Howard,Trevelin Queen,Wendell Carter Jr.,Cory Joseph,Jonathan Isaac,,,,,
20250105,SAC,2025,DeMar DeRozan,Domantas Sabonis,Malik Monk,Keegan Murray,Keon Ellis,Trey Lyles,Devin Carter,Kevin Huerter,Alex Len,Jordan McLaughlin,Doug McDermott,Orlando Robinson,,,
20250105,UTA,2025,Walker Kessler,Isaiah Collier,Collin Sexton,Johnny Juzang,Micah Potter,Kyle Filipowski,Brice Sensabaugh,Svi Mykhailiuk,Patty Mills,Drew Eubanks,,,,,
20250105,WAS,2025,Carlton Carrington,Kyle Kuzma,Alex Sarr,Justin Champagnie,Malcolm Brogdon,Kyshawn George,Corey Kispert,Jared Butler,Jonas Valančiūnas,Anthony Gill,Johnny Davis,,,,
20250106,BRK,2025,Keon Johnson,Tyrese Martin,Noah Clowney,Ziaire Williams,Nic Claxton,Jalen Wilson,Tosan Evbuomwan,Day'Ron Sharpe,Reece Beekman,Dariq Whitehead,,,,,
20250106,CHI,2025,Zach LaVine,Coby White,Patrick Williams,Nikola Vučević,Josh Giddey,Lonzo Ball,Jalen Smith,Matas Buzelis,Julian Phillips,Dalen Terry,,,,,
20250106,DAL,2025,Dereck Lively II,Naji Marshall,P.J. Washington,Klay Thompson,Maxi Kleber,Spencer Dinwiddie,Quentin Grimes,Jaden Hardy,Daniel Gafford,Dwight Powell,Brandon Williams,Olivier-Maxence Prosper,,,
20250106,DET,2025,Cade Cunningham,Tobias Harris,Tim Hardaway Jr.,Malik Beasley,Jalen Duren,Simone Fontecchio,Marcus Sasser,Ron Holland,Isaiah Stewart,Paul Reed,Wendell Moore Jr.,,,,
20250106,IND,2025,Tyrese Haliburton,Bennedict Mathurin,Andrew Nembhard,Myles Turner,Pascal Siakam,Obi Toppin,Ben Sheppard,Thomas Bryant,T.J. McConnell,Jarace Walker,Johnny Furphy,James Johnson,,,
20250106,LAC,2025,Norman Powell,James Harden,Ivica Zubac,Kris Dunn,Kawhi Leonard,Derrick Jones Jr.,Amir Coffey,Kevin Porter Jr.,Nicolas Batum,Terance Mann,,,,,
20250106,MEM,2025,Jaylen Wells,Jaren Jackson Jr.,Scotty Pippen Jr.,John Konchar,Zach Edey,Jay Huff,Jake LaRavia,Luke Kennard,Brandon Clarke,Cam Spencer,Yuki Kawamura,,,,
20250106,MIA,2025,Tyler Herro,Haywood Highsmith,Jaime Jaquez Jr.,Bam Adebayo,Terry Rozier,Duncan Robinson,Nikola Jović,Kel'el Ware,Pelle Larsson,,,,,,
20250106,MIL,2025,Brook Lopez,Taurean Prince,Giannis Antetokounmpo,Damian Lillard,Andre Jackson Jr.,Gary Trent Jr.,Bobby Portis,Ryan Rollins,A.J. Green,MarJon Beauchamp,Pat Connaughton,Liam Robbins,Stanley Umude,Delon Wright,
20250106,MIN,2025,Rudy Gobert,Anthony Edwards,Jaden McDaniels,Donte DiVincenzo,Julius Randle,Naz Reid,Mike Conley,Nickeil Alexander-Walker,Josh Minott,,,,,,
20250106,NYK,2025,Mikal Bridges,Josh Hart,Jalen Brunson,OG Anunoby,Jericho Sims,Precious Achiuwa,Landry Shamet,Cameron Payne,,,,,,,
20250106,ORL,2025,Cole Anthony,Tristan Da Silva,Kentavious Caldwell-Pope,Goga Bitadze,Caleb Houstan,Anthony Black,Wendell Carter Jr.,Jonathan Isaac,Jett Howard,Trevelin Queen,,,,,
20250106,PHI,2025,Tyrese Maxey,Kelly Oubre Jr.,Paul George,Caleb Martin,Guerschon Yabusele,Justin Edwards,Adem Bona,Eric Gordon,Reggie Jackson,Jeff Dowtin,Ricky Council IV,,,,
20250106,PHO,2025,Devin Booker,Kevin Durant,Ryan Dunn,Tyus Jones,Mason Plumlee,Bradley Beal,Monte Morris,Oso Ighodaro,Grayson Allen,Jusuf Nurkić,Josh Okogie,,,,
20250106,POR,2025,Shaedon Sharpe,Toumani Camara,Anfernee Simons,Deandre Ayton,Deni Avdija,Kris Murray,Scoot Henderson,Donovan Clingan,,,,,,,
20250106,SAC,2025,Domantas Sabonis,Malik Monk,Keon Ellis,DeMar DeRozan,Keegan Murray,Trey Lyles,Kevin Huerter,Devin Carter,Alex Len,Doug McDermott,,,,,
20250106,SAS,2025,Victor Wembanyama,Devin Vassell,Chris Paul,Harrison Barnes,Jeremy Sochan,Keldon Johnson,Stephon Castle,Julian Champagnie,Charles Bassey,Tre Jones,,,,,
20250106,TOR,2025,RJ Barrett,Scottie Barnes,Jakob Poeltl,Immanuel Quickley,Gradey Dick,Ochai Agbaji,Jamal Shead,Bruce Brown,Ja'Kobe Walter,Kelly Olynyk,Jonathan Mogbo,,,,
20250107,ATL,2025,Trae Young,Dyson Daniels,Clint Capela,Zaccharie Risacher,Vit Krejci,Bogdan Bogdanović,De'Andre Hunter,Onyeka Okongwu,Garrison Mathews,,,,,,
20250107,BOS,2025,Jaylen Brown,Jayson Tatum,Kristaps Porziņģis,Al Horford,Jrue Holiday,Payton Pritchard,Sam Hauser,Luke Kornet,Neemias Queta,,,,,,
20250107,CHO,2025,Miles Bridges,LaMelo Ball,Brandon Miller,Mark Williams,Josh Green,Cody Martin,Nick Richards,Nick Smith Jr.,Vasilije Micić,Tidjane Salaün,,,,,
20250107,DAL,2025,P.J. Washington,Spencer Dinwiddie,Naji Marshall,Klay Thompson,Dereck Lively II,Maxi Kleber,Quentin Grimes,Jaden Hardy,Olivier-Maxence Prosper,Brandon Williams,Dwight Powell,,,,
20250107,DEN,2025,Jamal Murray,Michael Porter Jr.,Russell Westbrook,Christian Braun,Dario Šarić,Peyton Watson,Julian Strawther,DeAndre Jordan,Zeke Nnaji,,,,,,
20250107,GSW,2025,Trayce Jackson-Davis,Stephen Curry,Dennis Schröder,Draymond Green,Andrew Wiggins,Kyle Anderson,Buddy Hield,Lindy Waters III,Moses Moody,Pat Spencer,Gui Santos,,,,
20250107,HOU,2025,Amen Thompson,Fred VanVleet,Jalen Green,Alperen Şengün,Dillon Brooks,Aaron Holiday,Cam Whitmore,Jae'Sean Tate,Steven Adams,Jeff Green,Jock Landale,Jeenathan Williams,,,
20250107,LAL,2025,Anthony Davis,LeBron James,Austin Reaves,Max Christie,Rui Hachimura,Dorian Finney-Smith,Gabe Vincent,Dalton Knecht,Jaxson Hayes,Bronny James,,,,,
20250107,MIA,2025,Terry Rozier,Bam Adebayo,Jaime Jaquez Jr.,Tyler Herro,Haywood Highsmith,Nikola Jović,Alec Burks,Duncan Robinson,Kel'el Ware,,,,,,
20250107,MIN,2025,Anthony Edwards,Rudy Gobert,Julius Randle,Jaden McDaniels,Donte DiVincenzo,Mike Conley,Naz Reid,Nickeil Alexander-Walker,Josh Minott,,,,,,
20250107,NOP,2025,Dejounte Murray,Herbert Jones,CJ McCollum,Yves Missi,Zion Williamson,Brandon Boston Jr.,Jeremiah Robinson-Earl,Jose Alvarado,Daniel Theis,Jordan Hawkins,,,,,
20250107,PHO,2025,Devin Booker,Kevin Durant,Ryan Dunn,Tyus Jones,Mason Plumlee,Bradley Beal,Grayson Allen,Jusuf Nurkić,Monte Morris,Oso Ighodaro,Josh Okogie,,,,
20250107,UTA,2025,Lauri Markkanen,Collin Sexton,Walker Kessler,Isaiah Collier,Johnny Juzang,Cody Williams,Patty Mills,Drew Eubanks,Kyle Filipowski,Micah Potter,,,,,
20250107,WAS,2025,Carlton Carrington,Bilal Coulibaly,Kyshawn George,Alex Sarr,Kyle Kuzma,Corey Kispert,Jonas Valančiūnas,Jared Butler,Justin Champagnie,Patrick Baldwin Jr.,Anthony Gill,Richaun Holmes,,,
20250108,BRK,2025,Noah Clowney,Tyrese Martin,Nic Claxton,Ziaire Williams,Keon Johnson,Jalen Wilson,Tosan Evbuomwan,Reece Beekman,,,,,,,
20250108,CHI,2025,Zach LaVine,Coby White,Nikola Vučević,Josh Giddey,Patrick Williams,Lonzo Ball,Jalen Smith,Julian Phillips,Chris Duarte,Matas Buzelis,Talen Horton-Tucker,Dalen Terry,Jevon Carter,,
20250108,CLE,2025,Evan Mobley,Donovan Mitchell,Darius Garland,Jarrett Allen,Dean Wade,Max Strus,Caris LeVert,Georges Niang,Isaac Okoro,Ty Jerome,,,,,
20250108,DEN,2025,Jamal Murray,Russell Westbrook,Christian Braun,Michael Porter Jr.,DeAndre Jordan,Julian Strawther,Peyton Watson,Dario Šarić,Hunter Tyson,Jalen Pickett,Zeke Nnaji,Trey Alexander,,,
20250108,DET,2025,Malik Beasley,Tobias Harris,Cade Cunningham,Tim Hardaway Jr.,Jalen Duren,Ron Holland,Simone Fontecchio,Marcus Sasser,Isaiah Stewart,Wendell Moore Jr.,Paul Reed,Bobi Klintman,Daniss Jenkins,,
20250108,IND,2025,Andrew Nembhard,Tyrese Haliburton,Pascal Siakam,Thomas Bryant,Bennedict Mathurin,Obi Toppin,Ben Sheppard,Jarace Walker,T.J. McConnell,Enrique Freeman,Quenton Jackson,,,,
20250108,LAC,2025,Ivica Zubac,Norman Powell,James Harden,Kris Dunn,Derrick Jones Jr.,Amir Coffey,Mo Bamba,Jordan Miller,Kevin Porter Jr.,Terance Mann,Kobe Brown,Bones Hyland,Nicolas Batum,,
20250108,MIL,2025,Giannis Antetokounmpo,Brook Lopez,Damian Lillard,Taurean Prince,Andre Jackson Jr.,A.J. Green,Gary Trent Jr.,Khris Middleton,Bobby Portis,MarJon Beauchamp,Ryan Rollins,Liam Robbins,Stanley Umude,,
20250108,NOP,2025,CJ McCollum,Dejounte Murray,Yves Missi,Jeremiah Robinson-Earl,Herbert Jones,Javonte Green,Jordan Hawkins,Brandon Boston Jr.,Jose Alvarado,Daniel Theis,Antonio Reeves,Karlo Matković,,,
20250108,NYK,2025,Josh Hart,OG Anunoby,Mikal Bridges,Jalen Brunson,Karl-Anthony Towns,Landry Shamet,Precious Achiuwa,Cameron Payne,Jericho Sims,Tyler Kolek,Matt Ryan,Jacob Toppin,,,
20250108,OKC,2025,Shai Gilgeous-Alexander,Jalen Williams,Luguentz Dort,Cason Wallace,Isaiah Hartenstein,Isaiah Joe,Aaron Wiggins,Kenrich Williams,Jaylin Williams,,,,,,
20250108,PHI,2025,Tyrese Maxey,Kelly Oubre Jr.,Caleb Martin,Guerschon Yabusele,Eric Gordon,Ricky Council IV,Adem Bona,Justin Edwards,Jeff Dowtin,Reggie Jackson,,,,,
20250108,POR,2025,Shaedon Sharpe,Toumani Camara,Anfernee Simons,Deni Avdija,Deandre Ayton,Scoot Henderson,Kris Murray,Robert Williams,Dalano Banton,Rayan Rupert,Jabari Walker,Duop Reath,,,
20250108,SAS,2025,Victor Wembanyama,Devin Vassell,Chris Paul,Harrison Barnes,Stephon Castle,Julian Champagnie,Keldon Johnson,Tre Jones,Charles Bassey,Sandro Mamukelashvili,Malaki Branham,Zach Collins,Blake Wesley,,
20250108,TOR,2025,Scottie Barnes,Immanuel Quickley,Jakob Poeltl,RJ Barrett,Gradey Dick,Ja'Kobe Walter,Bruce Brown,Kelly Olynyk,Jamal Shead,Ochai Agbaji,Chris Boucher,Garrett Temple,,,
20250108,WAS,2025,Kyle Kuzma,Carlton Carrington,Bilal Coulibaly,Kyshawn George,Jonas Valančiūnas,Corey Kispert,Richaun Holmes,Jared Butler,Justin Champagnie,,,,,,
20250109,ATL,2025,Dyson Daniels,Trae Young,Vit Krejci,Clint Capela,Zaccharie Risacher,Bogdan Bogdanović,De'Andre Hunter,Onyeka Okongwu,Garrison Mathews,David Roddy,,,,,
20250109,CLE,2025,Caris LeVert,Darius Garland,Evan Mobley,Dean Wade,Jarrett Allen,Max Strus,Ty Jerome,Georges Niang,Sam Merrill,Isaac Okoro,,,,,
20250109,DAL,2025,P.J. Washington,Spencer Dinwiddie,Dereck Lively II,Naji Marshall,Klay Thompson,Jaden Hardy,Quentin Grimes,Maxi Kleber,Daniel Gafford,Olivier-Maxence Prosper,,,,,
20250109,DET,2025,Cade Cunningham,Malik Beasley,Tobias Harris,Jalen Duren,Ausar Thompson,Simone Fontecchio,Ron Holland,Isaiah Stewart,Marcus Sasser,Wendell Moore Jr.,,,,,
20250109,GSW,2025,Stephen Curry,Dennis Schröder,Draymond Green,Buddy Hield,Trayce Jackson-Davis,Gui Santos,Kevon Looney,Lindy Waters III,Kyle Anderson,Pat Spencer,,,,,
20250109,HOU,2025,Fred VanVleet,Jalen Green,Amen Thompson,Alperen Şengün,Dillon Brooks,Jae'Sean Tate,Cam Whitmore,Steven Adams,Aaron Holiday,,,,,,
20250109,MEM,2025,Jaren Jackson Jr.,Ja Morant,Desmond Bane,Jaylen Wells,Zach Edey,Luke Kennard,Santi Aldama,Jake LaRavia,Brandon Clarke,Scotty Pippen Jr.,Jay Huff,,,,
20250109,MIA,2025,Tyler Herro,Jaime Jaquez Jr.,Terry Rozier,Bam Adebayo,Haywood Highsmith,Nikola Jović,Kel'el Ware,Duncan Robinson,Alec Burks,,,,,,
20250109,MIN,2025,Anthony Edwards,Rudy Gobert,Jaden McDaniels,Julius Randle,Donte DiVincenzo,Naz Reid,Mike Conley,Nickeil Alexander-Walker,Josh Minott,Luka Garza,Jaylen Clark,Leonard Miller,,,
20250109,ORL,2025,Caleb Houstan,Kentavious Caldwell-Pope,Goga Bitadze,Cole Anthony,Tristan Da Silva,Jett Howard,Trevelin Queen,Wendell Carter Jr.,Jonathan Isaac,Anthony Black,Cory Joseph,,,,
20250109,PHO,2025,Devin Booker,Kevin Durant,Tyus Jones,Mason Plumlee,Ryan Dunn,Bradley Beal,Grayson Allen,Oso Ighodaro,Monte Morris,Josh Okogie,,,,,
20250109,POR,2025,Anfernee Simons,Deni Avdija,Shaedon Sharpe,Toumani Camara,Deandre Ayton,Scoot Henderson,Donovan Clingan,Kris Murray,Dalano Banton,,,,,,
20250109,TOR,2025,RJ Barrett,Scottie Barnes,Jakob Poeltl,Immanuel Quickley,Gradey Dick,Chris Boucher,Davion Mitchell,Ja'Kobe Walter,Jamal Shead,Kelly Olynyk,,,,,
20250109,UTA,2025,Isaiah Collier,Lauri Markkanen,Walker Kessler,Collin Sexton,Johnny Juzang,Cody Williams,Kyle Filipowski,Patty Mills,Drew Eubanks,Micah Potter,,,,,
20250110,BOS,2025,Jaylen Brown,Jayson Tatum,Kristaps Porziņģis,Jrue Holiday,Derrick White,Payton Pritchard,Al Horford,Luke Kornet,Sam Hauser,Neemias Queta,Jaden Springer,Xavier Tillman Sr.,,,
20250110,BRK,2025,Keon Johnson,Noah Clowney,Nic Claxton,Ziaire Williams,Ben Simmons,Tyrese Martin,Tosan Evbuomwan,Day'Ron Sharpe,Jalen Wilson,Reece Beekman,,,,,
20250110,CHI,2025,Zach LaVine,Josh Giddey,Coby White,Nikola Vučević,Patrick Williams,Lonzo Ball,Jalen Smith,Matas Buzelis,Talen Horton-Tucker,Julian Phillips,Dalen Terry,Jevon Carter,Chris Duarte,,
20250110,DEN,2025,Nikola Jokić,Russell Westbrook,Michael Porter Jr.,Christian Braun,Jamal Murray,Peyton Watson,Julian Strawther,DeAndre Jordan,Jalen Pickett,,,,,,
20250110,GSW,2025,Lindy Waters III,Buddy Hield,Dennis Schröder,Trayce Jackson-Davis,Kyle Anderson,Gui Santos,Moses Moody,Pat Spencer,Kevon Looney,Quinten Post,,,,,
20250110,IND,2025,Tyrese Haliburton,Bennedict Mathurin,Pascal Siakam,Myles Turner,Andrew Nembhard,Ben Sheppard,T.J. McConnell,Thomas Bryant,Obi Toppin,Jarace Walker,RayJ Dennis,Johnny Furphy,James Johnson,,
20250110,MIL,2025,Damian Lillard,Giannis Antetokounmpo,Brook Lopez,Taurean Prince,Andre Jackson Jr.,Bobby Portis,Gary Trent Jr.,Khris Middleton,A.J. Green,,,,,,
20250110,NOP,2025,CJ McCollum,Dejounte Murray,Jordan Hawkins,Yves Missi,Javonte Green,Jose Alvarado,Brandon Boston Jr.,Jeremiah Robinson-Earl,Daniel Theis,,,,,,
20250110,NYK,2025,OG Anunoby,Jalen Brunson,Mikal Bridges,Josh Hart,Karl-Anthony Towns,Miles McBride,Landry Shamet,Cameron Payne,Ariel Hukporti,Jacob Toppin,Precious Achiuwa,Tyler Kolek,Matt Ryan,,
20250110,OKC,2025,Jalen Williams,Cason Wallace,Isaiah Hartenstein,Shai Gilgeous-Alexander,Luguentz Dort,Isaiah Joe,Kenrich Williams,Aaron Wiggins,Jaylin Williams,Branden Carlson,Alex Ducas,,,,
20250110,ORL,2025,Tristan Da Silva,Cole Anthony,Paolo Banchero,Goga Bitadze,Kentavious Caldwell-Pope,Caleb Houstan,Wendell Carter Jr.,Anthony Black,Jonathan Isaac,Jett Howard,Trevelin Queen,,,,
20250110,PHI,2025,Tyrese Maxey,Kelly Oubre Jr.,Caleb Martin,Paul George,Guerschon Yabusele,Ricky Council IV,Eric Gordon,Adem Bona,Reggie Jackson,Jeff Dowtin,,,,,
20250110,SAC,2025,DeMar DeRozan,Domantas Sabonis,Keegan Murray,Malik Monk,Keon Ellis,Trey Lyles,Kevin Huerter,Devin Carter,,,,,,,
20250110,WAS,2025,Bilal Coulibaly,Alex Sarr,Jordan Poole,Carlton Carrington,Kyle Kuzma,Kyshawn George,Corey Kispert,Jared Butler,Jonas Valančiūnas,Justin Champagnie,Johnny Davis,Patrick Baldwin Jr.,Richaun Holmes,Anthony Gill,
20250111,DET,2025,Cade Cunningham,Tobias Harris,Tim Hardaway Jr.,Jalen Duren,Ausar Thompson,Malik Beasley,Isaiah Stewart,Simone Fontecchio,Ron Holland,Marcus Sasser,,,,,
20250111,MEM,2025,Jaren Jackson Jr.,Desmond Bane,Jaylen Wells,Ja Morant,Zach Edey,Luke Kennard,Brandon Clarke,Santi Aldama,Scotty Pippen Jr.,Jake LaRavia,Jay Huff,,,,
20250111,MIA,2025,Haywood Highsmith,Tyler Herro,Bam Adebayo,Terry Rozier,Jaime Jaquez Jr.,Nikola Jović,Kel'el Ware,Duncan Robinson,Pelle Larsson,Alec Burks,Josh Christopher,Keshad Johnson,,,
20250111,MIN,2025,Anthony Edwards,Donte DiVincenzo,Julius Randle,Jaden McDaniels,Rudy Gobert,Naz Reid,Nickeil Alexander-Walker,Mike Conley,Josh Minott,,,,,,
20250111,PHO,2025,Devin Booker,Kevin Durant,Tyus Jones,Ryan Dunn,Mason Plumlee,Bradley Beal,Grayson Allen,Oso Ighodaro,Josh Okogie,Monte Morris,,,,,
20250111,POR,2025,Toumani Camara,Shaedon Sharpe,Deni Avdija,Anfernee Simons,Donovan Clingan,Scoot Henderson,Duop Reath,Kris Murray,Dalano Banton,Jabari Walker,Bryce McGowens,Justin Minaya,Rayan Rupert,,
20250111,TOR,2025,Scottie Barnes,Jakob Poeltl,RJ Barrett,Immanuel Quickley,Gradey Dick,Chris Boucher,Bruce Brown,Jamal Shead,Kelly Olynyk,Ja'Kobe Walter,,,,,
20250111,UTA,2025,Lauri Markkanen,Walker Kessler,Collin Sexton,Isaiah Collier,Micah Potter,Kyle Filipowski,Cody Williams,Svi Mykhailiuk,Drew Eubanks,Patty Mills,Elijah Harkless,,,,
20250112,BOS,2025,Jaylen Brown,Jayson Tatum,Kristaps Porziņģis,Jrue Holiday,Derrick White,Payton Pritchard,Al Horford,Luke Kornet,Sam Hauser,,,,,,
20250112,BRK,2025,Nic Claxton,Noah Clowney,Ziaire Williams,Ben Simmons,Keon Johnson,Tyrese Martin,Jalen Wilson,Tosan Evbuomwan,Day'Ron Sharpe,Reece Beekman,,,,,
20250112,CHI,2025,Zach LaVine,Josh Giddey,Patrick Williams,Nikola Vučević,Lonzo Ball,Talen Horton-Tucker,Jalen Smith,Dalen Terry,Julian Phillips,Matas Buzelis,,,,,
20250112,CHO,2025,LaMelo Ball,Brandon Miller,Miles Bridges,Josh Green,Mark Williams,Cody Martin,Nick Richards,Nick Smith Jr.,Vasilije Micić,Tidjane Salaün,,,,,
20250112,CLE,2025,Donovan Mitchell,Evan Mobley,Darius Garland,Jarrett Allen,Dean Wade,Max Strus,Caris LeVert,Georges Niang,Isaac Okoro,Sam Merrill,Tristan Thompson,Craig Porter Jr.,Jaylon Tyson,,
20250112,DAL,2025,Spencer Dinwiddie,P.J. Washington,Klay Thompson,Naji Marshall,Dereck Lively II,Maxi Kleber,Quentin Grimes,Jaden Hardy,Daniel Gafford,Olivier-Maxence Prosper,,,,,
20250112,DEN,2025,Nikola Jokić,Russell Westbrook,Jamal Murray,Michael Porter Jr.,Christian Braun,Peyton Watson,Julian Strawther,Aaron Gordon,DeAndre Jordan,,,,,,
20250112,IND,2025,Bennedict Mathurin,Pascal Siakam,Myles Turner,Andrew Nembhard,Tyrese Haliburton,Ben Sheppard,Jarace Walker,Thomas Bryant,Obi Toppin,T.J. McConnell,Johnny Furphy,,,,
20250112,MIL,2025,Damian Lillard,Giannis Antetokounmpo,Brook Lopez,Taurean Prince,Andre Jackson Jr.,A.J. Green,Khris Middleton,Bobby Portis,Pat Connaughton,MarJon Beauchamp,Delon Wright,Liam Robbins,Stanley Umude,,
20250112,NOP,2025,Trey Murphy III,CJ McCollum,Dejounte Murray,Zion Williamson,Yves Missi,Daniel Theis,Javonte Green,Jordan Hawkins,Jose Alvarado,Brandon Boston Jr.,,,,,
20250112,NYK,2025,Mikal Bridges,Karl-Anthony Towns,Josh Hart,OG Anunoby,Jalen Brunson,Miles McBride,Precious Achiuwa,Cameron Payne,Landry Shamet,Jacob Toppin,Ariel Hukporti,Matt Ryan,Tyler Kolek,,
20250112,OKC,2025,Shai Gilgeous-Alexander,Cason Wallace,Luguentz Dort,Isaiah Hartenstein,Jalen Williams,Aaron Wiggins,Jaylin Williams,Kenrich Williams,Isaiah Joe,Branden Carlson,Alex Ducas,,,,
20250112,ORL,2025,Cole Anthony,Paolo Banchero,Caleb Houstan,Goga Bitadze,Tristan Da Silva,Anthony Black,Trevelin Queen,Jonathan Isaac,Wendell Carter Jr.,Cory Joseph,,,,,
20250112,PHI,2025,Guerschon Yabusele,Tyrese Maxey,Paul George,Kelly Oubre Jr.,Eric Gordon,Justin Edwards,Adem Bona,Reggie Jackson,Ricky Council IV,Jeff Dowtin,,,,,
20250112,PHO,2025,Kevin Durant,Devin Booker,Ryan Dunn,Tyus Jones,Mason Plumlee,Bradley Beal,Oso Ighodaro,Royce O'Neale,Grayson Allen,,,,,,
20250112,SAC,2025,Domantas Sabonis,Malik Monk,DeMar DeRozan,Keegan Murray,De'Aaron Fox,Keon Ellis,Trey Lyles,Devin Carter,Kevin Huerter,,,,,,
20250112,UTA,2025,Collin Sexton,Cody Williams,Isaiah Collier,Drew Eubanks,Micah Potter,Brice Sensabaugh,Kyle Filipowski,Elijah Harkless,Oscar Tshiebwe,Svi Mykhailiuk,,,,,
20250112,WAS,2025,Carlton Carrington,Kyle Kuzma,Bilal Coulibaly,Alex Sarr,Jordan Poole,Corey Kispert,Kyshawn George,Jonas Valančiūnas,Justin Champagnie,Jared Butler,Anthony Gill,Patrick Baldwin Jr.,Johnny Davis,,
20250113,DET,2025,Tobias Harris,Tim Hardaway Jr.,Cade Cunningham,Ausar Thompson,Jalen Duren,Isaiah Stewart,Malik Beasley,Marcus Sasser,Simone Fontecchio,Ron Holland,,,,,
20250113,GSW,2025,Andrew Wiggins,Stephen Curry,Buddy Hield,Trayce Jackson-Davis,Dennis Schröder,Lindy Waters III,Kevon Looney,Kyle Anderson,Moses Moody,Gui Santos,,,,,
20250113,HOU,2025,Amen Thompson,Jalen Green,Dillon Brooks,Fred VanVleet,Alperen Şengün,Cam Whitmore,Steven Adams,Aaron Holiday,Jae'Sean Tate,,,,,,
20250113,LAC,2025,James Harden,Norman Powell,Ivica Zubac,Kris Dunn,Kawhi Leonard,Amir Coffey,Nicolas Batum,Kevin Porter Jr.,Derrick Jones Jr.,Mo Bamba,,,,,
20250113,LAL,2025,Austin Reaves,Anthony Davis,LeBron James,Max Christie,Rui Hachimura,Dorian Finney-Smith,Gabe Vincent,Cam Reddish,Dalton Knecht,Jaxson Hayes,Quincy Olivari,,,,
20250113,MEM,2025,Ja Morant,Desmond Bane,Jaren Jackson Jr.,Jaylen Wells,Zach Edey,Brandon Clarke,Jake LaRavia,Santi Aldama,Scotty Pippen Jr.,Luke Kennard,,,,,
20250113,MIA,2025,Tyler Herro,Haywood Highsmith,Jaime Jaquez Jr.,Terry Rozier,Kevin Love,Kel'el Ware,Nikola Jović,Duncan Robinson,Alec Burks,,,,,,
20250113,MIN,2025,Anthony Edwards,Julius Randle,Rudy Gobert,Jaden McDaniels,Donte DiVincenzo,Naz Reid,Nickeil Alexander-Walker,Mike Conley,Josh Minott,Jaylen Clark,Luka Garza,Leonard Miller,Tristen Newton,,
20250113,NYK,2025,Karl-Anthony Towns,Jalen Brunson,OG Anunoby,Josh Hart,Mikal Bridges,Miles McBride,Cameron Payne,Precious Achiuwa,Landry Shamet,,,,,,
20250113,SAS,2025,Stephon Castle,Devin Vassell,Victor Wembanyama,Harrison Barnes,Chris Paul,Keldon Johnson,Tre Jones,Julian Champagnie,Charles Bassey,Sandro Mamukelashvili,Malaki Branham,Blake Wesley,Zach Collins,,
20250113,TOR,2025,Scottie Barnes,Jakob Poeltl,Davion Mitchell,RJ Barrett,Gradey Dick,Ochai Agbaji,Chris Boucher,Jamal Shead,Bruce Brown,Kelly Olynyk,,,,,
20250113,WAS,2025,Kyle Kuzma,Bilal Coulibaly,Carlton Carrington,Jordan Poole,Alex Sarr,Jonas Valančiūnas,Corey Kispert,Kyshawn George,Justin Champagnie,Jared Butler,Anthony Gill,Patrick Baldwin Jr.,Johnny Davis,,
20250114,ATL,2025,Trae Young,Vit Krejci,Dyson Daniels,Clint Capela,Zaccharie Risacher,Onyeka Okongwu,Garrison Mathews,Bogdan Bogdanović,David Roddy,,,,,,
20250114,BRK,2025,Noah Clowney,Keon Johnson,Ziaire Williams,Cameron Johnson,Ben Simmons,Jalen Wilson,D'Angelo Russell,Tyrese Martin,Tosan Evbuomwan,Day'Ron Sharpe,,,,,
20250114,CHI,2025,Zach LaVine,Nikola Vučević,Josh Giddey,Coby White,Patrick Williams,Lonzo Ball,Julian Phillips,Jalen Smith,Matas Buzelis,Talen Horton-Tucker,Dalen Terry,,,,
20250114,CLE,2025,Darius Garland,Evan Mobley,Jarrett Allen,Donovan Mitchell,Dean Wade,Caris LeVert,Max Strus,Georges Niang,Sam Merrill,Isaac Okoro,Craig Porter Jr.,Jaylon Tyson,,,
20250114,DAL,2025,Kyrie Irving,P.J. Washington,Naji Marshall,Klay Thompson,Dereck Lively II,Quentin Grimes,Jaden Hardy,Spencer Dinwiddie,Daniel Gafford,Maxi Kleber,Dwight Powell,Olivier-Maxence Prosper,Brandon Williams,,
20250114,DEN,2025,Jamal Murray,Christian Braun,Nikola Jokić,Russell Westbrook,Michael Porter Jr.,Peyton Watson,Julian Strawther,Aaron Gordon,DeAndre Jordan,Jalen Pickett,Zeke Nnaji,Hunter Tyson,Trey Alexander,,
20250114,IND,2025,Pascal Siakam,Andrew Nembhard,Ben Sheppard,Bennedict Mathurin,Myles Turner,T.J. McConnell,Obi Toppin,Jarace Walker,Thomas Bryant,RayJ Dennis,Johnny Furphy,James Johnson,,,
20250114,MIL,2025,Giannis Antetokounmpo,Damian Lillard,Brook Lopez,Taurean Prince,Andre Jackson Jr.,A.J. Green,Bobby Portis,Ryan Rollins,Pat Connaughton,MarJon Beauchamp,Chris Livingston,Liam Robbins,Stanley Umude,,
20250114,NOP,2025,Trey Murphy III,Dejounte Murray,CJ McCollum,Zion Williamson,Yves Missi,Javonte Green,Daniel Theis,Jordan Hawkins,Jose Alvarado,Brandon Boston Jr.,,,,,
20250114,OKC,2025,Cason Wallace,Jalen Williams,Shai Gilgeous-Alexander,Isaiah Hartenstein,Luguentz Dort,Isaiah Joe,Alex Caruso,Aaron Wiggins,Jaylin Williams,Kenrich Williams,Branden Carlson,Alex Ducas,,,
20250114,PHI,2025,Ricky Council IV,Guerschon Yabusele,Kelly Oubre Jr.,Eric Gordon,Reggie Jackson,Justin Edwards,Jeff Dowtin,Pete Nance,Adem Bona,,,,,,
20250114,PHO,2025,Kevin Durant,Devin Booker,Tyus Jones,Mason Plumlee,Ryan Dunn,Bradley Beal,Grayson Allen,Oso Ighodaro,Royce O'Neale,,,,,,
20250114,POR,2025,Scoot Henderson,Toumani Camara,Shaedon Sharpe,Anfernee Simons,Deandre Ayton,Kris Murray,Donovan Clingan,Dalano Banton,Jabari Walker,Justin Minaya,Duop Reath,Rayan Rupert,,,
20250114,SAC,2025,De'Aaron Fox,Keegan Murray,Domantas Sabonis,DeMar DeRozan,Keon Ellis,Kevin Huerter,Devin Carter,Trey Lyles,Alex Len,Jae Crowder,Jordan McLaughlin,Colby Jones,Isaac Jones,,
20250115,ATL,2025,Keaton Wallace,Dyson Daniels,Vit Krejci,David Roddy,Clint Capela,Onyeka Okongwu,Daeqwon Plowden,Garrison Mathews,Bogdan Bogdanović,,,,,,
20250115,BOS,2025,Jayson Tatum,Kristaps Porziņģis,Jaylen Brown,Jrue Holiday,Derrick White,Payton Pritchard,Al Horford,Sam Hauser,Luke Kornet,Jaden Springer,Neemias Queta,Xavier Tillman Sr.,Jordan Walsh,,
20250115,BRK,2025,Tyrese Martin,Noah Clowney,Keon Johnson,Ziaire Williams,Nic Claxton,Jalen Wilson,Tosan Evbuomwan,Day'Ron Sharpe,Reece Beekman,Dariq Whitehead,,,,,
20250115,CHI,2025,Zach LaVine,Nikola Vučević,Coby White,Josh Giddey,Patrick Williams,Ayo Dosunmu,Matas Buzelis,Julian Phillips,Jalen Smith,Dalen Terry,Jevon Carter,Talen Horton-Tucker,Chris Duarte,,
20250115,CHO,2025,LaMelo Ball,Miles Bridges,Mark Williams,Brandon Miller,Josh Green,Cody Martin,Nick Smith Jr.,Tidjane Salaün,Vasilije Micić,Taj Gibson,,,,,
20250115,DAL,2025,P.J. Washington,Spencer Dinwiddie,Naji Marshall,Daniel Gafford,Klay Thompson,Jaden Hardy,Quentin Grimes,Maxi Kleber,Olivier-Maxence Prosper,Brandon Williams,Dwight Powell,,,,
20250115,DEN,2025,Christian Braun,Jamal Murray,Russell Westbrook,Michael Porter Jr.,DeAndre Jordan,Julian Strawther,Peyton Watson,Dario Šarić,Jalen Pickett,Hunter Tyson,Trey Alexander,Zeke Nnaji,,,
20250115,GSW,2025,Stephen Curry,Andrew Wiggins,Trayce Jackson-Davis,Dennis Schröder,Gui Santos,Buddy Hield,Moses Moody,Kevon Looney,Gary Payton II,,,,,,
20250115,HOU,2025,Fred VanVleet,Amen Thompson,Jalen Green,Dillon Brooks,Alperen Şengün,Cam Whitmore,Jeff Green,Jae'Sean Tate,Aaron Holiday,Steven Adams,Reed Sheppard,Jeenathan Williams,,,
20250115,LAC,2025,Kawhi Leonard,James Harden,Norman Powell,Ivica Zubac,Derrick Jones Jr.,Amir Coffey,Mo Bamba,Nicolas Batum,Bones Hyland,Kai Jones,Jordan Miller,Kris Dunn,Terance Mann,,
20250115,LAL,2025,LeBron James,Max Christie,Anthony Davis,Austin Reaves,Rui Hachimura,Gabe Vincent,Jaxson Hayes,Dalton Knecht,Shake Milton,,,,,,
20250115,MEM,2025,Desmond Bane,Ja Morant,Jaren Jackson Jr.,Jaylen Wells,Zach Edey,Luke Kennard,Santi Aldama,Scotty Pippen Jr.,Jay Huff,Brandon Clarke,Jake LaRavia,,,,
20250115,MIA,2025,Tyler Herro,Bam Adebayo,Haywood Highsmith,Jaime Jaquez Jr.,Terry Rozier,Nikola Jović,Duncan Robinson,Alec Burks,Kel'el Ware,,,,,,
20250115,MIL,2025,Brook Lopez,Damian Lillard,Giannis Antetokounmpo,Taurean Prince,Andre Jackson Jr.,Bobby Portis,Khris Middleton,A.J. Green,Ryan Rollins,Pat Connaughton,Delon Wright,Chris Livingston,Liam Robbins,MarJon Beauchamp,Stanley Umude
20250115,MIN,2025,Anthony Edwards,Donte DiVincenzo,Jaden McDaniels,Rudy Gobert,Julius Randle,Naz Reid,Nickeil Alexander-Walker,Mike Conley,,,,,,,
20250115,NOP,2025,Trey Murphy III,CJ McCollum,Dejounte Murray,Yves Missi,Javonte Green,Jordan Hawkins,Daniel Theis,Jose Alvarado,Brandon Boston Jr.,Jeremiah Robinson-Earl,,,,,
20250115,NYK,2025,Josh Hart,Jalen Brunson,OG Anunoby,Mikal Bridges,Jericho Sims,Precious Achiuwa,Miles McBride,Cameron Payne,,,,,,,
20250115,ORL,2025,Wendell Carter Jr.,Cole Anthony,Paolo Banchero,Kentavious Caldwell-Pope,Tristan Da Silva,Anthony Black,Trevelin Queen,Caleb Houstan,Jonathan Isaac,Cory Joseph,,,,,
20250115,PHI,2025,Tyrese Maxey,Kelly Oubre Jr.,Paul George,Guerschon Yabusele,Eric Gordon,Justin Edwards,Adem Bona,Jeff Dowtin,Ricky Council IV,,,,,,
20250115,SAS,2025,Victor Wembanyama,Chris Paul,Devin Vassell,Stephon Castle,Harrison Barnes,Keldon Johnson,Julian Champagnie,Tre Jones,Charles Bassey,,,,,,
20250115,TOR,2025,Scottie Barnes,RJ Barrett,Jakob Poeltl,Davion Mitchell,Gradey Dick,Bruce Brown,Kelly Olynyk,Chris Boucher,Jamal Shead,Ochai Agbaji,Jamison Battle,,,,
20250115,UTA,2025,Keyonte George,Cody Williams,Walker Kessler,Isaiah Collier,Micah Potter,Brice Sensabaugh,Kyle Filipowski,Elijah Harkless,Drew Eubanks,Patty Mills,,,,,
20250116,CLE,2025,Dean Wade,Darius Garland,Donovan Mitchell,Evan Mobley,Jarrett Allen,Isaac Okoro,Max Strus,Caris LeVert,Ty Jerome,Georges Niang,Sam Merrill,Jaylon Tyson,Tristan Thompson,Craig Porter Jr.,
20250116,DET,2025,Cade Cunningham,Tobias Harris,Tim Hardaway Jr.,Jalen Duren,Ausar Thompson,Malik Beasley,Isaiah Stewart,Simone Fontecchio,Marcus Sasser,Ron Holland,,,,,
20250116,HOU,2025,Amen Thompson,Alperen Şengün,Jalen Green,Dillon Brooks,Jeff Green,Tari Eason,Cam Whitmore,Steven Adams,Aaron Holiday,,,,,,
20250116,IND,2025,Andrew Nembhard,Pascal Siakam,Myles Turner,Tyrese Haliburton,Aaron Nesmith,Jarace Walker,Obi Toppin,Ben Sheppard,T.J. McConnell,Thomas Bryant,,,,,
20250116,LAC,2025,James Harden,Ivica Zubac,Norman Powell,Derrick Jones Jr.,Kris Dunn,Amir Coffey,Terance Mann,Mo Bamba,Nicolas Batum,Kevin Porter Jr.,Bones Hyland,Jordan Miller,Kobe Brown,Kai Jones,
20250116,OKC,2025,Jalen Williams,Shai Gilgeous-Alexander,Cason Wallace,Luguentz Dort,Jaylin Williams,Aaron Wiggins,Isaiah Joe,Branden Carlson,Alex Caruso,Kenrich Williams,Ousmane Dieng,Alex Ducas,Adam Flagler,,
20250116,PHO,2025,Devin Booker,Kevin Durant,Tyus Jones,Ryan Dunn,Mason Plumlee,Grayson Allen,Royce O'Neale,Oso Ighodaro,Monte Morris,Bol Bol,,,,,
20250116,POR,2025,Scoot Henderson,Anfernee Simons,Toumani Camara,Deandre Ayton,Shaedon Sharpe,Kris Murray,Dalano Banton,Jabari Walker,Robert Williams,Rayan Rupert,Justin Minaya,Duop Reath,,,
20250116,SAC,2025,De'Aaron Fox,Keegan Murray,DeMar DeRozan,Domantas Sabonis,Malik Monk,Trey Lyles,Keon Ellis,Kevin Huerter,Devin Carter,,,,,,
20250116,WAS,2025,Bilal Coulibaly,Alex Sarr,Kyle Kuzma,Jordan Poole,Carlton Carrington,Kyshawn George,Corey Kispert,Jonas Valančiūnas,Jared Butler,Justin Champagnie,,,,,
20250117,BOS,2025,Jayson Tatum,Jaylen Brown,Derrick White,Jrue Holiday,Kristaps Porziņģis,Al Horford,Payton Pritchard,Sam Hauser,Neemias Queta,Luke Kornet,Baylor Scheierman,Jordan Walsh,Jaden Springer,,
20250117,BRK,2025,Noah Clowney,Nic Claxton,Ben Simmons,Ziaire Williams,Keon Johnson,D'Angelo Russell,Tosan Evbuomwan,Jalen Wilson,Tyrese Martin,Day'Ron Sharpe,,,,,
20250117,CHI,2025,Zach LaVine,Nikola Vučević,Coby White,Josh Giddey,Patrick Williams,Ayo Dosunmu,Lonzo Ball,Julian Phillips,Jalen Smith,Dalen Terry,Matas Buzelis,,,,
20250117,CHO,2025,Mark Williams,LaMelo Ball,Miles Bridges,Josh Green,Nick Smith Jr.,Cody Martin,Vasilije Micić,Seth Curry,Moussa Diabaté,Tidjane Salaün,,,,,
20250117,DAL,2025,Kyrie Irving,P.J. Washington,Spencer Dinwiddie,Klay Thompson,Daniel Gafford,Naji Marshall,Quentin Grimes,Maxi Kleber,Olivier-Maxence Prosper,Dwight Powell,Jaden Hardy,,,,
20250117,DEN,2025,Jamal Murray,Nikola Jokić,Michael Porter Jr.,Christian Braun,Russell Westbrook,Julian Strawther,Aaron Gordon,Peyton Watson,DeAndre Jordan,Hunter Tyson,PJ Hall,Zeke Nnaji,Jalen Pickett,,
20250117,LAL,2025,Austin Reaves,LeBron James,Max Christie,Jaxson Hayes,Rui Hachimura,Gabe Vincent,Dalton Knecht,Trey Jemison,Shake Milton,,,,,,
20250117,MEM,2025,Jaylen Wells,Desmond Bane,Luke Kennard,Jaren Jackson Jr.,Zach Edey,Jake LaRavia,Santi Aldama,Brandon Clarke,Scotty Pippen Jr.,Jay Huff,Yuki Kawamura,John Konchar,,,
20250117,MIA,2025,Tyler Herro,Jimmy Butler,Bam Adebayo,Duncan Robinson,Haywood Highsmith,Nikola Jović,Terry Rozier,Jaime Jaquez Jr.,Kel'el Ware,Keshad Johnson,Pelle Larsson,,,,
20250117,MIL,2025,Damian Lillard,Giannis Antetokounmpo,Brook Lopez,Taurean Prince,Ryan Rollins,Gary Trent Jr.,Khris Middleton,Bobby Portis,A.J. Green,Chris Livingston,Liam Robbins,Stanley Umude,,,
20250117,MIN,2025,Anthony Edwards,Julius Randle,Rudy Gobert,Jaden McDaniels,Mike Conley,Nickeil Alexander-Walker,Naz Reid,Rob Dillingham,Josh Minott,Jaylen Clark,Luka Garza,,,,
20250117,NOP,2025,Trey Murphy III,CJ McCollum,Daniel Theis,Dejounte Murray,Zion Williamson,Javonte Green,Jordan Hawkins,Jose Alvarado,Jeremiah Robinson-Earl,Karlo Matković,Jamal Cain,,,,
20250117,NYK,2025,Mikal Bridges,OG Anunoby,Josh Hart,Jalen Brunson,Jericho Sims,Precious Achiuwa,Miles McBride,Cameron Payne,Pacome Dadiet,Ariel Hukporti,Tyler Kolek,,,,
20250117,OKC,2025,Cason Wallace,Jalen Williams,Luguentz Dort,Jaylin Williams,Aaron Wiggins,Isaiah Joe,Kenrich Williams,Alex Caruso,Branden Carlson,Ousmane Dieng,,,,,
20250117,ORL,2025,Wendell Carter Jr.,Cole Anthony,Tristan Da Silva,Paolo Banchero,Kentavious Caldwell-Pope,Anthony Black,Trevelin Queen,Jonathan Isaac,Caleb Houstan,Cory Joseph,,,,,
20250117,SAS,2025,Devin Vassell,Victor Wembanyama,Harrison Barnes,Chris Paul,Stephon Castle,Keldon Johnson,Julian Champagnie,Charles Bassey,Tre Jones,Sandro Mamukelashvili,Zach Collins,Malaki Branham,Blake Wesley,,
20250117,TOR,2025,Scottie Barnes,Davion Mitchell,RJ Barrett,Gradey Dick,Jakob Poeltl,Bruce Brown,Kelly Olynyk,Jamal Shead,Jonathan Mogbo,Chris Boucher,Garrett Temple,Jamison Battle,,,
20250117,UTA,2025,Collin Sexton,Svi Mykhailiuk,Keyonte George,Drew Eubanks,Cody Williams,Isaiah Collier,Brice Sensabaugh,Elijah Harkless,Oscar Tshiebwe,Kyle Filipowski,Patty Mills,,,,
20250118,ATL,2025,Dyson Daniels,Trae Young,Jalen Johnson,Vit Krejci,Clint Capela,De'Andre Hunter,Onyeka Okongwu,Bogdan Bogdanović,Garrison Mathews,,,,,,
20250118,BOS,2025,Derrick White,Jayson Tatum,Jaylen Brown,Luke Kornet,Jrue Holiday,Payton Pritchard,Neemias Queta,Sam Hauser,,,,,,,
20250118,CLE,2025,Jarrett Allen,Donovan Mitchell,Darius Garland,Dean Wade,Caris LeVert,Georges Niang,Max Strus,Ty Jerome,Sam Merrill,,,,,,
20250118,DET,2025,Tobias Harris,Cade Cunningham,Tim Hardaway Jr.,Jalen Duren,Ausar Thompson,Malik Beasley,Marcus Sasser,Isaiah Stewart,Ron Holland,Simone Fontecchio,Paul Reed,,,,
20250118,GSW,2025,Andrew Wiggins,Stephen Curry,Dennis Schröder,Trayce Jackson-Davis,Draymond Green,Moses Moody,Kevon Looney,Buddy Hield,Gary Payton II,Lindy Waters III,Gui Santos,,,,
20250118,HOU,2025,Dillon Brooks,Fred VanVleet,Alperen Şengün,Jalen Green,Jae'Sean Tate,Cam Whitmore,Tari Eason,Steven Adams,Aaron Holiday,Reed Sheppard,Jeenathan Williams,,,,
20250118,IND,2025,Pascal Siakam,Tyrese Haliburton,Andrew Nembhard,Myles Turner,Bennedict Mathurin,Ben Sheppard,Thomas Bryant,T.J. McConnell,Obi Toppin,Aaron Nesmith,Jarace Walker,RayJ Dennis,Johnny Furphy,,
20250118,MIN,2025,Anthony Edwards,Julius Randle,Jaden McDaniels,Rudy Gobert,Mike Conley,Naz Reid,Rob Dillingham,Nickeil Alexander-Walker,Joe Ingles,,,,,,
20250118,PHI,2025,Tyrese Maxey,Kelly Oubre Jr.,Ricky Council IV,Eric Gordon,Andre Drummond,Jeff Dowtin,Justin Edwards,Adem Bona,Pete Nance,,,,,,
20250118,PHO,2025,Devin Booker,Kevin Durant,Tyus Jones,Ryan Dunn,Mason Plumlee,Nick Richards,Grayson Allen,Royce O'Neale,Monte Morris,Oso Ighodaro,,,,,
20250118,POR,2025,Anfernee Simons,Toumani Camara,Shaedon Sharpe,Jerami Grant,Robert Williams,Scoot Henderson,Kris Murray,Dalano Banton,Jabari Walker,Duop Reath,Rayan Rupert,Bryce McGowens,Justin Minaya,,
20250118,WAS,2025,Jordan Poole,Bilal Coulibaly,Kyle Kuzma,Alex Sarr,Carlton Carrington,Corey Kispert,Kyshawn George,Jonas Valančiūnas,,,,,,,
20250119,BRK,2025,Noah Clowney,Nic Claxton,Cameron Johnson,D'Angelo Russell,Ziaire Williams,Tyrese Martin,Jalen Wilson,Keon Johnson,Tosan Evbuomwan,Day'Ron Sharpe,Reece Beekman,,,,
20250119,CHI,2025,Zach LaVine,Nikola Vučević,Josh Giddey,Coby White,Patrick Williams,Ayo Dosunmu,Dalen Terry,Matas Buzelis,Jalen Smith,Julian Phillips,Talen Horton-Tucker,,,,
20250119,DEN,2025,Jamal Murray,Christian Braun,Nikola Jokić,Michael Porter Jr.,Russell Westbrook,Julian Strawther,Aaron Gordon,DeAndre Jordan,Peyton Watson,Jalen Pickett,PJ Hall,Zeke Nnaji,Hunter Tyson,,
20250119,LAC,2025,James Harden,Norman Powell,Ivica Zubac,Derrick Jones Jr.,Kawhi Leonard,Amir Coffey,Nicolas Batum,Kevin Porter Jr.,Kris Dunn,Mo Bamba,,,,,
20250119,LAL,2025,Anthony Davis,LeBron James,Austin Reaves,Rui Hachimura,Max Christie,Gabe Vincent,Dorian Finney-Smith,Dalton Knecht,Jaxson Hayes,Bronny James,Christian Koloko,,,,
20250119,MIA,2025,Tyler Herro,Duncan Robinson,Jimmy Butler,Bam Adebayo,Haywood Highsmith,Kel'el Ware,Terry Rozier,Nikola Jović,Jaime Jaquez Jr.,Pelle Larsson,Josh Christopher,Keshad Johnson,,,
20250119,MIL,2025,Damian Lillard,Giannis Antetokounmpo,Brook Lopez,Taurean Prince,Andre Jackson Jr.,Khris Middleton,Gary Trent Jr.,Bobby Portis,Ryan Rollins,Chris Livingston,Stanley Umude,,,,
20250119,OKC,2025,Shai Gilgeous-Alexander,Jaylin Williams,Cason Wallace,Isaiah Joe,Luguentz Dort,Aaron Wiggins,Ousmane Dieng,Alex Caruso,Dillon Jones,Branden Carlson,Adam Flagler,Alex Ducas,,,
20250119,ORL,2025,Kentavious Caldwell-Pope,Wendell Carter Jr.,Tristan Da Silva,Paolo Banchero,Cole Anthony,Anthony Black,Trevelin Queen,Caleb Houstan,Jonathan Isaac,Cory Joseph,,,,,
20250119,PHI,2025,Tyrese Maxey,Kelly Oubre Jr.,Eric Gordon,Ricky Council IV,Adem Bona,Justin Edwards,Pete Nance,Jeff Dowtin,,,,,,,
20250119,POR,2025,Scoot Henderson,Deandre Ayton,Deni Avdija,Jerami Grant,Toumani Camara,Shaedon Sharpe,Kris Murray,Jabari Walker,Dalano Banton,,,,,,
20250119,SAC,2025,DeMar DeRozan,De'Aaron Fox,Keegan Murray,Domantas Sabonis,Malik Monk,Trey Lyles,Keon Ellis,Alex Len,Kevin Huerter,Doug McDermott,Jordan McLaughlin,Isaiah Crawford,,,
20250119,SAS,2025,Devin Vassell,Harrison Barnes,Victor Wembanyama,Chris Paul,Stephon Castle,Julian Champagnie,Keldon Johnson,Tre Jones,Charles Bassey,Sandro Mamukelashvili,Zach Collins,Sidy Cissoko,Blake Wesley,Malaki Branham,
20250119,WAS,2025,Kyle Kuzma,Bilal Coulibaly,Jordan Poole,Carlton Carrington,Alex Sarr,Kyshawn George,Corey Kispert,Jonas Valančiūnas,Justin Champagnie,Jared Butler,Johnny Davis,Anthony Gill,Tristan Vukcevic,,
20250120,ATL,2025,Trae Young,Jalen Johnson,Vit Krejci,Dyson Daniels,Onyeka Okongwu,De'Andre Hunter,Clint Capela,Bogdan Bogdanović,Garrison Mathews,,,,,,
20250120,BOS,2025,Jaylen Brown,Jayson Tatum,Jrue Holiday,Derrick White,Kristaps Porziņģis,Payton Pritchard,Sam Hauser,Al Horford,Luke Kornet,Jordan Walsh,Xavier Tillman Sr.,Neemias Queta,Jaden Springer,Baylor Scheierman,
20250120,CHI,2025,Josh Giddey,Zach LaVine,Nikola Vučević,Lonzo Ball,Patrick Williams,Talen Horton-Tucker,Dalen Terry,Jalen Smith,Julian Phillips,Matas Buzelis,,,,,
20250120,CHO,2025,LaMelo Ball,Miles Bridges,Nick Smith Jr.,Mark Williams,Josh Green,Cody Martin,Josh Okogie,Moussa Diabaté,Seth Curry,Vasilije Micić,,,,,
20250120,CLE,2025,Donovan Mitchell,Darius Garland,Jarrett Allen,Max Strus,Dean Wade,Tristan Thompson,Georges Niang,Sam Merrill,Ty Jerome,Jaylon Tyson,Craig Porter Jr.,JT Thor,Emoni Bates,,
20250120,DAL,2025,Kyrie Irving,Daniel Gafford,Spencer Dinwiddie,P.J. Washington,Klay Thompson,Naji Marshall,Olivier-Maxence Prosper,Maxi Kleber,Kessler Edwards,,,,,,
20250120,DET,2025,Cade Cunningham,Tobias Harris,Jalen Duren,Tim Hardaway Jr.,Ausar Thompson,Malik Beasley,Isaiah Stewart,Ron Holland,Marcus Sasser,Simone Fontecchio,,,,,
20250120,GSW,2025,Stephen Curry,Andrew Wiggins,Trayce Jackson-Davis,Dennis Schröder,Gary Payton II,Moses Moody,Gui Santos,Buddy Hield,Lindy Waters III,Kevon Looney,Quinten Post,Pat Spencer,,,
20250120,HOU,2025,Amen Thompson,Fred VanVleet,Jalen Green,Dillon Brooks,Alperen Şengün,Tari Eason,Cam Whitmore,Aaron Holiday,Jock Landale,,,,,,
20250120,LAC,2025,Norman Powell,James Harden,Derrick Jones Jr.,Mo Bamba,Kris Dunn,Amir Coffey,Kevin Porter Jr.,Terance Mann,Nicolas Batum,Kobe Brown,Kai Jones,Jordan Miller,Cam Christie,Trentyn Flowers,
20250120,MEM,2025,Desmond Bane,Jaren Jackson Jr.,Ja Morant,Jaylen Wells,Zach Edey,Luke Kennard,Brandon Clarke,Jake LaRavia,Santi Aldama,Scotty Pippen Jr.,GG Jackson II,Jay Huff,,,
20250120,MIN,2025,Jaden McDaniels,Anthony Edwards,Julius Randle,Mike Conley,Rudy Gobert,Naz Reid,Nickeil Alexander-Walker,Rob Dillingham,Luka Garza,,,,,,
20250120,NOP,2025,Dejounte Murray,Trey Murphy III,CJ McCollum,Daniel Theis,Javonte Green,Jordan Hawkins,Jose Alvarado,Karlo Matković,Jeremiah Robinson-Earl,,,,,,
20250120,NYK,2025,OG Anunoby,Jalen Brunson,Josh Hart,Karl-Anthony Towns,Mikal Bridges,Miles McBride,Precious Achiuwa,Cameron Payne,Landry Shamet,,,,,,
20250120,PHO,2025,Devin Booker,Kevin Durant,Tyus Jones,Nick Richards,Ryan Dunn,Grayson Allen,Bradley Beal,Royce O'Neale,Damion Lee,Monte Morris,Bol Bol,Oso Ighodaro,Mason Plumlee,,
20250120,UTA,2025,Keyonte George,Isaiah Collier,Walker Kessler,Svi Mykhailiuk,Cody Williams,Kyle Filipowski,Brice Sensabaugh,Drew Eubanks,Patty Mills,Elijah Harkless,,,,,
20250121,BRK,2025,Cameron Johnson,Nic Claxton,D'Angelo Russell,Keon Johnson,Noah Clowney,Jalen Wilson,Tyrese Martin,Tosan Evbuomwan,Day'Ron Sharpe,,,,,,
20250121,DEN,2025,Jamal Murray,Nikola Jokić,Christian Braun,Russell Westbrook,Michael Porter Jr.,Julian Strawther,Aaron Gordon,Peyton Watson,DeAndre Jordan,Hunter Tyson,Jalen Pickett,Zeke Nnaji,PJ Hall,,
20250121,LAL,2025,Austin Reaves,LeBron James,Anthony Davis,Max Christie,Rui Hachimura,Gabe Vincent,Dorian Finney-Smith,Jaxson Hayes,Dalton Knecht,Trey Jemison,Bronny James,,,,
20250121,MIA,2025,Kel'el Ware,Duncan Robinson,Jimmy Butler,Bam Adebayo,Terry Rozier,Nikola Jović,Jaime Jaquez Jr.,Pelle Larsson,Alec Burks,Haywood Highsmith,,,,,
20250121,NYK,2025,Karl-Anthony Towns,Josh Hart,Jalen Brunson,OG Anunoby,Mikal Bridges,Miles McBride,Precious Achiuwa,Cameron Payne,Landry Shamet,,,,,,
20250121,ORL,2025,Tristan Da Silva,Kentavious Caldwell-Pope,Anthony Black,Paolo Banchero,Wendell Carter Jr.,Caleb Houstan,Trevelin Queen,Cory Joseph,Jonathan Isaac,,,,,,
20250121,PHI,2025,Tyrese Maxey,Paul George,Kelly Oubre Jr.,Andre Drummond,Eric Gordon,Justin Edwards,Guerschon Yabusele,Ricky Council IV,Adem Bona,Reggie Jackson,Pete Nance,Jeff Dowtin,,,
20250121,POR,2025,Deni Avdija,Anfernee Simons,Jerami Grant,Deandre Ayton,Scoot Henderson,Shaedon Sharpe,Dalano Banton,Robert Williams,Jabari Walker,,,,,,
20250121,TOR,2025,Scottie Barnes,RJ Barrett,Gradey Dick,Davion Mitchell,Jakob Poeltl,Bruce Brown,Kelly Olynyk,Jamal Shead,Ja'Kobe Walter,Chris Boucher,A.J. Lawson,Ulrich Chomche,Jamison Battle,Orlando Robinson,Garrett Temple
20250121,WAS,2025,Jordan Poole,Bilal Coulibaly,Carlton Carrington,Kyle Kuzma,Alex Sarr,Corey Kispert,Kyshawn George,Jonas Valančiūnas,Justin Champagnie,Johnny Davis,Anthony Gill,Tristan Vukcevic,,,
20250122,ATL,2025,Trae Young,Jalen Johnson,Dyson Daniels,Onyeka Okongwu,Vit Krejci,De'Andre Hunter,Clint Capela,Bogdan Bogdanović,Garrison Mathews,,,,,,
20250122,BOS,2025,Jayson Tatum,Derrick White,Jaylen Brown,Luke Kornet,Sam Hauser,Payton Pritchard,Neemias Queta,Jaden Springer,Jordan Walsh,Baylor Scheierman,,,,,
20250122,BRK,2025,Noah Clowney,Jalen Wilson,Tyrese Martin,Keon Johnson,Nic Claxton,Tosan Evbuomwan,Day'Ron Sharpe,Reece Beekman,Dariq Whitehead,,,,,,
20250122,CHO,2025,LaMelo Ball,Miles Bridges,Mark Williams,Nick Smith Jr.,Josh Green,Cody Martin,Vasilije Micić,Moussa Diabaté,Josh Okogie,Isaiah Wong,Seth Curry,,,,
20250122,CLE,2025,Donovan Mitchell,Darius Garland,Jarrett Allen,Dean Wade,Max Strus,Ty Jerome,Sam Merrill,Georges Niang,Tristan Thompson,Jaylon Tyson,,,,,
20250122,DAL,2025,Kyrie Irving,Quentin Grimes,P.J. Washington,Daniel Gafford,Olivier-Maxence Prosper,Spencer Dinwiddie,Maxi Kleber,Kessler Edwards,Brandon Williams,,,,,,
20250122,DET,2025,Tobias Harris,Cade Cunningham,Tim Hardaway Jr.,Jalen Duren,Ausar Thompson,Malik Beasley,Isaiah Stewart,Simone Fontecchio,Marcus Sasser,Ron Holland,Paul Reed,,,,
20250122,GSW,2025,Andrew Wiggins,Stephen Curry,Buddy Hield,Gary Payton II,Kevon Looney,Moses Moody,Trayce Jackson-Davis,Gui Santos,Dennis Schröder,Quinten Post,Lindy Waters III,,,,
20250122,HOU,2025,Fred VanVleet,Amen Thompson,Jalen Green,Dillon Brooks,Alperen Şengün,Cam Whitmore,Tari Eason,Steven Adams,Jae'Sean Tate,,,,,,
20250122,LAC,2025,Terance Mann,Amir Coffey,Derrick Jones Jr.,Kevin Porter Jr.,Mo Bamba,Kobe Brown,Bones Hyland,Jordan Miller,Cam Christie,,,,,,
20250122,MEM,2025,Desmond Bane,Ja Morant,Jaren Jackson Jr.,Jaylen Wells,Zach Edey,Luke Kennard,Brandon Clarke,Santi Aldama,Scotty Pippen Jr.,GG Jackson II,Jay Huff,,,,
20250122,MIN,2025,Jaden McDaniels,Anthony Edwards,Julius Randle,Mike Conley,Rudy Gobert,Nickeil Alexander-Walker,Naz Reid,Rob Dillingham,,,,,,,
20250122,OKC,2025,Shai Gilgeous-Alexander,Jalen Williams,Luguentz Dort,Aaron Wiggins,Jaylin Williams,Cason Wallace,Alex Caruso,Kenrich Williams,Branden Carlson,Ousmane Dieng,Adam Flagler,,,,
20250122,PHO,2025,Devin Booker,Kevin Durant,Tyus Jones,Ryan Dunn,Nick Richards,Grayson Allen,Royce O'Neale,Monte Morris,Mason Plumlee,Oso Ighodaro,Damion Lee,Bol Bol,Collin Gillespie,,
20250122,SAC,2025,DeMar DeRozan,Domantas Sabonis,Malik Monk,De'Aaron Fox,Keegan Murray,Keon Ellis,Trey Lyles,Alex Len,Kevin Huerter,Devin Carter,,,,,
20250122,UTA,2025,Keyonte George,Collin Sexton,Walker Kessler,Lauri Markkanen,John Collins,Isaiah Collier,Elijah Harkless,Drew Eubanks,Svi Mykhailiuk,Kyle Filipowski,,,,,
20250123,ATL,2025,Trae Young,Dyson Daniels,Onyeka Okongwu,Vit Krejci,Jalen Johnson,Bogdan Bogdanović,De'Andre Hunter,Dominick Barlow,Garrison Mathews,David Roddy,,,,,
20250123,BOS,2025,Jaylen Brown,Jayson Tatum,Kristaps Porziņģis,Jrue Holiday,Derrick White,Payton Pritchard,Al Horford,Sam Hauser,Luke Kornet,Jaden Springer,Neemias Queta,Jordan Walsh,Baylor Scheierman,,
20250123,CHI,2025,Josh Giddey,Zach LaVine,Nikola Vučević,Patrick Williams,Lonzo Ball,Ayo Dosunmu,Jalen Smith,Julian Phillips,Dalen Terry,Matas Buzelis,Talen Horton-Tucker,Jevon Carter,,,
20250123,DAL,2025,P.J. Washington,Kyrie Irving,Spencer Dinwiddie,Daniel Gafford,Kessler Edwards,Quentin Grimes,Olivier-Maxence Prosper,Maxi Kleber,Brandon Williams,Markieff Morris,,,,,
20250123,DEN,2025,Jamal Murray,Nikola Jokić,Michael Porter Jr.,Russell Westbrook,Christian Braun,Peyton Watson,Julian Strawther,Aaron Gordon,DeAndre Jordan,,,,,,
20250123,GSW,2025,Stephen Curry,Andrew Wiggins,Buddy Hield,Gary Payton II,Trayce Jackson-Davis,Gui Santos,Moses Moody,Brandin Podziemski,Dennis Schröder,Quinten Post,Kevon Looney,Lindy Waters III,Pat Spencer,,
20250123,IND,2025,Tyrese Haliburton,Pascal Siakam,Andrew Nembhard,Myles Turner,Bennedict Mathurin,Obi Toppin,Aaron Nesmith,Ben Sheppard,T.J. McConnell,Thomas Bryant,Jarace Walker,Johnny Furphy,RayJ Dennis,,
20250123,LAC,2025,James Harden,Norman Powell,Ivica Zubac,Derrick Jones Jr.,Kawhi Leonard,Amir Coffey,Terance Mann,Mo Bamba,Kevin Porter Jr.,Nicolas Batum,Kobe Brown,Cam Christie,Kai Jones,,
20250123,LAL,2025,Austin Reaves,Anthony Davis,LeBron James,Max Christie,Rui Hachimura,Gabe Vincent,Dorian Finney-Smith,Jaxson Hayes,Dalton Knecht,Christian Koloko,Bronny James,Shake Milton,Cam Reddish,,
20250123,MIA,2025,Kel'el Ware,Tyler Herro,Bam Adebayo,Duncan Robinson,Pelle Larsson,Terry Rozier,Jaime Jaquez Jr.,Nikola Jović,Haywood Highsmith,Keshad Johnson,Josh Christopher,,,,
20250123,MIL,2025,Damian Lillard,Brook Lopez,Giannis Antetokounmpo,Taurean Prince,Andre Jackson Jr.,Gary Trent Jr.,Bobby Portis,Pat Connaughton,Ryan Rollins,Tyler Smith,Stanley Umude,MarJon Beauchamp,AJ Johnson,Chris Livingston,
20250123,OKC,2025,Jalen Williams,Shai Gilgeous-Alexander,Cason Wallace,Jaylin Williams,Luguentz Dort,Aaron Wiggins,Alex Caruso,Kenrich Williams,Dillon Jones,Branden Carlson,,,,,
20250123,ORL,2025,Kentavious Caldwell-Pope,Paolo Banchero,Anthony Black,Franz Wagner,Wendell Carter Jr.,Tristan Da Silva,Jonathan Isaac,Jett Howard,Cory Joseph,Caleb Houstan,Trevelin Queen,,,,
20250123,POR,2025,Toumani Camara,Jerami Grant,Anfernee Simons,Deni Avdija,Robert Williams,Shaedon Sharpe,Jabari Walker,Scoot Henderson,Dalano Banton,Kris Murray,Duop Reath,Bryce McGowens,Justin Minaya,Rayan Rupert,
20250123,SAC,2025,De'Aaron Fox,Domantas Sabonis,DeMar DeRozan,Malik Monk,Keegan Murray,Trey Lyles,Keon Ellis,Doug McDermott,Kevin Huerter,Devin Carter,,,,,
20250123,SAS,2025,Victor Wembanyama,Devin Vassell,Harrison Barnes,Chris Paul,Stephon Castle,Keldon Johnson,Tre Jones,Jeremy Sochan,Julian Champagnie,Sandro Mamukelashvili,Malaki Branham,Sidy Cissoko,Zach Collins,Blake Wesley,
20250123,TOR,2025,Scottie Barnes,RJ Barrett,Gradey Dick,Davion Mitchell,Jakob Poeltl,Bruce Brown,Chris Boucher,Jamal Shead,Kelly Olynyk,Ja'Kobe Walter,,,,,
20250123,WAS,2025,Jordan Poole,Bilal Coulibaly,Carlton Carrington,Alex Sarr,Kyle Kuzma,Kyshawn George,Corey Kispert,Jonas Valančiūnas,Justin Champagnie,Johnny Davis,Anthony Gill,Tristan Vukcevic,,,
20250124,CHO,2025,Nick Smith Jr.,Josh Green,Vasilije Micić,Mark Williams,Cody Martin,Josh Okogie,Moussa Diabaté,KJ Simpson,DaQuan Jeffries,Isaiah Wong,,,,,
20250124,CLE,2025,Jarrett Allen,Donovan Mitchell,Darius Garland,Max Strus,Dean Wade,Ty Jerome,Sam Merrill,Georges Niang,Jaylon Tyson,Tristan Thompson,,,,,
20250124,MEM,2025,Desmond Bane,Jaren Jackson Jr.,Jaylen Wells,Luke Kennard,Zach Edey,Scotty Pippen Jr.,John Konchar,GG Jackson II,Brandon Clarke,Jay Huff,,,,,
20250124,NOP,2025,CJ McCollum,Trey Murphy III,Dejounte Murray,Yves Missi,Jeremiah Robinson-Earl,Jordan Hawkins,Javonte Green,Jose Alvarado,Daniel Theis,Jamal Cain,Karlo Matković,,,,
20250124,PHI,2025,Tyrese Maxey,Kelly Oubre Jr.,Eric Gordon,Paul George,Guerschon Yabusele,Justin Edwards,Jeff Dowtin,Adem Bona,,,,,,,
20250124,POR,2025,Anfernee Simons,Toumani Camara,Jerami Grant,Deni Avdija,Donovan Clingan,Shaedon Sharpe,Scoot Henderson,Dalano Banton,Jabari Walker,,,,,,
20250125,ATL,2025,Trae Young,Vit Krejci,Dyson Daniels,Onyeka Okongwu,Larry Nance Jr.,Bogdan Bogdanović,Garrison Mathews,Clint Capela,Daeqwon Plowden,David Roddy,Dominick Barlow,,,,
20250125,BOS,2025,Derrick White,Jayson Tatum,Jaylen Brown,Jrue Holiday,Kristaps Porziņģis,Payton Pritchard,Al Horford,Luke Kornet,Sam Hauser,Jaden Springer,Jordan Walsh,,,,
20250125,BRK,2025,Keon Johnson,Jalen Wilson,Noah Clowney,D'Angelo Russell,Nic Claxton,Tyrese Martin,Tosan Evbuomwan,Ziaire Williams,Day'Ron Sharpe,,,,,,
20250125,CHI,2025,Josh Giddey,Zach LaVine,Nikola Vučević,Patrick Williams,Lonzo Ball,Ayo Dosunmu,Jalen Smith,Matas Buzelis,Dalen Terry,Talen Horton-Tucker,Julian Phillips,,,,
20250125,CHO,2025,LaMelo Ball,Miles Bridges,Josh Green,Nick Smith Jr.,Taj Gibson,Moussa Diabaté,DaQuan Jeffries,Vasilije Micić,Josh Okogie,Seth Curry,Isaiah Wong,,,,
20250125,CLE,2025,Donovan Mitchell,Darius Garland,Max Strus,Evan Mobley,Jarrett Allen,Georges Niang,Ty Jerome,Sam Merrill,Craig Porter Jr.,Tristan Thompson,,,,,
20250125,DAL,2025,Kyrie Irving,P.J. Washington,Daniel Gafford,Klay Thompson,Spencer Dinwiddie,Quentin Grimes,Jaden Hardy,Kessler Edwards,Maxi Kleber,Olivier-Maxence Prosper,Jazian Gortman,Brandon Williams,,,
20250125,DEN,2025,Jamal Murray,Nikola Jokić,Michael Porter Jr.,Russell Westbrook,Christian Braun,Aaron Gordon,Peyton Watson,Julian Strawther,DeAndre Jordan,PJ Hall,Zeke Nnaji,Jalen Pickett,Hunter Tyson,,
20250125,DET,2025,Cade Cunningham,Tim Hardaway Jr.,Jalen Duren,Ausar Thompson,Tobias Harris,Malik Beasley,Simone Fontecchio,Isaiah Stewart,Ron Holland,Marcus Sasser,,,,,
20250125,GSW,2025,Andrew Wiggins,Stephen Curry,Buddy Hield,Gary Payton II,Trayce Jackson-Davis,Brandin Podziemski,Quinten Post,Dennis Schröder,Moses Moody,Gui Santos,Kevon Looney,Lindy Waters III,,,
20250125,HOU,2025,Amen Thompson,Fred VanVleet,Jalen Green,Alperen Şengün,Dillon Brooks,Tari Eason,Steven Adams,Jae'Sean Tate,Cam Whitmore,,,,,,
20250125,IND,2025,Myles Turner,Andrew Nembhard,Pascal Siakam,Tyrese Haliburton,Bennedict Mathurin,Aaron Nesmith,Ben Sheppard,T.J. McConnell,Obi Toppin,Thomas Bryant,Jarace Walker,Johnny Furphy,RayJ Dennis,,
20250125,LAC,2025,Norman Powell,James Harden,Ivica Zubac,Derrick Jones Jr.,Kawhi Leonard,Amir Coffey,Kevin Porter Jr.,Nicolas Batum,Terance Mann,Kobe Brown,,,,,
20250125,LAL,2025,Austin Reaves,Anthony Davis,LeBron James,Max Christie,Dorian Finney-Smith,Gabe Vincent,Dalton Knecht,Jarred Vanderbilt,Jaxson Hayes,,,,,,
20250125,MEM,2025,Jaren Jackson Jr.,Desmond Bane,Jaylen Wells,Zach Edey,Ja Morant,GG Jackson II,Luke Kennard,Scotty Pippen Jr.,Brandon Clarke,John Konchar,Jay Huff,,,,
20250125,MIA,2025,Bam Adebayo,Tyler Herro,Duncan Robinson,Kel'el Ware,Haywood Highsmith,Nikola Jović,Terry Rozier,Jaime Jaquez Jr.,Pelle Larsson,,,,,,
20250125,MIL,2025,Brook Lopez,Damian Lillard,Taurean Prince,Giannis Antetokounmpo,Andre Jackson Jr.,Gary Trent Jr.,Khris Middleton,Ryan Rollins,Pat Connaughton,Tyler Smith,MarJon Beauchamp,Stanley Umude,,,
20250125,MIN,2025,Anthony Edwards,Julius Randle,Jaden McDaniels,Rudy Gobert,Mike Conley,Naz Reid,Nickeil Alexander-Walker,Rob Dillingham,Josh Minott,Jaylen Clark,Luka Garza,Leonard Miller,,,
20250125,NOP,2025,Jordan Hawkins,Trey Murphy III,Zion Williamson,CJ McCollum,Yves Missi,Jose Alvarado,Javonte Green,Antonio Reeves,Jeremiah Robinson-Earl,Daniel Theis,Karlo Matković,,,,
20250125,NYK,2025,Josh Hart,Jalen Brunson,OG Anunoby,Mikal Bridges,Karl-Anthony Towns,Precious Achiuwa,Miles McBride,Landry Shamet,Cameron Payne,Jacob Toppin,Tyler Kolek,Jericho Sims,Matt Ryan,,
20250125,ORL,2025,Paolo Banchero,Kentavious Caldwell-Pope,Wendell Carter Jr.,Franz Wagner,Jalen Suggs,Tristan Da Silva,Jonathan Isaac,Anthony Black,Cole Anthony,,,,,,
20250125,PHI,2025,Tyrese Maxey,Kelly Oubre Jr.,Guerschon Yabusele,Eric Gordon,Paul George,Justin Edwards,Adem Bona,Reggie Jackson,Kyle Lowry,Ricky Council IV,,,,,
20250125,PHO,2025,Devin Booker,Kevin Durant,Nick Richards,Tyus Jones,Ryan Dunn,Bradley Beal,Grayson Allen,Royce O'Neale,Mason Plumlee,,,,,,
20250125,SAC,2025,Keegan Murray,DeMar DeRozan,Domantas Sabonis,De'Aaron Fox,Malik Monk,Keon Ellis,Trey Lyles,Kevin Huerter,Doug McDermott,Devin Carter,Alex Len,Jordan McLaughlin,,,
20250125,SAS,2025,Victor Wembanyama,Devin Vassell,Stephon Castle,Chris Paul,Harrison Barnes,Tre Jones,Jeremy Sochan,Sandro Mamukelashvili,Julian Champagnie,Keldon Johnson,Malaki Branham,Zach Collins,Charles Bassey,Blake Wesley,Sidy Cissoko
20250125,TOR,2025,Scottie Barnes,RJ Barrett,Jakob Poeltl,Davion Mitchell,Gradey Dick,Bruce Brown,Jamal Shead,Chris Boucher,Orlando Robinson,Ja'Kobe Walter,Garrett Temple,,,,
20250125,UTA,2025,Isaiah Collier,Lauri Markkanen,Collin Sexton,Walker Kessler,Svi Mykhailiuk,Keyonte George,Elijah Harkless,Kyle Filipowski,Brice Sensabaugh,Drew Eubanks,,,,,
20250125,WAS,2025,Jordan Poole,Bilal Coulibaly,Kyle Kuzma,Kyshawn George,Alex Sarr,Carlton Carrington,Corey Kispert,Jonas Valančiūnas,Justin Champagnie,,,,,,
20250126,OKC,2025,Shai Gilgeous-Alexander,Jalen Williams,Isaiah Hartenstein,Cason Wallace,Aaron Wiggins,Isaiah Joe,Alex Caruso,Jaylin Williams,Kenrich Williams,Ousmane Dieng,,,,,
20250126,POR,2025,Deni Avdija,Anfernee Simons,Toumani Camara,Jerami Grant,Donovan Clingan,Scoot Henderson,Robert Williams,Shaedon Sharpe,Dalano Banton,Kris Murray,,,,,
20250127,ATL,2025,Keaton Wallace,Vit Krejci,Onyeka Okongwu,Zaccharie Risacher,David Roddy,De'Andre Hunter,Garrison Mathews,Clint Capela,Mouhamed Gueye,Dominick Barlow,,,,,
20250127,BOS,2025,Jayson Tatum,Jaylen Brown,Luke Kornet,Jrue Holiday,Kristaps Porziņģis,Payton Pritchard,Neemias Queta,Jaden Springer,Xavier Tillman Sr.,Jordan Walsh,Drew Peterson,,,,
20250127,BRK,2025,Jalen Wilson,D'Angelo Russell,Nic Claxton,Keon Johnson,Noah Clowney,Tosan Evbuomwan,Tyrese Martin,Day'Ron Sharpe,Ziaire Williams,Reece Beekman,,,,,
20250127,CHI,2025,Zach LaVine,Ayo Dosunmu,Nikola Vučević,Josh Giddey,Lonzo Ball,Patrick Williams,Matas Buzelis,Jalen Smith,Dalen Terry,Julian Phillips,Talen Horton-Tucker,,,,
20250127,CHO,2025,Miles Bridges,Mark Williams,Josh Green,Nick Smith Jr.,LaMelo Ball,Vasilije Micić,Josh Okogie,DaQuan Jeffries,Seth Curry,Moussa Diabaté,Isaiah Wong,Taj Gibson,,,
20250127,CLE,2025,Darius Garland,Donovan Mitchell,Jarrett Allen,Evan Mobley,Max Strus,Ty Jerome,Sam Merrill,Georges Niang,Jaylon Tyson,Craig Porter Jr.,Emoni Bates,Tristan Thompson,,,
20250127,DAL,2025,Kyrie Irving,Spencer Dinwiddie,P.J. Washington,Daniel Gafford,Klay Thompson,Quentin Grimes,Olivier-Maxence Prosper,Kessler Edwards,Jaden Hardy,Markieff Morris,Kylor Kelley,Brandon Williams,,,
20250127,DEN,2025,Jamal Murray,Nikola Jokić,Russell Westbrook,Christian Braun,Michael Porter Jr.,Peyton Watson,Aaron Gordon,Julian Strawther,,,,,,,
20250127,DET,2025,Cade Cunningham,Tim Hardaway Jr.,Jalen Duren,Tobias Harris,Ausar Thompson,Malik Beasley,Simone Fontecchio,Marcus Sasser,Isaiah Stewart,Ron Holland,Wendell Moore Jr.,Paul Reed,,,
20250127,HOU,2025,Amen Thompson,Dillon Brooks,Fred VanVleet,Alperen Şengün,Jalen Green,Tari Eason,Aaron Holiday,Steven Adams,Jae'Sean Tate,,,,,,
20250127,LAC,2025,Norman Powell,James Harden,Ivica Zubac,Derrick Jones Jr.,Kawhi Leonard,Amir Coffey,Kevin Porter Jr.,Nicolas Batum,Terance Mann,Mo Bamba,,,,,
20250127,LAL,2025,Max Christie,Austin Reaves,Anthony Davis,LeBron James,Dorian Finney-Smith,Dalton Knecht,Jaxson Hayes,Jarred Vanderbilt,Shake Milton,,,,,,
20250127,MEM,2025,Jaren Jackson Jr.,Desmond Bane,Ja Morant,Zach Edey,Jaylen Wells,Santi Aldama,Luke Kennard,Scotty Pippen Jr.,Brandon Clarke,GG Jackson II,Jake LaRavia,Jay Huff,John Konchar,,
20250127,MIA,2025,Tyler Herro,Duncan Robinson,Bam Adebayo,Kel'el Ware,Haywood Highsmith,Nikola Jović,Terry Rozier,Pelle Larsson,Kevin Love,,,,,,
20250127,MIL,2025,Damian Lillard,Giannis Antetokounmpo,Brook Lopez,Taurean Prince,Andre Jackson Jr.,Gary Trent Jr.,Khris Middleton,Ryan Rollins,Pat Connaughton,,,,,,
20250127,MIN,2025,Rudy Gobert,Anthony Edwards,Jaden McDaniels,Julius Randle,Mike Conley,Naz Reid,Nickeil Alexander-Walker,Rob Dillingham,Josh Minott,,,,,,
20250127,NOP,2025,Trey Murphy III,CJ McCollum,Dejounte Murray,Zion Williamson,Yves Missi,Javonte Green,Jordan Hawkins,Jose Alvarado,Daniel Theis,,,,,,
20250127,NYK,2025,Mikal Bridges,OG Anunoby,Karl-Anthony Towns,Josh Hart,Jalen Brunson,Miles McBride,Precious Achiuwa,Cameron Payne,Landry Shamet,Tyler Kolek,Jericho Sims,Jacob Toppin,Matt Ryan,Ariel Hukporti,
20250127,ORL,2025,Paolo Banchero,Anthony Black,Franz Wagner,Kentavious Caldwell-Pope,Wendell Carter Jr.,Tristan Da Silva,Goga Bitadze,Jonathan Isaac,Cole Anthony,,,,,,
20250127,PHO,2025,Kevin Durant,Devin Booker,Tyus Jones,Royce O'Neale,Nick Richards,Bradley Beal,Grayson Allen,Mason Plumlee,,,,,,,
20250127,SAC,2025,Domantas Sabonis,DeMar DeRozan,De'Aaron Fox,Malik Monk,Keegan Murray,Keon Ellis,Trey Lyles,Devin Carter,Doug McDermott,Alex Len,,,,,
20250127,TOR,2025,Scottie Barnes,RJ Barrett,Jakob Poeltl,Davion Mitchell,Gradey Dick,Bruce Brown,Jamal Shead,Chris Boucher,Ochai Agbaji,Orlando Robinson,,,,,
20250127,UTA,2025,Lauri Markkanen,Isaiah Collier,Collin Sexton,Micah Potter,Drew Eubanks,Keyonte George,Kyle Filipowski,Jordan Clarkson,Brice Sensabaugh,Elijah Harkless,,,,,
20250127,WAS,2025,Bilal Coulibaly,Jordan Poole,Kyshawn George,Kyle Kuzma,Alex Sarr,Corey Kispert,Carlton Carrington,Jonas Valančiūnas,Justin Champagnie,Richaun Holmes,Patrick Baldwin Jr.,Tristan Vukcevic,Johnny Davis,Anthony Gill,
20250128,ATL,2025,Dyson Daniels,Vit Krejci,Trae Young,Onyeka Okongwu,Mouhamed Gueye,De'Andre Hunter,Keaton Wallace,Larry Nance Jr.,Garrison Mathews,,,,,,
20250128,GSW,2025,Dennis Schröder,Andrew Wiggins,Moses Moody,Buddy Hield,Trayce Jackson-Davis,Brandin Podziemski,Kevon Looney,Gui Santos,Quinten Post,Kyle Anderson,Gary Payton II,,,,
20250128,HOU,2025,Fred VanVleet,Jalen Green,Dillon Brooks,Amen Thompson,Alperen Şengün,Jae'Sean Tate,Cam Whitmore,Aaron Holiday,Jock Landale,,,,,,
20250128,LAL,2025,Austin Reaves,LeBron James,Rui Hachimura,Max Christie,Anthony Davis,Dalton Knecht,Dorian Finney-Smith,Jaxson Hayes,Cam Reddish,Christian Koloko,Bronny James,Shake Milton,,,
20250128,MIL,2025,Damian Lillard,Giannis Antetokounmpo,Brook Lopez,Andre Jackson Jr.,Taurean Prince,Gary Trent Jr.,Khris Middleton,Ryan Rollins,Pat Connaughton,MarJon Beauchamp,Stanley Umude,Chris Livingston,,,
20250128,PHI,2025,Kelly Oubre Jr.,Tyrese Maxey,Eric Gordon,Justin Edwards,Guerschon Yabusele,Adem Bona,Ricky Council IV,Kyle Lowry,Reggie Jackson,Pete Nance,Jeff Dowtin,,,,
20250128,POR,2025,Toumani Camara,Anfernee Simons,Deni Avdija,Deandre Ayton,Jerami Grant,Shaedon Sharpe,Scoot Henderson,Donovan Clingan,Bryce McGowens,Kris Murray,Duop Reath,Rayan Rupert,Jabari Walker,,
20250128,UTA,2025,Collin Sexton,Isaiah Collier,Micah Potter,Brice Sensabaugh,Drew Eubanks,Keyonte George,Svi Mykhailiuk,Kyle Filipowski,Patty Mills,Elijah Harkless,,,,,
20250129,BOS,2025,Derrick White,Jaylen Brown,Kristaps Porziņģis,Jayson Tatum,Jrue Holiday,Payton Pritchard,Jaden Springer,Luke Kornet,Drew Peterson,Neemias Queta,Jordan Walsh,,,,
20250129,BRK,2025,Jalen Wilson,Ziaire Williams,Keon Johnson,Nic Claxton,D'Angelo Russell,Tosan Evbuomwan,Ben Simmons,Trendon Watford,Reece Beekman,Day'Ron Sharpe,,,,,
20250129,CHI,2025,Ayo Dosunmu,Coby White,Josh Giddey,Nikola Vučević,Lonzo Ball,Patrick Williams,Jalen Smith,Matas Buzelis,Dalen Terry,Julian Phillips,Jevon Carter,Talen Horton-Tucker,,,
20250129,CHO,2025,Miles Bridges,Vasilije Micić,Nick Smith Jr.,Josh Okogie,Taj Gibson,Moussa Diabaté,KJ Simpson,DaQuan Jeffries,Isaiah Wong,Seth Curry,,,,,
20250129,CLE,2025,Max Strus,Evan Mobley,Donovan Mitchell,Jaylon Tyson,Jarrett Allen,Ty Jerome,Georges Niang,Craig Porter Jr.,Tristan Thompson,Emoni Bates,,,,,
20250129,DAL,2025,Kyrie Irving,P.J. Washington,Daniel Gafford,Klay Thompson,Spencer Dinwiddie,Quentin Grimes,Kessler Edwards,Naji Marshall,Olivier-Maxence Prosper,Jaden Hardy,,,,,
20250129,DEN,2025,Russell Westbrook,Jamal Murray,Nikola Jokić,Aaron Gordon,Michael Porter Jr.,Christian Braun,Peyton Watson,Julian Strawther,DeAndre Jordan,,,,,,
20250129,DET,2025,Cade Cunningham,Tobias Harris,Jalen Duren,Tim Hardaway Jr.,Ausar Thompson,Malik Beasley,Simone Fontecchio,Marcus Sasser,Ron Holland,Paul Reed,Isaiah Stewart,Bobi Klintman,Wendell Moore Jr.,,
20250129,GSW,2025,Andrew Wiggins,Stephen Curry,Gary Payton II,Buddy Hield,Quinten Post,Dennis Schröder,Kevon Looney,Gui Santos,Brandin Podziemski,Moses Moody,Kyle Anderson,,,,
20250129,IND,2025,Ben Sheppard,Tyrese Haliburton,Aaron Nesmith,Pascal Siakam,Myles Turner,T.J. McConnell,Jarace Walker,Thomas Bryant,Obi Toppin,Johnny Furphy,RayJ Dennis,James Johnson,,,
20250129,LAC,2025,Norman Powell,James Harden,Ivica Zubac,Derrick Jones Jr.,Kawhi Leonard,Amir Coffey,Kevin Porter Jr.,Nicolas Batum,Terance Mann,Kobe Brown,Jordan Miller,,,,
20250129,MIA,2025,Bam Adebayo,Tyler Herro,Duncan Robinson,Kel'el Ware,Haywood Highsmith,Terry Rozier,Nikola Jović,Pelle Larsson,Jaime Jaquez Jr.,Josh Christopher,,,,,
20250129,MIN,2025,Anthony Edwards,Jaden McDaniels,Julius Randle,Rudy Gobert,Mike Conley,Nickeil Alexander-Walker,Rob Dillingham,Jaylen Clark,Luka Garza,,,,,,
20250129,NOP,2025,Trey Murphy III,CJ McCollum,Dejounte Murray,Yves Missi,Zion Williamson,Brandon Boston Jr.,Javonte Green,Daniel Theis,Jose Alvarado,,,,,,
20250129,NYK,2025,OG Anunoby,Mikal Bridges,Jalen Brunson,Josh Hart,Karl-Anthony Towns,Precious Achiuwa,Miles McBride,Cameron Payne,Landry Shamet,,,,,,
20250129,OKC,2025,Shai Gilgeous-Alexander,Luguentz Dort,Jalen Williams,Isaiah Hartenstein,Cason Wallace,Isaiah Joe,Jaylin Williams,Aaron Wiggins,Kenrich Williams,Ousmane Dieng,,,,,
20250129,PHI,2025,Tyrese Maxey,Kelly Oubre Jr.,Guerschon Yabusele,Justin Edwards,Eric Gordon,Ricky Council IV,Kyle Lowry,Adem Bona,Reggie Jackson,,,,,,
20250129,PHO,2025,Devin Booker,Kevin Durant,Royce O'Neale,Nick Richards,Tyus Jones,Grayson Allen,Bradley Beal,Mason Plumlee,Ryan Dunn,,,,,,
20250129,SAC,2025,Malik Monk,Domantas Sabonis,DeMar DeRozan,Keegan Murray,De'Aaron Fox,Keon Ellis,Trey Lyles,Kevin Huerter,Alex Len,Devin Carter,,,,,
20250129,SAS,2025,Victor Wembanyama,Stephon Castle,Devin Vassell,Harrison Barnes,Chris Paul,Jeremy Sochan,Keldon Johnson,Julian Champagnie,Tre Jones,Sandro Mamukelashvili,,,,,
20250129,TOR,2025,Scottie Barnes,RJ Barrett,Davion Mitchell,Jakob Poeltl,Ochai Agbaji,Ja'Kobe Walter,Orlando Robinson,Jamal Shead,Bruce Brown,Chris Boucher,Garrett Temple,,,,
20250129,WAS,2025,Kyle Kuzma,Jordan Poole,Bilal Coulibaly,Jonas Valančiūnas,Kyshawn George,Corey Kispert,Carlton Carrington,Richaun Holmes,Justin Champagnie,Tristan Vukcevic,Johnny Davis,Anthony Gill,Patrick Baldwin Jr.,,
20250130,ATL,2025,Trae Young,Dyson Daniels,Onyeka Okongwu,Zaccharie Risacher,Mouhamed Gueye,De'Andre Hunter,Vit Krejci,Garrison Mathews,Keaton Wallace,Larry Nance Jr.,Dominick Barlow,David Roddy,,,
20250130,CLE,2025,Jarrett Allen,Darius Garland,Donovan Mitchell,Evan Mobley,Max Strus,Ty Jerome,Sam Merrill,Georges Niang,Jaylon Tyson,Craig Porter Jr.,Emoni Bates,Tristan Thompson,JT Thor,,
20250130,HOU,2025,Jalen Green,Amen Thompson,Fred VanVleet,Dillon Brooks,Steven Adams,Tari Eason,Cam Whitmore,Jock Landale,Jae'Sean Tate,,,,,,
20250130,LAL,2025,Austin Reaves,Max Christie,LeBron James,Rui Hachimura,Jaxson Hayes,Shake Milton,Dalton Knecht,Trey Jemison,Jarred Vanderbilt,Bronny James,Christian Koloko,,,,
20250130,MEM,2025,Desmond Bane,Luke Kennard,Jaren Jackson Jr.,Jaylen Wells,Zach Edey,Brandon Clarke,Santi Aldama,Scotty Pippen Jr.,Jake LaRavia,GG Jackson II,,,,,
20250130,MIN,2025,Anthony Edwards,Rudy Gobert,Nickeil Alexander-Walker,Jaden McDaniels,Julius Randle,Naz Reid,Rob Dillingham,Jaylen Clark,Luka Garza,Josh Minott,Leonard Miller,Joe Ingles,,,
20250130,ORL,2025,Paolo Banchero,Franz Wagner,Kentavious Caldwell-Pope,Anthony Black,Goga Bitadze,Wendell Carter Jr.,Cole Anthony,Tristan Da Silva,Jonathan Isaac,Gary Harris,Trevelin Queen,Caleb Houstan,Jett Howard,,
20250130,POR,2025,Toumani Camara,Deandre Ayton,Scoot Henderson,Deni Avdija,Anfernee Simons,Shaedon Sharpe,Jabari Walker,Dalano Banton,Donovan Clingan,Kris Murray,Rayan Rupert,Duop Reath,Bryce McGowens,,
20250130,UTA,2025,Lauri Markkanen,Isaiah Collier,Collin Sexton,John Collins,Walker Kessler,Keyonte George,Jordan Clarkson,Brice Sensabaugh,Kyle Filipowski,Drew Eubanks,,,,,
20250130,WAS,2025,Kyshawn George,Bilal Coulibaly,Jordan Poole,Kyle Kuzma,Jonas Valančiūnas,Carlton Carrington,Corey Kispert,Jared Butler,Justin Champagnie,Richaun Holmes,Tristan Vukcevic,Johnny Davis,Patrick Baldwin Jr.,Anthony Gill,
20250131,BOS,2025,Jayson Tatum,Jaylen Brown,Derrick White,Kristaps Porziņģis,Jrue Holiday,Al Horford,Payton Pritchard,Luke Kornet,Sam Hauser,,,,,,
20250131,CHI,2025,Ayo Dosunmu,Coby White,Nikola Vučević,Josh Giddey,Lonzo Ball,Patrick Williams,Matas Buzelis,Jalen Smith,Dalen Terry,,,,,,
20250131,CHO,2025,Miles Bridges,Josh Green,Vasilije Micić,Nick Smith Jr.,Taj Gibson,Moussa Diabaté,KJ Simpson,Josh Okogie,Seth Curry,DaQuan Jeffries,,,,,
20250131,DAL,2025,Kyrie Irving,P.J. Washington,Daniel Gafford,Klay Thompson,Spencer Dinwiddie,Naji Marshall,Dante Exum,Olivier-Maxence Prosper,Quentin Grimes,Kessler Edwards,Kylor Kelley,Jaden Hardy,,,
20250131,DEN,2025,Jamal Murray,Nikola Jokić,Aaron Gordon,Michael Porter Jr.,Russell Westbrook,Christian Braun,Peyton Watson,Julian Strawther,,,,,,,
20250131,DET,2025,Cade Cunningham,Tobias Harris,Jalen Duren,Tim Hardaway Jr.,Ausar Thompson,Malik Beasley,Marcus Sasser,Paul Reed,Simone Fontecchio,Ron Holland,Bobi Klintman,Wendell Moore Jr.,,,
20250131,GSW,2025,Andrew Wiggins,Stephen Curry,Buddy Hield,Quinten Post,Gary Payton II,Moses Moody,Brandin Podziemski,Dennis Schröder,Gui Santos,Kevon Looney,Kyle Anderson,Trayce Jackson-Davis,Lindy Waters III,,
20250131,LAC,2025,James Harden,Norman Powell,Derrick Jones Jr.,Ivica Zubac,Kawhi Leonard,Amir Coffey,Terance Mann,Kevin Porter Jr.,Kobe Brown,,,,,,
20250131,MIL,2025,Damian Lillard,Giannis Antetokounmpo,Taurean Prince,Brook Lopez,Andre Jackson Jr.,Gary Trent Jr.,Khris Middleton,A.J. Green,Pat Connaughton,Ryan Rollins,Chris Livingston,Stanley Umude,MarJon Beauchamp,,
20250131,NOP,2025,Trey Murphy III,CJ McCollum,Yves Missi,Javonte Green,Dejounte Murray,Jose Alvarado,Brandon Boston Jr.,Karlo Matković,Jeremiah Robinson-Earl,Jamal Cain,,,,,
20250131,PHI,2025,Kelly Oubre Jr.,Tyrese Maxey,Guerschon Yabusele,Justin Edwards,Eric Gordon,Kyle Lowry,Reggie Jackson,Ricky Council IV,Adem Bona,,,,,,
20250131,PHO,2025,Devin Booker,Kevin Durant,Tyus Jones,Nick Richards,Ryan Dunn,Bradley Beal,Royce O'Neale,Grayson Allen,Mason Plumlee,Bol Bol,Oso Ighodaro,Damion Lee,Monte Morris,Collin Gillespie,
20250131,SAS,2025,Victor Wembanyama,Stephon Castle,Devin Vassell,Chris Paul,Harrison Barnes,Keldon Johnson,Jeremy Sochan,Julian Champagnie,Tre Jones,Sandro Mamukelashvili,Malaki Branham,Zach Collins,Blake Wesley,Sidy Cissoko,
20250131,TOR,2025,Jakob Poeltl,Scottie Barnes,RJ Barrett,Gradey Dick,Immanuel Quickley,Davion Mitchell,Ochai Agbaji,Ja'Kobe Walter,Bruce Brown,Orlando Robinson,Garrett Temple,,,,
20250201,ATL,2025,Trae Young,Dyson Daniels,Onyeka Okongwu,Zaccharie Risacher,Dominick Barlow,De'Andre Hunter,Garrison Mathews,Larry Nance Jr.,Vit Krejci,Keaton Wallace,,,,,
20250201,BRK,2025,Ziaire Williams,Keon Johnson,Jalen Wilson,Nic Claxton,D'Angelo Russell,Tosan Evbuomwan,Ben Simmons,Day'Ron Sharpe,Trendon Watford,,,,,,
20250201,CHO,2025,Miles Bridges,Nick Smith Jr.,Mark Williams,Josh Green,Vasilije Micić,KJ Simpson,Seth Curry,Moussa Diabaté,DaQuan Jeffries,Isaiah Wong,,,,,
20250201,DEN,2025,Michael Porter Jr.,Christian Braun,Nikola Jokić,Jamal Murray,Aaron Gordon,Julian Strawther,Zeke Nnaji,Jalen Pickett,,,,,,,
20250201,HOU,2025,Amen Thompson,Jalen Green,Dillon Brooks,Steven Adams,Fred VanVleet,Tari Eason,Reed Sheppard,Cam Whitmore,Aaron Holiday,Jeff Green,Jock Landale,Jae'Sean Tate,,,
20250201,IND,2025,Tyrese Haliburton,Myles Turner,Pascal Siakam,Andrew Nembhard,Bennedict Mathurin,Aaron Nesmith,Ben Sheppard,Obi Toppin,Thomas Bryant,T.J. McConnell,,,,,
20250201,LAL,2025,Rui Hachimura,LeBron James,Max Christie,Austin Reaves,Jaxson Hayes,Dorian Finney-Smith,Gabe Vincent,Jarred Vanderbilt,Dalton Knecht,Bronny James,Trey Jemison,Christian Koloko,,,
20250201,MIA,2025,Bam Adebayo,Tyler Herro,Kel'el Ware,Duncan Robinson,Haywood Highsmith,Terry Rozier,Nikola Jović,Jaime Jaquez Jr.,Pelle Larsson,,,,,,
20250201,MIN,2025,Nickeil Alexander-Walker,Jaden McDaniels,Rudy Gobert,Mike Conley,Naz Reid,Jaylen Clark,Joe Ingles,Rob Dillingham,Luka Garza,,,,,,
20250201,NYK,2025,Jalen Brunson,Josh Hart,Karl-Anthony Towns,Mikal Bridges,OG Anunoby,Precious Achiuwa,Miles McBride,Landry Shamet,Cameron Payne,Ariel Hukporti,Tyler Kolek,Matt Ryan,Jericho Sims,Jacob Toppin,
20250201,OKC,2025,Aaron Wiggins,Luguentz Dort,Shai Gilgeous-Alexander,Isaiah Hartenstein,Cason Wallace,Ousmane Dieng,Isaiah Joe,Kenrich Williams,Jaylin Williams,Alex Ducas,Adam Flagler,,,,
20250201,ORL,2025,Franz Wagner,Paolo Banchero,Anthony Black,Tristan Da Silva,Goga Bitadze,Cole Anthony,Wendell Carter Jr.,Jett Howard,Gary Harris,Jonathan Isaac,,,,,
20250201,PHO,2025,Devin Booker,Kevin Durant,Nick Richards,Tyus Jones,Ryan Dunn,Bradley Beal,Grayson Allen,Mason Plumlee,Royce O'Neale,Damion Lee,Monte Morris,Bol Bol,Oso Ighodaro,Collin Gillespie,
20250201,POR,2025,Toumani Camara,Jerami Grant,Deandre Ayton,Anfernee Simons,Deni Avdija,Shaedon Sharpe,Scoot Henderson,Kris Murray,Donovan Clingan,Bryce McGowens,Duop Reath,Rayan Rupert,Jabari Walker,,
20250201,SAC,2025,Domantas Sabonis,DeMar DeRozan,De'Aaron Fox,Malik Monk,Keegan Murray,Keon Ellis,Isaac Jones,Trey Lyles,Devin Carter,Kevin Huerter,Mason Jones,Jordan McLaughlin,Doug McDermott,,
20250201,SAS,2025,Devin Vassell,Chris Paul,Harrison Barnes,Charles Bassey,Stephon Castle,Keldon Johnson,Jeremy Sochan,Julian Champagnie,Tre Jones,Sandro Mamukelashvili,Zach Collins,,,,
20250201,UTA,2025,Walker Kessler,John Collins,Lauri Markkanen,Collin Sexton,Isaiah Collier,Keyonte George,Jordan Clarkson,Brice Sensabaugh,Kyle Filipowski,Micah Potter,,,,,
20250201,WAS,2025,Bilal Coulibaly,Jordan Poole,Kyle Kuzma,Jonas Valančiūnas,Kyshawn George,Corey Kispert,Malcolm Brogdon,Richaun Holmes,Carlton Carrington,,,,,,
20250202,BOS,2025,Jayson Tatum,Jaylen Brown,Jrue Holiday,Derrick White,Kristaps Porziņģis,Sam Hauser,Luke Kornet,Al Horford,Jaden Springer,,,,,,
20250202,CHI,2025,Nikola Vučević,Josh Giddey,Coby White,Ayo Dosunmu,Lonzo Ball,Matas Buzelis,Patrick Williams,Jevon Carter,Dalen Terry,Julian Phillips,Chris Duarte,,,,
20250202,CLE,2025,Evan Mobley,Donovan Mitchell,Darius Garland,Jarrett Allen,Max Strus,Ty Jerome,Caris LeVert,Sam Merrill,Georges Niang,Jaylon Tyson,Tristan Thompson,,,,
20250202,DAL,2025,Kylor Kelley,Olivier-Maxence Prosper,Spencer Dinwiddie,Dante Exum,Klay Thompson,Jaden Hardy,Quentin Grimes,Naji Marshall,Kessler Edwards,Brandon Williams,,,,,
20250202,DET,2025,Tobias Harris,Cade Cunningham,Jalen Duren,Tim Hardaway Jr.,Ausar Thompson,Malik Beasley,Simone Fontecchio,Isaiah Stewart,Ron Holland,Marcus Sasser,,,,,
20250202,LAC,2025,Ivica Zubac,James Harden,Derrick Jones Jr.,Kawhi Leonard,Amir Coffey,Nicolas Batum,Terance Mann,Kevin Porter Jr.,,,,,,,
20250202,MEM,2025,Jaren Jackson Jr.,Jaylen Wells,Luke Kennard,Desmond Bane,Zach Edey,Santi Aldama,Scotty Pippen Jr.,Brandon Clarke,GG Jackson II,Jake LaRavia,,,,,
20250202,MIL,2025,Damian Lillard,Giannis Antetokounmpo,Brook Lopez,Taurean Prince,Andre Jackson Jr.,A.J. Green,Khris Middleton,Gary Trent Jr.,Ryan Rollins,Pat Connaughton,,,,,
20250202,PHI,2025,Justin Edwards,Kelly Oubre Jr.,Tyrese Maxey,Guerschon Yabusele,Ricky Council IV,Kyle Lowry,Reggie Jackson,Adem Bona,,,,,,,
20250202,TOR,2025,Scottie Barnes,RJ Barrett,Gradey Dick,Jakob Poeltl,Immanuel Quickley,Ja'Kobe Walter,Ochai Agbaji,Bruce Brown,Kelly Olynyk,Chris Boucher,,,,,
20250203,ATL,2025,Dyson Daniels,Trae Young,De'Andre Hunter,Onyeka Okongwu,Zaccharie Risacher,Vit Krejci,Larry Nance Jr.,Keaton Wallace,Garrison Mathews,Dominick Barlow,,,,,
20250203,CHO,2025,Nick Smith Jr.,Josh Green,Miles Bridges,Mark Williams,Vasilije Micić,KJ Simpson,Moussa Diabaté,DaQuan Jeffries,Seth Curry,Isaiah Wong,,,,,
20250203,DEN,2025,Christian Braun,Michael Porter Jr.,Nikola Jokić,Jamal Murray,Zeke Nnaji,Julian Strawther,Jalen Pickett,DeAndre Jordan,Hunter Tyson,,,,,,
20250203,DET,2025,Cade Cunningham,Tobias Harris,Jalen Duren,Tim Hardaway Jr.,Ausar Thompson,Malik Beasley,Isaiah Stewart,Simone Fontecchio,Ron Holland,Marcus Sasser,,,,,
20250203,GSW,2025,Andrew Wiggins,Stephen Curry,Draymond Green,Quinten Post,Buddy Hield,Moses Moody,Brandin Podziemski,Kevon Looney,Dennis Schröder,Gary Payton II,Gui Santos,,,,
20250203,HOU,2025,Dillon Brooks,Amen Thompson,Jalen Green,Tari Eason,Jae'Sean Tate,Steven Adams,Cam Whitmore,Aaron Holiday,Reed Sheppard,,,,,,
20250203,IND,2025,Tyrese Haliburton,Pascal Siakam,Andrew Nembhard,Thomas Bryant,Bennedict Mathurin,Aaron Nesmith,Obi Toppin,Jarace Walker,Ben Sheppard,T.J. McConnell,,,,,
20250203,MEM,2025,Jaren Jackson Jr.,Ja Morant,Zach Edey,Luke Kennard,Jaylen Wells,GG Jackson II,Jake LaRavia,Scotty Pippen Jr.,Santi Aldama,John Konchar,Yuki Kawamura,,,,
20250203,MIL,2025,Chris Livingston,Andre Jackson Jr.,A.J. Green,Ryan Rollins,Taurean Prince,AJ Johnson,Tyler Smith,Delon Wright,Pat Connaughton,Gary Trent Jr.,MarJon Beauchamp,,,,
20250203,MIN,2025,Naz Reid,Rudy Gobert,Anthony Edwards,Jaden McDaniels,Mike Conley,Nickeil Alexander-Walker,Jaylen Clark,Rob Dillingham,Luka Garza,,,,,,
20250203,NOP,2025,Trey Murphy III,CJ McCollum,Yves Missi,Javonte Green,Zion Williamson,Karlo Matković,Jose Alvarado,Jordan Hawkins,Jeremiah Robinson-Earl,Antonio Reeves,,,,,
20250203,NYK,2025,Josh Hart,Mikal Bridges,Karl-Anthony Towns,Jalen Brunson,Precious Achiuwa,Miles McBride,Cameron Payne,Ariel Hukporti,Landry Shamet,,,,,,
20250203,OKC,2025,Aaron Wiggins,Shai Gilgeous-Alexander,Kenrich Williams,Luguentz Dort,Isaiah Hartenstein,Ousmane Dieng,Jaylin Williams,Dillon Jones,Isaiah Joe,Alex Ducas,Adam Flagler,,,,
20250203,ORL,2025,Paolo Banchero,Franz Wagner,Kentavious Caldwell-Pope,Goga Bitadze,Anthony Black,Cole Anthony,Wendell Carter Jr.,Gary Harris,Tristan Da Silva,Jonathan Isaac,Jett Howard,,,,
20250203,PHO,2025,Devin Booker,Kevin Durant,Nick Richards,Tyus Jones,Ryan Dunn,Bradley Beal,Grayson Allen,Royce O'Neale,Mason Plumlee,,,,,,
20250203,POR,2025,Toumani Camara,Deni Avdija,Deandre Ayton,Anfernee Simons,Jerami Grant,Scoot Henderson,Shaedon Sharpe,Donovan Clingan,,,,,,,
20250203,SAC,2025,Malik Monk,Keegan Murray,DeMar DeRozan,Domantas Sabonis,Keon Ellis,Trey Lyles,Isaac Jones,Devin Carter,Doug McDermott,,,,,,
20250203,SAS,2025,Devin Vassell,Victor Wembanyama,Chris Paul,Stephon Castle,Harrison Barnes,Keldon Johnson,Jeremy Sochan,Julian Champagnie,Charles Bassey,Blake Wesley,Sandro Mamukelashvili,David Duke Jr.,Harrison Ingram,Malaki Branham,
20250203,UTA,2025,Walker Kessler,Lauri Markkanen,Isaiah Collier,John Collins,Collin Sexton,Jordan Clarkson,Keyonte George,Brice Sensabaugh,Kyle Filipowski,Micah Potter,,,,,
20250203,WAS,2025,Bilal Coulibaly,Jordan Poole,Kyle Kuzma,Jonas Valančiūnas,Kyshawn George,Corey Kispert,Malcolm Brogdon,Richaun Holmes,Justin Champagnie,Carlton Carrington,,,,,
20250204,BOS,2025,Derrick White,Jayson Tatum,Kristaps Porziņģis,Jaylen Brown,Jrue Holiday,Payton Pritchard,Al Horford,Sam Hauser,Luke Kornet,,,,,,
20250204,BRK,2025,Ziaire Williams,Keon Johnson,Nic Claxton,D'Angelo Russell,Jalen Wilson,Tosan Evbuomwan,Reece Beekman,Tyrese Martin,Day'Ron Sharpe,Trendon Watford,,,,,
20250204,CHI,2025,Nikola Vučević,Coby White,Josh Giddey,Ayo Dosunmu,Lonzo Ball,Matas Buzelis,Patrick Williams,Jalen Smith,Julian Phillips,Jevon Carter,,,,,
20250204,CLE,2025,Donovan Mitchell,Darius Garland,Jarrett Allen,Max Strus,Evan Mobley,Georges Niang,Sam Merrill,Caris LeVert,Ty Jerome,,,,,,
20250204,DAL,2025,Kyrie Irving,Daniel Gafford,Klay Thompson,Kessler Edwards,Dante Exum,Max Christie,Naji Marshall,Spencer Dinwiddie,Olivier-Maxence Prosper,Kylor Kelley,,,,,
20250204,HOU,2025,Amen Thompson,Dillon Brooks,Alperen Şengün,Jalen Green,Aaron Holiday,Reed Sheppard,Cam Whitmore,Jae'Sean Tate,Steven Adams,,,,,,
20250204,IND,2025,Pascal Siakam,Myles Turner,Bennedict Mathurin,Andrew Nembhard,Tyrese Haliburton,Ben Sheppard,T.J. McConnell,Aaron Nesmith,Thomas Bryant,Obi Toppin,Jarace Walker,Enrique Freeman,Johnny Furphy,James Johnson,
20250204,LAC,2025,Norman Powell,James Harden,Ivica Zubac,Kawhi Leonard,Derrick Jones Jr.,Amir Coffey,Kris Dunn,Nicolas Batum,Kevin Porter Jr.,Terance Mann,Bones Hyland,Drew Eubanks,Kobe Brown,Patty Mills,
20250204,LAL,2025,Rui Hachimura,LeBron James,Austin Reaves,Dorian Finney-Smith,Jaxson Hayes,Gabe Vincent,Dalton Knecht,Shake Milton,Jarred Vanderbilt,Bronny James,Armel Traoré,Trey Jemison,,,
20250204,MIA,2025,Tyler Herro,Bam Adebayo,Kel'el Ware,Haywood Highsmith,Duncan Robinson,Nikola Jović,Terry Rozier,Jaime Jaquez Jr.,Alec Burks,,,,,,
20250204,NYK,2025,Mikal Bridges,Karl-Anthony Towns,Josh Hart,Precious Achiuwa,Jalen Brunson,Miles McBride,Ariel Hukporti,Cameron Payne,,,,,,,
20250204,PHI,2025,Kelly Oubre Jr.,Tyrese Maxey,Justin Edwards,Joel Embiid,Guerschon Yabusele,Ricky Council IV,Reggie Jackson,Adem Bona,Jeff Dowtin,,,,,,
20250204,POR,2025,Toumani Camara,Anfernee Simons,Jerami Grant,Deni Avdija,Deandre Ayton,Scoot Henderson,Shaedon Sharpe,Robert Williams,Kris Murray,Duop Reath,Dalano Banton,Rayan Rupert,Jabari Walker,,
20250204,TOR,2025,Scottie Barnes,Gradey Dick,Ja'Kobe Walter,Immanuel Quickley,Jakob Poeltl,Jonathan Mogbo,Jamal Shead,Ochai Agbaji,Kelly Olynyk,Bruce Brown,Orlando Robinson,,,,
20250205,ATL,2025,Trae Young,De'Andre Hunter,Dyson Daniels,Onyeka Okongwu,Zaccharie Risacher,Vit Krejci,Larry Nance Jr.,Keaton Wallace,Dominick Barlow,Garrison Mathews,,,,,
20250205,BRK,2025,Keon Johnson,Cameron Johnson,Nic Claxton,Ziaire Williams,D'Angelo Russell,Jalen Wilson,Tosan Evbuomwan,Tyrese Martin,Ben Simmons,Day'Ron Sharpe,Reece Beekman,,,,
20250205,CHI,2025,Ayo Dosunmu,Josh Giddey,Coby White,Nikola Vučević,Matas Buzelis,Patrick Williams,Jevon Carter,Julian Phillips,Jalen Smith,,,,,,
20250205,CHO,2025,Nick Smith Jr.,KJ Simpson,Miles Bridges,Mark Williams,Josh Green,DaQuan Jeffries,Moussa Diabaté,Tidjane Salaün,Isaiah Wong,Seth Curry,,,,,
20250205,CLE,2025,Evan Mobley,Jarrett Allen,Darius Garland,Max Strus,Caris LeVert,Sam Merrill,Georges Niang,Ty Jerome,Craig Porter Jr.,Jaylon Tyson,,,,,
20250205,DEN,2025,Michael Porter Jr.,Nikola Jokić,Jamal Murray,Aaron Gordon,Christian Braun,Julian Strawther,Jalen Pickett,DeAndre Jordan,Hunter Tyson,Zeke Nnaji,Spencer Jones,Trey Alexander,PJ Hall,,
20250205,DET,2025,Cade Cunningham,Tim Hardaway Jr.,Ausar Thompson,Tobias Harris,Jalen Duren,Malik Beasley,Ron Holland,Isaiah Stewart,Marcus Sasser,Simone Fontecchio,Paul Reed,,,,
20250205,GSW,2025,Brandin Podziemski,Stephen Curry,Draymond Green,Buddy Hield,Quinten Post,Kevon Looney,Pat Spencer,Jackson Rowe,Gary Payton II,Gui Santos,,,,,
20250205,MEM,2025,Jaren Jackson Jr.,Ja Morant,Zach Edey,Luke Kennard,Jaylen Wells,GG Jackson II,Brandon Clarke,Santi Aldama,Marcus Smart,Scotty Pippen Jr.,Vince Williams Jr.,Jake LaRavia,Jay Huff,Yuki Kawamura,John Konchar
20250205,MIA,2025,Tyler Herro,Bam Adebayo,Haywood Highsmith,Duncan Robinson,Kel'el Ware,Nikola Jović,Terry Rozier,Pelle Larsson,Jaime Jaquez Jr.,Kevin Love,,,,,
20250205,MIL,2025,Bobby Portis,Damian Lillard,Brook Lopez,Taurean Prince,Andre Jackson Jr.,A.J. Green,Pat Connaughton,Gary Trent Jr.,Ryan Rollins,Tyler Smith,MarJon Beauchamp,Chris Livingston,,,
20250205,MIN,2025,Jaden McDaniels,Anthony Edwards,Naz Reid,Rudy Gobert,Mike Conley,Nickeil Alexander-Walker,Jaylen Clark,Rob Dillingham,Luka Garza,,,,,,
20250205,NOP,2025,Trey Murphy III,Yves Missi,Karlo Matković,CJ McCollum,Zion Williamson,Jordan Hawkins,Javonte Green,Jamal Cain,Antonio Reeves,Jeremiah Robinson-Earl,Keion Brooks Jr.,,,,
20250205,OKC,2025,Shai Gilgeous-Alexander,Luguentz Dort,Jalen Williams,Isaiah Hartenstein,Aaron Wiggins,Jaylin Williams,Isaiah Joe,Alex Caruso,Kenrich Williams,Ousmane Dieng,Dillon Jones,Alex Ducas,Adam Flagler,,
20250205,ORL,2025,Paolo Banchero,Franz Wagner,Cole Anthony,Goga Bitadze,Kentavious Caldwell-Pope,Jonathan Isaac,Wendell Carter Jr.,Tristan Da Silva,Anthony Black,Gary Harris,Trevelin Queen,Caleb Houstan,Jett Howard,Cory Joseph,
20250205,PHI,2025,Kelly Oubre Jr.,Tyrese Maxey,Paul George,Guerschon Yabusele,Justin Edwards,Eric Gordon,Adem Bona,Kyle Lowry,Reggie Jackson,Ricky Council IV,,,,,
20250205,PHO,2025,Devin Booker,Grayson Allen,Tyus Jones,Royce O'Neale,Nick Richards,Bradley Beal,Mason Plumlee,Ryan Dunn,Collin Gillespie,Oso Ighodaro,Damion Lee,Bol Bol,Jalen Bridges,,
20250205,SAC,2025,DeMar DeRozan,Domantas Sabonis,Zach LaVine,Keegan Murray,Malik Monk,Keon Ellis,Trey Lyles,Isaac Jones,Devin Carter,Mason Jones,Colby Jones,Isaiah Crawford,Alex Len,,
20250205,SAS,2025,De'Aaron Fox,Devin Vassell,Victor Wembanyama,Chris Paul,Harrison Barnes,Jeremy Sochan,Julian Champagnie,Stephon Castle,Keldon Johnson,,,,,,
20250205,TOR,2025,Scottie Barnes,Gradey Dick,Jamal Shead,Ja'Kobe Walter,Kelly Olynyk,Ochai Agbaji,Jonathan Mogbo,Bruce Brown,Davion Mitchell,Jamison Battle,Orlando Robinson,,,,
20250205,UTA,2025,Walker Kessler,Isaiah Collier,Jordan Clarkson,John Collins,Svi Mykhailiuk,Keyonte George,Micah Potter,Kyle Filipowski,Brice Sensabaugh,Johnny Juzang,,,,,
20250205,WAS,2025,Carlton Carrington,Bilal Coulibaly,Kyshawn George,Jordan Poole,Richaun Holmes,Corey Kispert,Tristan Vukcevic,Justin Champagnie,Malcolm Brogdon,Johnny Davis,Anthony Gill,,,,
20250206,BOS,2025,Jaylen Brown,Jayson Tatum,Kristaps Porziņģis,Derrick White,Al Horford,Payton Pritchard,Luke Kornet,Sam Hauser,Neemias Queta,Drew Peterson,Jordan Walsh,,,,
20250206,DAL,2025,Kyrie Irving,Daniel Gafford,Klay Thompson,Dante Exum,Kessler Edwards,Spencer Dinwiddie,Max Christie,Naji Marshall,Olivier-Maxence Prosper,,,,,,
20250206,DEN,2025,Christian Braun,Nikola Jokić,Julian Strawther,Michael Porter Jr.,Aaron Gordon,Jalen Pickett,Zeke Nnaji,DeAndre Jordan,Hunter Tyson,Trey Alexander,PJ Hall,Spencer Jones,,,
20250206,GSW,2025,Stephen Curry,Buddy Hield,Brandin Podziemski,Draymond Green,Quinten Post,Moses Moody,Pat Spencer,Jackson Rowe,Kevon Looney,Gary Payton II,Trayce Jackson-Davis,,,,
20250206,HOU,2025,Jalen Green,Amen Thompson,Dillon Brooks,Alperen Şengün,Tari Eason,Cam Whitmore,Reed Sheppard,Jock Landale,Jae'Sean Tate,,,,,,
20250206,IND,2025,Pascal Siakam,Tyrese Haliburton,Andrew Nembhard,Bennedict Mathurin,Myles Turner,Thomas Bryant,Obi Toppin,Aaron Nesmith,Ben Sheppard,T.J. McConnell,,,,,
20250206,LAC,2025,James Harden,Norman Powell,Ivica Zubac,Kawhi Leonard,Derrick Jones Jr.,Amir Coffey,Kris Dunn,Drew Eubanks,Nicolas Batum,,,,,,
20250206,LAL,2025,Rui Hachimura,LeBron James,Austin Reaves,Dorian Finney-Smith,Jaxson Hayes,Gabe Vincent,Jarred Vanderbilt,Shake Milton,Christian Koloko,,,,,,
20250206,MIN,2025,Anthony Edwards,Naz Reid,Rudy Gobert,Jaden McDaniels,Mike Conley,Nickeil Alexander-Walker,Jaylen Clark,Rob Dillingham,Terrence Shannon Jr.,Luka Garza,,,,,
20250206,ORL,2025,Paolo Banchero,Franz Wagner,Kentavious Caldwell-Pope,Cole Anthony,Goga Bitadze,Anthony Black,Wendell Carter Jr.,Tristan Da Silva,Jett Howard,Jonathan Isaac,Trevelin Queen,Caleb Houstan,,,
20250206,POR,2025,Jerami Grant,Toumani Camara,Anfernee Simons,Deandre Ayton,Deni Avdija,Shaedon Sharpe,Scoot Henderson,Donovan Clingan,Dalano Banton,Kris Murray,,,,,
20250206,SAC,2025,Malik Monk,DeMar DeRozan,Zach LaVine,Keegan Murray,Domantas Sabonis,Keon Ellis,Jonas Valančiūnas,Trey Lyles,Devin Carter,,,,,,
20250207,ATL,2025,Dyson Daniels,Trae Young,Onyeka Okongwu,Zaccharie Risacher,Dominick Barlow,Vit Krejci,Mouhamed Gueye,Larry Nance Jr.,Keaton Wallace,Garrison Mathews,,,,,
20250207,BRK,2025,Ziaire Williams,Nic Claxton,Cameron Johnson,D'Angelo Russell,Keon Johnson,Trendon Watford,Tyrese Martin,Tosan Evbuomwan,Day'Ron Sharpe,Jalen Wilson,,,,,
20250207,CHO,2025,LaMelo Ball,Miles Bridges,Nick Smith Jr.,Moussa Diabaté,DaQuan Jeffries,Seth Curry,KJ Simpson,Tidjane Salaün,Taj Gibson,,,,,,
20250207,CLE,2025,Donovan Mitchell,Evan Mobley,Darius Garland,Max Strus,Jarrett Allen,Ty Jerome,Craig Porter Jr.,Jaylon Tyson,Tristan Thompson,Emoni Bates,,,,,
20250207,DET,2025,Malik Beasley,Tobias Harris,Tim Hardaway Jr.,Ausar Thompson,Jalen Duren,Marcus Sasser,Isaiah Stewart,Simone Fontecchio,Ron Holland,Paul Reed,,,,,
20250207,MIA,2025,Tyler Herro,Bam Adebayo,Duncan Robinson,Kel'el Ware,Haywood Highsmith,Nikola Jović,Terry Rozier,Jaime Jaquez Jr.,Pelle Larsson,,,,,,
20250207,MIL,2025,Bobby Portis,Damian Lillard,Brook Lopez,Taurean Prince,Andre Jackson Jr.,Gary Trent Jr.,Kyle Kuzma,A.J. Green,Ryan Rollins,,,,,,
20250207,OKC,2025,Jalen Williams,Aaron Wiggins,Shai Gilgeous-Alexander,Isaiah Hartenstein,Chet Holmgren,Isaiah Joe,Alex Caruso,Jaylin Williams,Kenrich Williams,Dillon Jones,Alex Ducas,Branden Carlson,Adam Flagler,,
20250207,PHI,2025,Tyrese Maxey,Kelly Oubre Jr.,Paul George,Joel Embiid,Justin Edwards,Quentin Grimes,Kyle Lowry,Adem Bona,Eric Gordon,Andre Drummond,Ricky Council IV,Chuma Okeke,,,
20250207,PHO,2025,Devin Booker,Tyus Jones,Grayson Allen,Royce O'Neale,Nick Richards,Mason Plumlee,Bol Bol,Monte Morris,Ryan Dunn,Damion Lee,,,,,
20250207,SAS,2025,Devin Vassell,Victor Wembanyama,De'Aaron Fox,Chris Paul,Harrison Barnes,Stephon Castle,Jeremy Sochan,Julian Champagnie,Keldon Johnson,,,,,,
20250207,TOR,2025,Scottie Barnes,Ochai Agbaji,Jonathan Mogbo,Gradey Dick,Immanuel Quickley,Ja'Kobe Walter,Jamal Shead,Orlando Robinson,Chris Boucher,Jamison Battle,,,,,
20250207,UTA,2025,Lauri Markkanen,John Collins,Walker Kessler,Isaiah Collier,Svi Mykhailiuk,Keyonte George,Johnny Juzang,Kyle Filipowski,Brice Sensabaugh,Micah Potter,,,,,
20250207,WAS,2025,Bilal Coulibaly,Jordan Poole,Carlton Carrington,Kyshawn George,Richaun Holmes,Corey Kispert,Tristan Vukcevic,AJ Johnson,Anthony Gill,,,,,,
20250208,ATL,2025,Dyson Daniels,Trae Young,Onyeka Okongwu,Georges Niang,Zaccharie Risacher,Vit Krejci,Terance Mann,Larry Nance Jr.,Caris LeVert,,,,,,
20250208,BOS,2025,Jayson Tatum,Jaylen Brown,Al Horford,Luke Kornet,Derrick White,Payton Pritchard,Neemias Queta,Sam Hauser,Xavier Tillman Sr.,Jordan Walsh,Baylor Scheierman,,,,
20250208,CHI,2025,Coby White,Josh Giddey,Ayo Dosunmu,Matas Buzelis,Nikola Vučević,Patrick Williams,Kevin Huerter,Jalen Smith,Tre Jones,Dalen Terry,Julian Phillips,Jevon Carter,,,
20250208,DAL,2025,Kyrie Irving,Anthony Davis,Daniel Gafford,Klay Thompson,P.J. Washington,Max Christie,Naji Marshall,Spencer Dinwiddie,Dante Exum,,,,,,
20250208,DEN,2025,Julian Strawther,Jamal Murray,Christian Braun,Nikola Jokić,Aaron Gordon,Zeke Nnaji,Jalen Pickett,DeAndre Jordan,Hunter Tyson,Trey Alexander,PJ Hall,Spencer Jones,,,
20250208,GSW,2025,Stephen Curry,Draymond Green,Jimmy Butler,Buddy Hield,Quinten Post,Brandin Podziemski,Moses Moody,Gui Santos,Kevon Looney,Gary Payton II,Trayce Jackson-Davis,Jackson Rowe,Pat Spencer,,
20250208,HOU,2025,Jalen Green,Alperen Şengün,Amen Thompson,Dillon Brooks,Tari Eason,Steven Adams,Cam Whitmore,Reed Sheppard,Jae'Sean Tate,Aaron Holiday,,,,,
20250208,IND,2025,Tyrese Haliburton,Pascal Siakam,Bennedict Mathurin,Thomas Bryant,Andrew Nembhard,Ben Sheppard,Obi Toppin,Aaron Nesmith,Jarace Walker,T.J. McConnell,,,,,
20250208,LAC,2025,James Harden,Norman Powell,Ivica Zubac,Kawhi Leonard,Derrick Jones Jr.,Amir Coffey,Kris Dunn,Kobe Brown,Drew Eubanks,Nicolas Batum,MarJon Beauchamp,Jordan Miller,Patty Mills,,
20250208,LAL,2025,Austin Reaves,Dorian Finney-Smith,Rui Hachimura,Jaxson Hayes,Gabe Vincent,Jordan Goodwin,Jarred Vanderbilt,Shake Milton,Trey Jemison,Markieff Morris,,,,,
20250208,MEM,2025,Desmond Bane,Ja Morant,Jaren Jackson Jr.,Zach Edey,Jaylen Wells,Santi Aldama,Brandon Clarke,GG Jackson II,Luke Kennard,Vince Williams Jr.,Scotty Pippen Jr.,,,,
20250208,MIN,2025,Naz Reid,Nickeil Alexander-Walker,Jaden McDaniels,Rudy Gobert,Rob Dillingham,Jaylen Clark,Joe Ingles,Terrence Shannon Jr.,Luka Garza,,,,,,
20250208,NOP,2025,Trey Murphy III,CJ McCollum,Yves Missi,Jose Alvarado,Zion Williamson,Jordan Hawkins,Karlo Matković,Javonte Green,Brandon Boston Jr.,Antonio Reeves,,,,,
20250208,NYK,2025,Josh Hart,Jalen Brunson,Mikal Bridges,Precious Achiuwa,Karl-Anthony Towns,Miles McBride,Cameron Payne,Ariel Hukporti,Landry Shamet,Delon Wright,,,,,
20250208,OKC,2025,Aaron Wiggins,Jalen Williams,Shai Gilgeous-Alexander,Isaiah Hartenstein,Alex Caruso,Isaiah Joe,Kenrich Williams,Jaylin Williams,Dillon Jones,,,,,,
20250208,ORL,2025,Franz Wagner,Paolo Banchero,Kentavious Caldwell-Pope,Goga Bitadze,Cole Anthony,Anthony Black,Jonathan Isaac,Tristan Da Silva,Gary Harris,Wendell Carter Jr.,,,,,
20250208,PHO,2025,Devin Booker,Royce O'Neale,Tyus Jones,Nick Richards,Ryan Dunn,Bol Bol,TyTy Washington Jr.,Damion Lee,Mason Plumlee,Monte Morris,Collin Gillespie,Oso Ighodaro,,,
20250208,POR,2025,Jerami Grant,Anfernee Simons,Toumani Camara,Deandre Ayton,Deni Avdija,Shaedon Sharpe,Scoot Henderson,Kris Murray,Robert Williams,Donovan Clingan,,,,,
20250208,SAC,2025,Zach LaVine,Keegan Murray,Domantas Sabonis,Malik Monk,DeMar DeRozan,Keon Ellis,Jonas Valančiūnas,Jake LaRavia,Trey Lyles,,,,,,
20250208,SAS,2025,Harrison Barnes,De'Aaron Fox,Devin Vassell,Victor Wembanyama,Chris Paul,Stephon Castle,Jeremy Sochan,Keldon Johnson,Julian Champagnie,,,,,,
20250208,UTA,2025,Jordan Clarkson,Isaiah Collier,Kyle Filipowski,Svi Mykhailiuk,Micah Potter,Keyonte George,Johnny Juzang,Cody Williams,Brice Sensabaugh,Oscar Tshiebwe,,,,,
20250208,WAS,2025,Carlton Carrington,Bilal Coulibaly,Jordan Poole,Richaun Holmes,Justin Champagnie,Corey Kispert,Malcolm Brogdon,Tristan Vukcevic,AJ Johnson,Jaylen Martin,,,,,
20250209,CHO,2025,Seth Curry,Miles Bridges,KJ Simpson,DaQuan Jeffries,Moussa Diabaté,Tidjane Salaün,Isaiah Wong,Elfrid Payton,Taj Gibson,,,,,,
20250209,DET,2025,Cade Cunningham,Tobias Harris,Jalen Duren,Tim Hardaway Jr.,Ausar Thompson,Malik Beasley,Isaiah Stewart,Dennis Schröder,Simone Fontecchio,Ron Holland,,,,,
20250209,HOU,2025,Amen Thompson,Dillon Brooks,Jalen Green,Aaron Holiday,Alperen Şengün,Cam Whitmore,Jock Landale,Jeff Green,Jae'Sean Tate,Reed Sheppard,,,,,
20250209,MIL,2025,Damian Lillard,Kyle Kuzma,Taurean Prince,Brook Lopez,Andre Jackson Jr.,Gary Trent Jr.,Bobby Portis,A.J. Green,Ryan Rollins,,,,,,
20250209,PHI,2025,Tyrese Maxey,Kelly Oubre Jr.,Joel Embiid,Paul George,Justin Edwards,Quentin Grimes,Guerschon Yabusele,Jared Butler,Eric Gordon,Kyle Lowry,,,,,
20250209,TOR,2025,Scottie Barnes,Ochai Agbaji,Jonathan Mogbo,Immanuel Quickley,Gradey Dick,Ja'Kobe Walter,Jamal Shead,Chris Boucher,Orlando Robinson,Jamison Battle,,,,,
20250210,ATL,2025,Trae Young,Dyson Daniels,Onyeka Okongwu,Zaccharie Risacher,Mouhamed Gueye,Caris LeVert,Georges Niang,Larry Nance Jr.,Vit Krejci,Terance Mann,,,,,
20250210,BOS,2025,Derrick White,Jayson Tatum,Al Horford,Kristaps Porziņģis,Sam Hauser,Payton Pritchard,Luke Kornet,Baylor Scheierman,Neemias Queta,,,,,,
20250210,BRK,2025,Keon Johnson,Cameron Johnson,Nic Claxton,D'Angelo Russell,Ziaire Williams,Jalen Wilson,Tosan Evbuomwan,Tyrese Martin,Trendon Watford,Day'Ron Sharpe,Reece Beekman,,,,
20250210,CHO,2025,Nick Smith Jr.,Miles Bridges,Josh Green,Moussa Diabaté,LaMelo Ball,KJ Simpson,Tidjane Salaün,DaQuan Jeffries,Taj Gibson,Seth Curry,,,,,
20250210,CLE,2025,Donovan Mitchell,Evan Mobley,Darius Garland,Jarrett Allen,De'Andre Hunter,Sam Merrill,Ty Jerome,Craig Porter Jr.,Jaylon Tyson,Luke Travers,Emoni Bates,Tristan Thompson,,,
20250210,DAL,2025,Kyrie Irving,Klay Thompson,Kessler Edwards,Dante Exum,Daniel Gafford,Max Christie,Spencer Dinwiddie,Olivier-Maxence Prosper,Naji Marshall,Jaden Hardy,Kylor Kelley,,,,
20250210,DEN,2025,Christian Braun,Julian Strawther,Nikola Jokić,Jamal Murray,Aaron Gordon,Jalen Pickett,Zeke Nnaji,DeAndre Jordan,Hunter Tyson,Trey Alexander,PJ Hall,Spencer Jones,,,
20250210,GSW,2025,Stephen Curry,Moses Moody,Draymond Green,Jimmy Butler,Buddy Hield,Brandin Podziemski,Quinten Post,Kevon Looney,Gary Payton II,Gui Santos,Jackson Rowe,Trayce Jackson-Davis,Pat Spencer,,
20250210,LAL,2025,Austin Reaves,Rui Hachimura,LeBron James,Luka Dončić,Jaxson Hayes,Dorian Finney-Smith,Jordan Goodwin,Gabe Vincent,Jarred Vanderbilt,Shake Milton,Trey Jemison,Markieff Morris,,,
20250210,MIA,2025,Bam Adebayo,Andrew Wiggins,Kel'el Ware,Alec Burks,Davion Mitchell,Nikola Jović,Terry Rozier,Duncan Robinson,Pelle Larsson,Kyle Anderson,,,,,
20250210,MIL,2025,Damian Lillard,Kyle Kuzma,Taurean Prince,Brook Lopez,Andre Jackson Jr.,Gary Trent Jr.,Bobby Portis,A.J. Green,Kevin Porter Jr.,Ryan Rollins,Pat Connaughton,,,,
20250210,MIN,2025,Anthony Edwards,Naz Reid,Jaden McDaniels,Rudy Gobert,Nickeil Alexander-Walker,Rob Dillingham,Joe Ingles,Jaylen Clark,Terrence Shannon Jr.,Leonard Miller,Josh Minott,Tristen Newton,Luka Garza,,
20250210,NOP,2025,Trey Murphy III,Karlo Matković,Yves Missi,Zion Williamson,Jose Alvarado,Jordan Hawkins,Antonio Reeves,Jeremiah Robinson-Earl,Javonte Green,Keion Brooks Jr.,Jamal Cain,,,,
20250210,OKC,2025,Shai Gilgeous-Alexander,Jalen Williams,Chet Holmgren,Luguentz Dort,Isaiah Hartenstein,Aaron Wiggins,Jaylin Williams,Alex Caruso,Dillon Jones,Kenrich Williams,Adam Flagler,Branden Carlson,Alex Ducas,,
20250210,ORL,2025,Franz Wagner,Kentavious Caldwell-Pope,Paolo Banchero,Cole Anthony,Goga Bitadze,Anthony Black,Jonathan Isaac,Wendell Carter Jr.,Tristan Da Silva,Gary Harris,,,,,
20250210,POR,2025,Deni Avdija,Anfernee Simons,Toumani Camara,Scoot Henderson,Deandre Ayton,Dalano Banton,Donovan Clingan,Shaedon Sharpe,Jabari Walker,Rayan Rupert,Duop Reath,,,,
20250210,SAC,2025,Malik Monk,Domantas Sabonis,DeMar DeRozan,Zach LaVine,Keegan Murray,Keon Ellis,Jonas Valančiūnas,Jake LaRavia,Trey Lyles,,,,,,
20250210,SAS,2025,Victor Wembanyama,De'Aaron Fox,Chris Paul,Devin Vassell,Harrison Barnes,Jeremy Sochan,Stephon Castle,Julian Champagnie,Keldon Johnson,Sandro Mamukelashvili,,,,,
20250210,UTA,2025,John Collins,Walker Kessler,Isaiah Collier,Lauri Markkanen,Jordan Clarkson,Keyonte George,Johnny Juzang,Brice Sensabaugh,Kyle Filipowski,Micah Potter,Elijah Harkless,,,,
20250210,WAS,2025,Kyshawn George,Bilal Coulibaly,Jordan Poole,Carlton Carrington,Richaun Holmes,Corey Kispert,Tristan Vukcevic,Malcolm Brogdon,Justin Champagnie,,,,,,
20250211,CHI,2025,Coby White,Nikola Vučević,Josh Giddey,Ayo Dosunmu,Matas Buzelis,Kevin Huerter,Patrick Williams,Tre Jones,Dalen Terry,Julian Phillips,Zach Collins,Jevon Carter,Jalen Smith,Talen Horton-Tucker,
20250211,DET,2025,Cade Cunningham,Tobias Harris,Jalen Duren,Ausar Thompson,Tim Hardaway Jr.,Simone Fontecchio,Ron Holland,Malik Beasley,Isaiah Stewart,Dennis Schröder,Marcus Sasser,Paul Reed,Lindy Waters III,,
20250211,IND,2025,Pascal Siakam,Tyrese Haliburton,Thomas Bryant,Andrew Nembhard,Aaron Nesmith,Bennedict Mathurin,Obi Toppin,T.J. McConnell,Ben Sheppard,Jarace Walker,Johnny Furphy,Jahlil Okafor,,,
20250211,MEM,2025,Desmond Bane,Jaren Jackson Jr.,Ja Morant,Zach Edey,Jaylen Wells,Santi Aldama,Brandon Clarke,Vince Williams Jr.,Luke Kennard,GG Jackson II,Scotty Pippen Jr.,,,,
20250211,NYK,2025,Josh Hart,Karl-Anthony Towns,Precious Achiuwa,Mikal Bridges,Jalen Brunson,Miles McBride,Cameron Payne,Landry Shamet,Ariel Hukporti,Tyler Kolek,Matt Ryan,,,,
20250211,PHI,2025,Kelly Oubre Jr.,Joel Embiid,Paul George,Tyrese Maxey,Justin Edwards,Quentin Grimes,Guerschon Yabusele,Jared Butler,Ricky Council IV,,,,,,
20250211,PHO,2025,Kevin Durant,Devin Booker,Tyus Jones,Bol Bol,Nick Richards,Royce O'Neale,Grayson Allen,TyTy Washington Jr.,Mason Plumlee,Ryan Dunn,,,,,
20250211,TOR,2025,Scottie Barnes,Immanuel Quickley,Gradey Dick,Ochai Agbaji,Jonathan Mogbo,Ja'Kobe Walter,Jamal Shead,Chris Boucher,Orlando Robinson,Ulrich Chomche,Jamison Battle,,,,
20250212,ATL,2025,Trae Young,Onyeka Okongwu,Dyson Daniels,Zaccharie Risacher,Mouhamed Gueye,Caris LeVert,Georges Niang,Terance Mann,Dominick Barlow,,,,,,
20250212,BOS,2025,Derrick White,Jayson Tatum,Kristaps Porziņģis,Al Horford,Sam Hauser,Payton Pritchard,Luke Kornet,Torrey Craig,Baylor Scheierman,,,,,,
20250212,BRK,2025,Nic Claxton,Cameron Johnson,Keon Johnson,D'Angelo Russell,Ziaire Williams,Trendon Watford,Jalen Wilson,Tosan Evbuomwan,Day'Ron Sharpe,Tyrese Martin,,,,,
20250212,CHI,2025,Coby White,Ayo Dosunmu,Nikola Vučević,Josh Giddey,Matas Buzelis,Tre Jones,Patrick Williams,Kevin Huerter,Jalen Smith,Julian Phillips,,,,,
20250212,CHO,2025,Miles Bridges,Elfrid Payton,Josh Green,Nick Smith Jr.,Jusuf Nurkić,Damion Baugh,DaQuan Jeffries,Taj Gibson,Tidjane Salaün,Isaiah Wong,,,,,
20250212,CLE,2025,Donovan Mitchell,Jarrett Allen,Evan Mobley,Darius Garland,Max Strus,De'Andre Hunter,Sam Merrill,Craig Porter Jr.,Jaylon Tyson,Tristan Thompson,Emoni Bates,Luke Travers,,,
20250212,DAL,2025,Kyrie Irving,Max Christie,Klay Thompson,Kessler Edwards,Olivier-Maxence Prosper,Naji Marshall,Spencer Dinwiddie,Brandon Williams,Jaden Hardy,Kylor Kelley,,,,,
20250212,DEN,2025,Christian Braun,Jamal Murray,Zeke Nnaji,Nikola Jokić,Julian Strawther,Jalen Pickett,DeAndre Jordan,Dario Šarić,Hunter Tyson,,,,,,
20250212,DET,2025,Cade Cunningham,Tobias Harris,Jalen Duren,Ausar Thompson,Tim Hardaway Jr.,Malik Beasley,Dennis Schröder,Isaiah Stewart,Simone Fontecchio,Ron Holland,,,,,
20250212,GSW,2025,Stephen Curry,Jimmy Butler,Draymond Green,Buddy Hield,Quinten Post,Moses Moody,Brandin Podziemski,Gary Payton II,Kevon Looney,Gui Santos,,,,,
20250212,HOU,2025,Amen Thompson,Alperen Şengün,Jalen Green,Tari Eason,Dillon Brooks,Cam Whitmore,Jae'Sean Tate,Reed Sheppard,Steven Adams,,,,,,
20250212,IND,2025,Pascal Siakam,Tyrese Haliburton,Andrew Nembhard,Thomas Bryant,Aaron Nesmith,Bennedict Mathurin,Obi Toppin,Ben Sheppard,T.J. McConnell,Johnny Furphy,,,,,
20250212,LAC,2025,James Harden,Kawhi Leonard,Norman Powell,Ivica Zubac,Kris Dunn,Derrick Jones Jr.,Amir Coffey,Bogdan Bogdanović,Nicolas Batum,Cam Christie,Kai Jones,MarJon Beauchamp,Kobe Brown,Patty Mills,
20250212,LAL,2025,Austin Reaves,LeBron James,Rui Hachimura,Luka Dončić,Jaxson Hayes,Alex Len,Jordan Goodwin,Jarred Vanderbilt,Dalton Knecht,Shake Milton,Christian Koloko,Bronny James,Markieff Morris,,
20250212,MEM,2025,Desmond Bane,Luke Kennard,Jaylen Wells,Jaren Jackson Jr.,Zach Edey,Santi Aldama,GG Jackson II,Brandon Clarke,Scotty Pippen Jr.,John Konchar,Jay Huff,,,,
20250212,MIA,2025,Bam Adebayo,Davion Mitchell,Andrew Wiggins,Tyler Herro,Kel'el Ware,Nikola Jović,Alec Burks,Haywood Highsmith,Pelle Larsson,,,,,,
20250212,MIL,2025,Kyle Kuzma,Taurean Prince,Brook Lopez,Ryan Rollins,Andre Jackson Jr.,Gary Trent Jr.,Bobby Portis,Kevin Porter Jr.,A.J. Green,,,,,,
20250212,MIN,2025,Jaden McDaniels,Rudy Gobert,Anthony Edwards,Nickeil Alexander-Walker,Naz Reid,Terrence Shannon Jr.,Joe Ingles,Jaylen Clark,Rob Dillingham,,,,,,
20250212,NOP,2025,Trey Murphy III,Jose Alvarado,CJ McCollum,Zion Williamson,Yves Missi,Bruce Brown,Antonio Reeves,Karlo Matković,Jordan Hawkins,Javonte Green,,,,,
20250212,NYK,2025,Karl-Anthony Towns,Josh Hart,Mikal Bridges,Jalen Brunson,Precious Achiuwa,Landry Shamet,Cameron Payne,Miles McBride,Ariel Hukporti,,,,,,
20250212,OKC,2025,Shai Gilgeous-Alexander,Luguentz Dort,Jalen Williams,Isaiah Hartenstein,Aaron Wiggins,Isaiah Joe,Kenrich Williams,Jaylin Williams,Alex Caruso,Dillon Jones,,,,,
20250212,ORL,2025,Franz Wagner,Paolo Banchero,Cole Anthony,Goga Bitadze,Kentavious Caldwell-Pope,Wendell Carter Jr.,Jett Howard,Anthony Black,Gary Harris,Caleb Houstan,Trevelin Queen,Tristan Da Silva,Cory Joseph,,
20250212,PHI,2025,Kelly Oubre Jr.,Paul George,Quentin Grimes,Jared Butler,Guerschon Yabusele,Justin Edwards,Adem Bona,Jeff Dowtin,Andre Drummond,Ricky Council IV,,,,,
20250212,PHO,2025,Kevin Durant,Royce O'Neale,Bol Bol,Tyus Jones,Nick Richards,TyTy Washington Jr.,Mason Plumlee,Collin Gillespie,Ryan Dunn,,,,,,
20250212,POR,2025,Toumani Camara,Anfernee Simons,Donovan Clingan,Deni Avdija,Kris Murray,Dalano Banton,Shaedon Sharpe,Jabari Walker,Rayan Rupert,,,,,,
20250212,SAC,2025,DeMar DeRozan,Malik Monk,Zach LaVine,Keegan Murray,Domantas Sabonis,Keon Ellis,Jonas Valančiūnas,Jake LaRavia,Trey Lyles,,,,,,
20250212,SAS,2025,De'Aaron Fox,Victor Wembanyama,Devin Vassell,Harrison Barnes,Chris Paul,Stephon Castle,Julian Champagnie,Keldon Johnson,Jeremy Sochan,,,,,,
20250212,TOR,2025,Scottie Barnes,Immanuel Quickley,Jonathan Mogbo,RJ Barrett,Gradey Dick,Ochai Agbaji,Ja'Kobe Walter,Orlando Robinson,Jamal Shead,Jamison Battle,,,,,
20250212,UTA,2025,Walker Kessler,Lauri Markkanen,Isaiah Collier,Jordan Clarkson,John Collins,Keyonte George,Cody Williams,Kyle Filipowski,Johnny Juzang,Brice Sensabaugh,,,,,
20250212,WAS,2025,Carlton Carrington,Jordan Poole,Kyshawn George,Bilal Coulibaly,Alex Sarr,Corey Kispert,Richaun Holmes,Malcolm Brogdon,AJ Johnson,Justin Champagnie,Tristan Vukcevic,,,,
20250213,DAL,2025,Kessler Edwards,Max Christie,Spencer Dinwiddie,Dante Exum,Olivier-Maxence Prosper,Naji Marshall,Brandon Williams,Jaden Hardy,Kylor Kelley,,,,,,
20250213,GSW,2025,Brandin Podziemski,Stephen Curry,Jimmy Butler,Moses Moody,Draymond Green,Gui Santos,Kevon Looney,Buddy Hield,Pat Spencer,Quinten Post,,,,,
20250213,HOU,2025,Aaron Holiday,Amen Thompson,Alperen Şengün,Jalen Green,Dillon Brooks,Jae'Sean Tate,Jeff Green,Jeenathan Williams,Jock Landale,Cam Whitmore,Steven Adams,Reed Sheppard,,,
20250213,LAC,2025,James Harden,Norman Powell,Kris Dunn,Ivica Zubac,Derrick Jones Jr.,Nicolas Batum,Ben Simmons,Bogdan Bogdanović,Kobe Brown,,,,,,
20250213,MIA,2025,Davion Mitchell,Tyler Herro,Kel'el Ware,Kyle Anderson,Jaime Jaquez Jr.,Alec Burks,Nikola Jović,Duncan Robinson,Pelle Larsson,,,,,,
20250213,MIN,2025,Naz Reid,Jaden McDaniels,Anthony Edwards,Nickeil Alexander-Walker,Jaylen Clark,Terrence Shannon Jr.,Rob Dillingham,Luka Garza,Josh Minott,Joe Ingles,Leonard Miller,Tristen Newton,,,
20250213,NOP,2025,Trey Murphy III,CJ McCollum,Jose Alvarado,Javonte Green,Yves Missi,Karlo Matković,Jordan Hawkins,Jeremiah Robinson-Earl,Bruce Brown,Antonio Reeves,,,,,
20250213,OKC,2025,Jalen Williams,Shai Gilgeous-Alexander,Luguentz Dort,Chet Holmgren,Isaiah Hartenstein,Isaiah Joe,Kenrich Williams,Aaron Wiggins,Jaylin Williams,Dillon Jones,Adam Flagler,Alex Ducas,,,
20250213,SAC,2025,Zach LaVine,DeMar DeRozan,Malik Monk,Domantas Sabonis,Keegan Murray,Keon Ellis,Jonas Valančiūnas,Jake LaRavia,Trey Lyles,,,,,,
20250213,UTA,2025,John Collins,Lauri Markkanen,Kyle Filipowski,Isaiah Collier,Svi Mykhailiuk,Keyonte George,Cody Williams,Micah Potter,Johnny Juzang,Brice Sensabaugh,,,,,
