Rk,Player,Pos,Age,Tm,G,MP,PER,TS%,3PAr,FTr,ORB%,DRB%,TRB%,AST%,STL%,BLK%,TOV%,USG%,OWS,DWS,WS,WS/48,OBPM,DBPM,BPM,VORP,Season Year
1,Steven Adams,C,31,HOU,4,53,11.7,0.599,0.0,0.889,11.5,10.4,11.0,17.8,1.9,0.0,28.5,13.6,0.0,0.1,0.1,0.075,-1.7,1.4,-0.3,0.0,2025
2,Bam Adebayo,C,27,MIA,8,266,18.1,0.464,0.172,0.345,10.3,19.1,14.6,17.0,3.0,3.7,5.6,23.0,0.2,0.4,0.6,0.103,-0.5,0.3,-0.2,0.1,2025
3,Ochai Agbaji,SG,24,TOR,10,310,16.3,0.676,0.411,0.168,4.6,12.7,8.6,9.4,2.2,1.4,7.3,14.4,0.7,0.1,0.8,0.125,1.7,0.1,1.8,0.3,2025
4,Santi Aldama,PF,24,MEM,10,302,14.0,0.545,0.45,0.119,5.6,21.1,13.8,15.3,0.9,1.6,11.6,17.4,0.3,0.4,0.7,0.11,-0.3,-0.4,-0.6,0.1,2025
5,Trey Alexander,SG,21,DEN,2,6,1.4,0.333,0.333,0.0,0.0,18.1,9.1,0.0,0.0,0.0,0.0,20.8,0.0,0.0,0.0,-0.129,-10.2,-5.1,-15.3,0.0,2025
6,Nickeil Alexander-Walker,SG,26,MIN,9,205,12.9,0.658,0.633,0.265,3.0,9.7,6.5,17.0,1.7,0.8,18.0,14.1,0.3,0.2,0.5,0.124,0.3,0.5,0.8,0.1,2025
7,Grayson Allen,SG,29,PHO,7,135,12.3,0.525,0.735,0.245,4.3,9.2,6.9,6.4,2.6,2.6,8.4,19.6,0.0,0.2,0.2,0.064,-1.4,0.1,-1.3,0.0,2025
8,Jarrett Allen,C,26,CLE,11,326,21.5,0.684,0.0,0.462,8.8,33.4,21.9,7.5,1.5,4.2,11.1,16.9,0.9,0.6,1.5,0.228,1.6,0.7,2.4,0.4,2025
9,Jose Alvarado,PG,26,NOP,10,263,15.7,0.556,0.583,0.177,2.5,8.2,5.3,27.9,3.0,1.0,11.2,18.8,0.4,0.1,0.5,0.095,0.6,-0.5,0.1,0.1,2025
10,Kyle Anderson,SF,31,GSW,9,147,15.9,0.461,0.449,0.245,5.6,16.6,11.2,18.2,3.3,4.5,5.2,16.2,0.2,0.3,0.5,0.164,-0.1,3.0,2.9,0.2,2025
11,Giannis Antetokounmpo,PF,30,MIL,8,274,29.5,0.608,0.025,0.506,7.9,32.3,20.1,31.6,0.7,2.1,10.4,35.3,0.8,0.3,1.1,0.192,5.8,1.0,6.9,0.6,2025
12,Cole Anthony,PG,24,ORL,8,93,6.8,0.365,0.485,0.273,2.3,23.9,12.6,30.0,3.6,1.0,22.9,22.0,-0.3,0.2,-0.1,-0.073,-7.9,2.3,-5.6,-0.1,2025
13,OG Anunoby,SF,27,NYK,8,288,14.0,0.57,0.489,0.217,2.0,12.4,7.2,10.4,2.3,1.7,7.4,16.8,0.4,0.3,0.6,0.108,-0.4,0.8,0.4,0.2,2025
14,Deni Avdija,SF,24,POR,10,267,11.9,0.477,0.368,0.437,5.3,19.1,11.9,15.5,2.0,3.0,16.2,19.1,-0.2,0.3,0.1,0.021,-2.7,0.2,-2.6,0.0,2025
15,Deandre Ayton,C,26,POR,10,301,16.9,0.54,0.095,0.063,9.8,29.1,19.0,5.5,1.4,1.6,8.5,19.4,0.2,0.3,0.6,0.092,-0.3,-1.7,-1.9,0.0,2025
16,Marvin Bagley III,PF,25,WAS,5,32,21.2,0.55,0.188,0.438,22.5,29.6,26.0,5.3,0.0,2.8,13.6,28.1,0.0,0.0,0.0,0.062,1.1,-4.1,-3.0,0.0,2025
17,Patrick Baldwin Jr.,SF,22,WAS,5,24,21.3,0.607,0.5,0.0,4.3,13.2,8.7,7.5,1.9,3.8,0.0,23.7,0.0,0.0,0.1,0.109,5.1,-0.1,5.1,0.0,2025
18,LaMelo Ball,PG,23,CHO,9,294,21.5,0.585,0.56,0.215,3.3,13.7,8.4,35.1,2.2,1.0,15.8,37.2,0.5,0.3,0.7,0.117,4.8,-0.1,4.7,0.5,2025
19,Lonzo Ball,PG,27,CHI,3,47,9.3,0.5,0.857,0.0,0.0,17.8,8.7,31.0,0.0,1.8,17.6,14.9,0.0,0.0,0.0,0.042,-1.7,0.2,-1.5,0.0,2025
20,Paolo Banchero,SF,22,ORL,5,182,24.8,0.59,0.33,0.608,7.1,20.6,13.5,29.3,0.8,2.1,8.2,31.4,0.5,0.3,0.8,0.199,5.4,0.1,5.6,0.4,2025
21,Desmond Bane,SG,26,MEM,5,132,19.7,0.608,0.444,0.167,4.3,16.9,10.9,16.1,1.8,2.2,10.4,26.4,0.2,0.2,0.4,0.157,2.7,-0.2,2.5,0.1,2025
22,Dalano Banton,SF,25,POR,8,74,32.9,0.663,0.308,0.538,2.7,10.5,6.4,34.4,4.6,4.0,9.4,29.7,0.3,0.1,0.4,0.283,9.8,4.5,14.3,0.3,2025
23,Dominick Barlow,SF,21,ATL,2,11,-2.7,0.266,0.0,2.0,0.0,0.0,0.0,0.0,0.0,0.0,0.0,7.0,0.0,0.0,0.0,-0.107,-8.5,-3.9,-12.4,0.0,2025
24,Harrison Barnes,SF,32,SAS,10,285,11.5,0.618,0.451,0.239,6.8,6.6,6.7,7.7,0.5,0.6,11.3,13.5,0.4,0.2,0.5,0.092,-0.3,-1.9,-2.2,0.0,2025
25,Scottie Barnes,SF,23,TOR,4,134,17.0,0.527,0.175,0.365,8.2,18.2,13.1,26.2,2.9,1.3,18.0,27.0,0.0,0.1,0.1,0.03,0.7,0.7,1.4,0.1,2025
26,RJ Barrett,SG,24,TOR,7,229,17.2,0.528,0.317,0.261,2.9,16.2,9.4,31.4,1.7,0.4,12.7,32.2,0.1,0.0,0.1,0.03,1.5,-2.0,-0.5,0.1,2025
27,Charles Bassey,C,24,SAS,5,16,20.9,1.042,0.0,1.0,0.0,45.5,23.8,9.1,3.1,5.7,41.0,13.3,0.0,0.0,0.1,0.181,0.2,4.8,5.0,0.0,2025
28,Jamison Battle,SF,23,TOR,9,133,10.5,0.545,0.761,0.174,6.6,14.8,10.6,7.9,0.0,1.3,3.9,15.7,0.2,0.0,0.2,0.065,-0.5,-2.6,-3.1,0.0,2025
29,Nicolas Batum,SF,36,LAC,10,183,10.2,0.491,0.686,0.171,4.2,13.6,8.9,14.7,1.6,4.4,9.6,9.9,0.2,0.3,0.4,0.118,-1.7,2.5,0.8,0.1,2025
30,Bradley Beal,SG,31,PHO,7,245,14.3,0.57,0.483,0.146,1.9,8.9,5.6,16.8,2.0,2.2,8.7,18.9,0.3,0.2,0.5,0.1,-0.6,0.5,-0.1,0.1,2025
31,Malik Beasley,SG,28,DET,10,263,8.1,0.48,0.647,0.138,2.2,6.7,4.5,8.3,1.1,0.4,8.2,21.8,-0.2,0.2,0.0,0.003,-3.1,-1.6,-4.7,-0.2,2025
32,MarJon Beauchamp,SF,24,MIL,7,25,6.5,0.476,0.429,0.286,8.6,17.3,13.0,6.2,1.9,0.0,24.1,36.3,-0.1,0.0,-0.1,-0.204,-7.9,-3.7,-11.6,-0.1,2025
33,Reece Beekman,PG,23,GSW,2,4,43.0,1.0,0.0,0.0,26.0,0.0,12.9,38.0,12.0,0.0,0.0,10.4,0.0,0.0,0.1,0.621,10.2,15.6,25.8,0.0,2025
34,Goga Bitadze,C,25,ORL,6,100,19.8,0.613,0.143,0.179,15.0,24.6,19.6,16.1,1.4,6.5,14.2,15.0,0.2,0.2,0.4,0.192,0.1,2.2,2.3,0.1,2025
35,Anthony Black,PG,21,ORL,10,248,9.4,0.513,0.277,0.354,3.9,9.0,6.3,24.4,1.4,3.0,22.7,16.7,-0.1,0.3,0.2,0.039,-4.3,0.3,-4.0,-0.1,2025
36,Bogdan Bogdanović,SG,32,ATL,1,28,6.2,0.581,1.0,0.333,0.0,7.9,3.9,9.0,0.0,7.0,22.5,13.1,0.0,0.0,0.0,-0.018,-3.3,-1.7,-5.0,0.0,2025
37,Adem Bona,PF,21,PHI,6,14,25.5,1.017,0.0,0.333,14.9,9.3,12.4,0.0,0.0,14.1,22.5,13.6,0.1,0.0,0.1,0.217,2.7,2.1,4.9,0.0,2025
38,Devin Booker,SG,28,PHO,9,329,20.0,0.576,0.461,0.39,4.2,8.2,6.3,29.8,1.2,0.8,8.6,26.8,0.9,0.2,1.2,0.17,3.3,-1.2,2.1,0.3,2025
39,Brandon Boston Jr.,SG,23,NOP,7,179,18.5,0.618,0.354,0.246,3.1,10.6,6.8,18.6,2.2,1.0,6.5,18.3,0.5,0.0,0.5,0.136,1.9,-0.5,1.5,0.2,2025
40,Chris Boucher,PF,32,TOR,10,187,17.8,0.588,0.47,0.265,5.3,20.5,12.7,4.7,1.3,3.8,5.1,21.2,0.3,0.1,0.4,0.105,2.1,-1.4,0.7,0.1,2025
41,Malaki Branham,SG,21,SAS,9,147,16.8,0.672,0.424,0.305,0.0,12.0,6.3,11.4,1.7,1.2,16.3,23.6,0.2,0.2,0.3,0.102,1.8,-0.3,1.5,0.1,2025
42,Christian Braun,SG,23,DEN,9,318,15.6,0.68,0.337,0.347,3.4,13.0,8.2,6.3,1.4,2.6,9.1,15.8,0.7,0.2,0.9,0.14,1.2,-0.7,0.5,0.2,2025
43,Mikal Bridges,SF,28,NYK,8,298,14.0,0.568,0.514,0.072,3.1,6.6,4.8,12.9,1.9,1.6,9.5,18.9,0.3,0.2,0.5,0.081,0.2,-0.4,-0.2,0.1,2025
44,Miles Bridges,SF,26,CHO,8,244,12.6,0.508,0.441,0.294,2.2,22.5,12.1,12.4,0.8,1.6,10.1,22.1,0.1,0.2,0.3,0.051,-1.7,-0.9,-2.6,0.0,2025
45,Dillon Brooks,SG,29,HOU,9,285,9.6,0.532,0.484,0.183,4.6,8.1,6.3,2.9,0.9,0.6,3.8,15.1,0.3,0.2,0.6,0.098,-1.9,-0.7,-2.5,0.0,2025
46,Jaylen Brown,SF,28,BOS,6,216,18.8,0.511,0.346,0.362,5.1,17.3,11.1,17.4,2.0,1.3,7.9,32.6,0.2,0.3,0.5,0.113,-0.4,-1.3,-1.7,0.0,2025
47,Kobe Brown,PF,25,LAC,2,8,14.8,1.0,0.0,0.0,0.0,14.1,7.0,18.1,0.0,0.0,0.0,5.4,0.0,0.0,0.0,0.204,2.3,1.6,3.9,0.0,2025
48,Jalen Brunson,PG,28,NYK,8,270,20.3,0.561,0.301,0.268,1.7,6.8,4.3,29.3,0.8,0.0,7.1,30.4,0.7,0.1,0.8,0.144,3.3,-2.2,1.1,0.2,2025
49,Thomas Bryant,C,27,MIA,7,89,15.5,0.625,0.524,0.238,7.1,23.6,15.2,6.4,0.6,5.5,4.1,11.7,0.2,0.1,0.3,0.153,-0.1,-0.2,-0.3,0.0,2025
50,Alec Burks,SG,33,MIA,5,91,15.2,0.742,0.7,0.1,2.3,7.3,4.7,14.0,1.6,1.1,4.6,10.4,0.3,0.0,0.3,0.156,2.0,0.9,3.0,0.1,2025
51,Jared Butler,SG,24,WAS,6,58,22.4,0.516,0.179,0.321,1.8,9.1,5.4,50.0,4.0,1.6,5.9,23.8,0.1,0.0,0.2,0.143,3.4,2.3,5.7,0.1,2025
52,Jimmy Butler,SF,35,MIA,8,244,19.9,0.563,0.144,0.622,9.1,7.7,8.4,25.0,2.4,0.8,10.9,22.8,0.6,0.2,0.8,0.149,1.8,-0.2,1.6,0.2,2025
53,Matas Buzelis,SF,20,CHI,9,77,5.4,0.375,0.458,0.25,6.6,16.3,11.3,5.1,3.0,3.3,18.4,17.5,-0.2,0.1,-0.1,-0.071,-7.0,-0.3,-7.3,-0.1,2025
54,Jamal Cain,SF,25,NOP,7,75,8.4,0.574,0.55,0.3,5.9,12.7,9.2,1.9,0.7,2.4,15.0,15.1,0.0,0.0,0.0,0.002,-4.9,-2.5,-7.4,-0.1,2025
55,Kentavious Caldwell-Pope,SG,31,ORL,10,295,8.2,0.465,0.672,0.209,1.8,6.7,4.2,8.5,2.8,2.2,6.4,11.3,0.0,0.5,0.4,0.072,-4.6,2.1,-2.5,0.0,2025
56,Toumani Camara,PF,24,POR,10,305,10.9,0.54,0.438,0.178,8.0,9.4,8.7,10.1,2.7,1.3,16.0,12.7,0.1,0.2,0.4,0.059,-2.7,0.3,-2.4,0.0,2025
57,Vlatko Čančar,PF,27,DEN,1,2,6.1,,,,0.0,54.4,27.3,0.0,0.0,0.0,,0.0,0.0,0.0,0.0,0.072,-6.0,0.2,-5.9,0.0,2025
58,Clint Capela,C,30,ATL,11,250,17.9,0.669,0.0,0.286,11.7,23.0,17.3,7.2,0.7,2.8,12.2,16.2,0.6,0.1,0.7,0.126,0.2,-2.3,-2.1,0.0,2025
59,Carlton Carrington,PG,19,WAS,7,209,11.5,0.545,0.424,0.271,0.5,17.6,9.0,24.4,2.0,0.9,15.4,15.2,0.1,0.1,0.2,0.049,-3.9,0.2,-3.7,-0.1,2025
60,Jevon Carter,PG,29,CHI,4,21,9.0,0.417,0.667,0.0,4.8,5.0,4.9,12.4,2.2,0.0,0.0,11.8,0.0,0.0,0.0,0.044,-2.8,-0.1,-2.9,0.0,2025
61,Wendell Carter Jr.,C,25,ORL,6,158,15.7,0.544,0.421,0.474,8.1,30.4,18.8,12.1,2.4,1.2,6.1,13.2,0.3,0.3,0.6,0.171,-1.2,1.7,0.6,0.1,2025
62,D.J. Carton,SG,24,TOR,4,33,-2.6,0.202,0.429,0.143,0.0,14.1,6.9,10.5,2.9,0.0,35.0,14.1,-0.2,0.0,-0.2,-0.224,-10.0,-1.3,-11.4,-0.1,2025
63,Alex Caruso,PG,30,OKC,9,173,8.5,0.35,0.558,0.07,3.6,12.0,7.9,14.6,4.6,3.3,11.9,12.2,-0.2,0.6,0.4,0.101,-6.1,5.3,-0.8,0.1,2025
64,Stephon Castle,PG,20,SAS,10,225,9.2,0.449,0.373,0.289,3.0,8.8,6.0,16.6,2.0,1.2,9.7,20.0,-0.1,0.2,0.1,0.021,-4.7,-0.5,-5.2,-0.2,2025
65,Colin Castleton,C,24,MEM,4,7,2.7,,,,0.0,14.5,7.6,0.0,0.0,14.1,,0.0,0.0,0.0,0.0,0.083,-9.1,3.9,-5.2,0.0,2025
66,Julian Champagnie,SF,23,SAS,10,278,12.0,0.59,0.698,0.058,4.1,16.1,10.4,9.2,1.2,1.6,12.8,15.8,0.2,0.3,0.5,0.081,-0.3,-0.6,-0.9,0.1,2025
67,Justin Champagnie,SF,23,WAS,1,4,8.3,,,,25.7,26.3,26.0,29.6,0.0,0.0,,0.0,0.0,0.0,0.0,0.234,-11.4,3.0,-8.4,0.0,2025
68,Ulrich Chomche,PF,19,TOR,1,5,16.5,1.0,0.0,0.0,0.0,23.2,11.3,0.0,0.0,0.0,0.0,8.1,0.0,0.0,0.0,0.127,2.6,-1.5,1.1,0.0,2025
69,Max Christie,SG,21,LAL,9,129,7.0,0.469,0.5,0.375,4.5,10.4,7.5,9.9,1.5,1.4,13.9,14.4,0.0,0.1,0.0,0.001,-4.7,-0.8,-5.5,-0.1,2025
70,Sidy Cissoko,SF,20,SAS,5,13,19.7,0.833,0.333,0.0,8.8,24.0,16.7,47.0,0.0,0.0,25.0,13.4,0.1,0.0,0.1,0.272,2.7,3.4,6.1,0.0,2025
71,Brandon Clarke,PF,28,MEM,10,150,11.8,0.532,0.114,0.25,4.5,14.9,10.0,5.1,2.8,0.7,5.8,14.0,0.1,0.2,0.3,0.108,-3.2,0.9,-2.3,0.0,2025
72,Jordan Clarkson,SG,32,UTA,7,167,12.4,0.506,0.482,0.341,2.6,13.7,8.2,25.2,1.4,0.5,14.1,28.1,-0.1,0.1,-0.1,-0.014,-1.2,-1.6,-2.8,0.0,2025
73,Nic Claxton,C,25,BRK,9,217,18.7,0.646,0.0,0.451,9.1,31.3,19.7,16.2,1.4,5.1,11.6,14.0,0.5,0.3,0.8,0.183,0.6,2.9,3.4,0.3,2025
74,Donovan Clingan,C,20,POR,10,136,15.5,0.549,0.094,0.313,16.4,22.8,19.5,2.1,1.1,12.4,18.0,13.5,0.1,0.2,0.3,0.102,-4.3,0.8,-3.5,-0.1,2025
75,Noah Clowney,PF,20,BRK,8,127,8.6,0.438,0.553,0.213,7.3,17.8,12.3,4.5,1.6,4.0,7.2,19.2,-0.1,0.2,0.0,0.015,-4.6,-1.0,-5.6,-0.1,2025
76,Amir Coffey,SG,27,LAC,10,229,12.6,0.677,0.459,0.23,2.4,7.9,5.1,3.9,1.3,0.0,5.6,13.5,0.4,0.2,0.7,0.143,-0.4,0.2,-0.2,0.1,2025
77,Isaiah Collier,PG,20,UTA,2,29,6.2,0.298,0.6,0.4,0.0,21.5,10.9,27.0,1.6,3.1,7.8,18.1,-0.1,0.0,-0.1,-0.091,-7.0,-0.5,-7.5,0.0,2025
78,John Collins,PF,27,UTA,9,219,19.2,0.594,0.241,0.241,9.3,22.8,16.1,21.2,1.9,2.9,16.7,27.0,0.2,0.2,0.4,0.088,0.2,0.4,0.6,0.1,2025
79,Zach Collins,PF,27,SAS,10,140,17.0,0.613,0.405,0.333,9.8,14.8,12.4,22.3,2.5,1.3,15.7,17.7,0.3,0.2,0.5,0.177,0.8,1.6,2.4,0.2,2025
80,Mike Conley,PG,37,MIN,9,210,13.0,0.489,0.682,0.227,4.1,8.9,6.6,26.8,2.3,1.2,11.0,16.9,0.3,0.2,0.6,0.128,-0.7,0.9,0.2,0.1,2025
81,Pat Connaughton,SG,32,MIL,9,151,6.8,0.441,0.649,0.162,2.9,13.6,8.2,13.9,0.6,0.6,11.2,12.9,0.0,0.0,0.0,0.0,-3.9,-1.4,-5.3,-0.1,2025
82,Bilal Coulibaly,SF,20,WAS,7,240,14.4,0.657,0.368,0.368,5.1,11.4,8.2,11.1,1.5,1.1,16.1,17.8,0.3,0.0,0.3,0.07,-1.0,-1.5,-2.5,0.0,2025
83,Ricky Council IV,SG,23,PHI,6,52,9.8,0.541,0.429,0.429,2.0,12.6,6.7,14.2,0.0,0.0,10.7,15.4,0.1,0.0,0.0,0.039,-2.4,-2.6,-5.0,0.0,2025
84,Torrey Craig,SF,34,CHI,2,6,-6.8,0.0,1.0,0.0,0.0,34.8,17.1,0.0,0.0,0.0,0.0,6.9,0.0,0.0,0.0,-0.125,-15.9,-1.0,-17.0,0.0,2025
85,Yongxi Cui,SG,21,BRK,2,3,7.3,0.568,,,0.0,0.0,0.0,0.0,0.0,0.0,0.0,12.9,0.0,0.0,0.0,0.069,-2.8,-1.9,-4.7,0.0,2025
86,Cade Cunningham,PG,23,DET,10,361,17.3,0.551,0.293,0.188,2.9,19.1,11.2,38.5,0.8,2.1,18.8,30.2,0.1,0.4,0.5,0.067,1.5,-0.2,1.3,0.3,2025
87,Seth Curry,SG,34,CHO,8,154,10.4,0.592,0.575,0.125,6.2,7.3,6.8,5.5,1.3,0.6,6.6,12.3,0.2,0.1,0.3,0.093,-1.6,-0.8,-2.4,0.0,2025
88,Stephen Curry,PG,36,GSW,6,161,23.0,0.631,0.59,0.289,0.6,16.5,8.6,33.9,3.6,1.2,19.0,29.9,0.3,0.3,0.7,0.202,4.8,2.0,6.7,0.4,2025
89,Tristan Da Silva,SF,23,ORL,6,140,7.4,0.498,0.488,0.116,2.3,10.9,6.4,10.7,0.0,0.7,6.2,14.7,0.0,0.1,0.1,0.044,-3.1,-1.2,-4.2,-0.1,2025
90,Pacome Dadiet,SG,19,NYK,4,28,1.6,0.417,0.5,0.0,0.0,16.5,8.2,4.4,0.0,0.0,14.3,11.1,0.0,0.0,0.0,-0.052,-7.1,-3.1,-10.2,-0.1,2025
91,Dyson Daniels,PG,21,ATL,9,290,13.6,0.499,0.33,0.128,3.7,11.5,7.5,10.9,4.8,2.4,8.7,17.9,-0.1,0.3,0.3,0.044,-3.0,1.8,-1.2,0.1,2025
92,Anthony Davis,PF,31,LAL,8,290,30.5,0.646,0.094,0.575,7.2,27.7,17.6,13.9,1.8,4.9,9.1,32.5,1.0,0.4,1.4,0.231,6.6,0.9,7.5,0.7,2025
93,Johnny Davis,SG,22,WAS,6,56,9.4,0.559,0.118,0.118,5.5,13.2,9.3,5.2,0.8,0.0,5.3,13.7,0.0,0.0,0.0,0.034,-4.5,-2.3,-6.8,-0.1,2025
94,JD Davison,PG,22,BOS,3,14,-9.8,0.307,0.5,0.5,0.0,8.1,4.0,9.2,3.5,0.0,45.0,27.3,-0.1,0.0,-0.1,-0.416,-16.8,-2.9,-19.8,-0.1,2025
95,DeMar DeRozan,SG,35,SAC,9,340,20.4,0.611,0.151,0.395,1.7,9.3,5.6,17.1,2.4,1.1,9.6,25.1,0.8,0.4,1.1,0.162,1.6,0.1,1.7,0.3,2025
96,Moussa Diabaté,PF,23,CHO,9,119,12.4,0.56,0.0,0.471,16.2,31.1,23.5,3.4,0.8,4.0,25.4,9.7,0.0,0.1,0.2,0.079,-3.3,0.1,-3.2,0.0,2025
97,Gradey Dick,SG,21,TOR,10,318,15.5,0.58,0.458,0.222,2.1,6.9,4.4,10.2,1.8,1.4,7.7,23.3,0.5,0.0,0.5,0.075,1.2,-1.6,-0.4,0.1,2025
98,Ousmane Dieng,SF,21,OKC,9,113,14.7,0.511,0.605,0.184,3.7,21.0,12.6,9.2,2.9,2.5,2.4,15.6,0.1,0.4,0.4,0.188,-1.0,2.8,1.9,0.1,2025
99,Rob Dillingham,PG,20,MIN,4,19,24.7,0.786,0.143,0.0,0.0,17.4,9.2,61.4,0.0,0.0,22.2,20.6,0.1,0.0,0.1,0.297,5.4,0.2,5.6,0.0,2025
100,Spencer Dinwiddie,PG,31,DAL,8,146,6.8,0.495,0.676,0.294,0.7,6.5,3.6,12.9,0.7,1.3,9.4,12.5,0.0,0.1,0.2,0.051,-3.4,-0.8,-4.3,-0.1,2025
101,Donte DiVincenzo,SG,28,MIN,9,245,11.8,0.525,0.775,0.157,2.5,11.2,7.1,19.6,2.4,1.1,15.2,19.9,0.1,0.3,0.4,0.072,-1.4,0.6,-0.8,0.1,2025
102,Luka Dončić,PG,25,DAL,9,335,21.4,0.531,0.425,0.318,1.3,21.4,11.4,34.7,1.7,0.9,9.6,34.7,0.5,0.5,1.0,0.146,4.0,0.2,4.2,0.5,2025
103,Luguentz Dort,SG,25,OKC,9,235,14.0,0.628,0.603,0.176,3.5,9.3,6.5,7.2,2.4,2.8,6.4,14.0,0.4,0.6,1.0,0.202,-0.3,2.5,2.1,0.2,2025
104,Ayo Dosunmu,SG,25,CHI,10,284,10.3,0.511,0.465,0.152,2.9,14.7,8.7,19.8,0.2,1.5,11.7,17.4,0.1,0.1,0.2,0.041,-2.5,-1.7,-4.2,-0.2,2025
105,Jeff Dowtin,PG,27,PHI,3,7,4.5,0.333,0.0,0.0,0.0,0.0,0.0,22.7,0.0,0.0,0.0,18.4,0.0,0.0,0.0,-0.1,-6.7,-4.4,-11.0,0.0,2025
106,PJ Dozier,SG,28,MIN,4,15,16.3,0.694,1.0,1.0,8.2,14.7,11.6,16.7,3.3,0.0,0.0,8.3,0.1,0.0,0.1,0.252,1.2,4.3,5.6,0.0,2025
107,Andre Drummond,C,31,PHI,8,212,13.9,0.505,0.067,0.5,15.3,33.9,23.6,3.0,3.3,1.9,19.7,18.5,-0.2,0.3,0.1,0.031,-3.9,-1.1,-5.0,-0.2,2025
108,Chris Duarte,SG,27,CHI,4,16,28.7,0.851,1.0,1.2,0.0,13.0,6.4,18.6,0.0,0.0,0.0,19.7,0.1,0.0,0.1,0.346,12.1,1.6,13.7,0.1,2025
109,Alex Ducas,SG,24,OKC,4,7,-15.4,0.0,0.667,0.0,0.0,0.0,0.0,0.0,0.0,0.0,0.0,18.0,-0.1,0.0,-0.1,-0.388,-18.0,-6.3,-24.3,0.0,2025
110,David Duke Jr.,SG,25,SAS,1,8,3.3,0.307,0.25,0.5,0.0,0.0,0.0,36.6,0.0,0.0,0.0,26.5,0.0,0.0,0.0,-0.1,-7.3,-4.6,-11.8,0.0,2025
111,Kris Dunn,PG,30,LAC,10,210,13.5,0.675,0.511,0.128,4.7,16.2,10.4,15.3,2.4,0.9,16.8,12.3,0.3,0.3,0.7,0.151,-1.1,2.4,1.3,0.2,2025
112,Ryan Dunn,SF,22,PHO,8,127,11.6,0.602,0.75,0.045,2.7,12.2,7.7,8.3,1.2,1.4,6.3,16.9,0.1,0.1,0.2,0.09,-1.2,-0.8,-2.0,0.0,2025
113,Kevin Durant,SF,36,PHO,9,349,21.2,0.67,0.348,0.342,0.7,16.9,9.2,15.6,1.0,3.3,13.9,27.6,0.7,0.4,1.0,0.144,3.3,0.0,3.3,0.5,2025
114,Jalen Duren,C,21,DET,9,210,19.8,0.796,0.0,0.583,15.9,30.3,23.3,15.0,0.7,5.0,26.1,12.5,0.5,0.3,0.9,0.201,0.7,2.6,3.3,0.3,2025
115,Tari Eason,SF,23,HOU,9,195,22.7,0.619,0.333,0.173,9.9,13.0,11.4,8.7,4.3,4.2,8.0,18.5,0.5,0.4,0.9,0.226,4.3,3.8,8.1,0.5,2025
116,Zach Edey,C,22,MEM,10,193,20.3,0.659,0.08,0.28,16.9,19.9,18.5,4.6,1.2,4.6,14.3,20.6,0.4,0.3,0.7,0.17,0.4,-0.8,-0.5,0.1,2025
117,Anthony Edwards,SG,23,MIN,9,325,20.9,0.64,0.562,0.232,1.5,16.6,9.5,16.9,1.1,1.3,12.8,31.3,0.6,0.4,0.9,0.135,5.1,-1.1,4.0,0.5,2025
118,Kessler Edwards,SF,24,DAL,3,7,-22.2,0.0,1.0,0.0,0.0,0.0,0.0,0.0,0.0,0.0,33.3,18.4,-0.1,0.0,-0.1,-0.477,-23.2,-7.6,-30.8,-0.1,2025
119,Keon Ellis,SG,25,SAC,8,160,14.4,0.651,0.625,0.344,6.6,5.6,6.1,7.3,3.6,4.2,9.8,11.1,0.3,0.3,0.6,0.166,-0.1,3.0,2.9,0.2,2025
120,Drew Eubanks,C,27,UTA,6,84,13.0,0.603,0.188,0.438,11.5,19.8,15.7,14.7,0.6,4.3,23.9,12.3,0.1,0.1,0.1,0.072,-2.4,0.1,-2.3,0.0,2025
121,Bruno Fernando,C,26,TOR,7,52,13.8,0.506,0.0,0.222,21.2,22.3,21.7,18.0,0.9,6.9,23.3,20.1,0.0,0.0,0.0,0.041,-5.6,0.7,-4.9,0.0,2025
122,Kyle Filipowski,C,21,UTA,8,118,10.1,0.575,0.515,0.182,3.6,22.9,13.4,18.4,0.8,0.0,18.3,15.2,0.0,0.1,0.1,0.025,-2.8,-0.2,-3.1,0.0,2025
123,Dorian Finney-Smith,PF,31,BRK,10,289,11.3,0.56,0.655,0.143,8.4,12.6,10.4,8.0,2.1,2.1,12.7,15.6,0.2,0.3,0.5,0.081,-1.7,0.2,-1.4,0.0,2025
124,Adam Flagler,SG,25,OKC,4,7,37.2,1.5,1.0,0.0,0.0,14.2,7.2,0.0,6.7,0.0,0.0,12.0,0.0,0.0,0.1,0.418,9.6,11.6,21.2,0.0,2025
125,Simone Fontecchio,SF,29,DET,10,188,8.8,0.523,0.66,0.38,5.5,16.3,11.1,4.3,0.5,0.5,9.3,14.7,0.1,0.2,0.2,0.062,-2.7,-1.0,-3.7,-0.1,2025
126,De'Aaron Fox,PG,27,SAC,9,333,17.1,0.588,0.364,0.315,3.2,10.8,7.1,19.5,2.5,0.0,16.5,29.2,0.2,0.4,0.6,0.079,-0.4,-1.2,-1.6,0.0,2025
127,Enrique Freeman,PF,24,IND,3,25,6.4,0.694,0.5,1.0,4.7,0.0,2.3,0.0,1.9,3.7,25.8,6.8,0.0,0.0,0.0,0.034,-4.8,-1.4,-6.2,0.0,2025
128,Johnny Furphy,SG,20,IND,2,9,-15.3,0.0,0.5,0.0,0.0,12.1,6.3,0.0,0.0,0.0,0.0,19.5,-0.1,0.0,-0.1,-0.483,-17.8,-9.3,-27.2,-0.1,2025
129,Daniel Gafford,PF,26,DAL,9,175,24.9,0.722,0.0,0.302,13.9,18.7,16.3,8.2,0.8,5.4,8.9,19.3,0.7,0.3,1.0,0.274,2.5,0.7,3.2,0.2,2025
130,Darius Garland,PG,25,CLE,11,324,22.7,0.683,0.513,0.128,1.9,5.4,3.8,32.1,1.9,1.1,15.0,26.2,1.1,0.3,1.5,0.22,5.6,-1.0,4.6,0.5,2025
131,Luka Garza,PF,26,MIN,4,17,-1.0,0.35,0.364,0.091,7.3,25.9,17.1,0.0,0.0,0.0,14.9,34.4,-0.1,0.0,-0.1,-0.308,-15.0,-7.6,-22.6,-0.1,2025
132,Keyonte George,SG,21,UTA,8,254,9.2,0.467,0.593,0.305,1.7,7.8,4.8,33.8,0.7,0.4,16.3,25.9,-0.3,0.0,-0.3,-0.055,-2.1,-3.8,-5.9,-0.3,2025
133,Kyshawn George,SG,21,WAS,7,199,8.4,0.453,0.712,0.121,2.1,14.3,8.1,13.1,1.6,4.6,9.1,15.6,-0.1,0.1,0.0,-0.01,-4.5,-0.1,-4.5,-0.1,2025
134,Paul George,SF,34,PHI,3,80,15.1,0.514,0.444,0.306,5.2,19.6,11.6,30.0,3.1,1.2,19.7,27.3,-0.1,0.1,0.0,0.006,-2.3,0.1,-2.2,0.0,2025
135,Taj Gibson,PF,39,CHO,4,48,14.1,0.595,0.154,0.077,13.4,21.0,17.1,3.1,1.0,4.0,13.0,13.5,0.1,0.0,0.1,0.113,-2.8,0.3,-2.6,0.0,2025
136,Josh Giddey,SG,22,CHI,10,287,15.3,0.515,0.289,0.342,5.3,18.2,11.6,35.2,1.3,0.3,16.5,22.6,0.2,0.2,0.4,0.067,0.4,-1.0,-0.7,0.1,2025
137,Shai Gilgeous-Alexander,SG,26,OKC,9,292,25.8,0.601,0.297,0.331,2.8,15.3,9.2,32.8,2.2,2.9,11.7,32.1,0.7,0.8,1.6,0.256,5.4,2.9,8.4,0.8,2025
138,Anthony Gill,PF,32,WAS,5,14,19.9,0.7,0.4,0.0,0.0,7.5,3.7,22.6,6.6,0.0,16.7,17.4,0.0,0.0,0.0,0.127,2.0,4.3,6.3,0.0,2025
139,Collin Gillespie,PG,25,PHO,1,3,27.0,0.75,0.5,0.0,0.0,0.0,0.0,0.0,0.0,0.0,0.0,29.8,0.0,0.0,0.0,0.149,11.4,-0.3,11.1,0.0,2025
140,Rudy Gobert,C,32,MIN,9,283,16.7,0.694,0.0,0.419,10.5,27.2,19.3,8.9,0.7,3.7,16.0,13.4,0.7,0.4,1.1,0.184,-0.7,1.0,0.4,0.2,2025
141,Aaron Gordon,PF,29,DEN,7,212,19.2,0.663,0.314,0.371,9.8,14.4,12.1,14.9,1.1,0.9,10.0,17.8,0.7,0.1,0.8,0.185,4.4,-1.0,3.4,0.3,2025
142,Eric Gordon,SG,36,PHI,7,148,7.8,0.556,0.568,0.432,1.4,3.5,2.4,10.1,0.3,1.3,13.7,14.8,0.0,0.0,0.0,0.006,-2.5,-2.6,-5.1,-0.1,2025
143,Jazian Gortman,PG,21,DAL,2,5,14.0,1.5,1.0,0.0,0.0,0.0,0.0,0.0,0.0,0.0,50.0,17.2,0.0,0.0,0.0,-0.062,4.0,-2.6,1.3,0.0,2025
144,Jerami Grant,PF,30,POR,10,332,13.2,0.521,0.477,0.281,1.2,12.4,6.5,8.5,1.2,4.2,8.5,23.4,0.1,0.2,0.3,0.039,-0.5,-1.1,-1.6,0.0,2025
145,A.J. Green,SG,25,MIL,8,113,18.2,0.897,1.0,0.063,0.0,7.6,3.8,7.9,0.9,0.0,8.4,13.9,0.4,0.0,0.4,0.181,5.1,-0.7,4.4,0.2,2025
146,Draymond Green,PF,34,GSW,9,241,12.9,0.584,0.519,0.5,3.9,16.1,10.0,20.4,1.8,3.9,20.5,14.3,0.3,0.4,0.7,0.145,-1.6,2.5,0.8,0.2,2025
147,Jalen Green,SG,22,HOU,9,298,15.0,0.534,0.509,0.242,1.0,14.0,7.3,14.2,1.0,1.2,10.3,28.2,0.2,0.3,0.5,0.086,2.3,-0.8,1.4,0.3,2025
148,Javonte Green,SG,31,NOP,10,218,11.4,0.633,0.4,0.343,4.1,12.0,7.9,3.7,2.9,2.1,9.0,8.6,0.3,0.1,0.4,0.081,-2.6,0.5,-2.1,0.0,2025
149,Jeff Green,PF,38,HOU,3,12,29.1,1.333,0.667,0.0,0.0,9.2,4.4,13.8,4.1,0.0,25.0,13.7,0.1,0.0,0.1,0.297,9.8,5.0,14.9,0.1,2025
150,Josh Green,SG,24,CHO,7,153,6.8,0.568,0.636,0.091,2.8,3.7,3.2,6.2,1.0,2.5,8.0,10.3,0.1,0.1,0.2,0.058,-4.1,-0.3,-4.4,-0.1,2025
151,Quentin Grimes,SG,24,DAL,9,108,6.9,0.497,0.536,0.179,2.0,16.6,9.3,3.6,1.8,0.9,9.0,13.2,0.0,0.2,0.1,0.05,-5.0,0.3,-4.7,-0.1,2025
152,Mouhamed Gueye,PF,22,ATL,2,11,-5.7,0.25,0.5,0.0,0.0,20.1,9.9,0.0,0.0,0.0,20.0,18.7,-0.1,0.0,-0.1,-0.298,-10.6,-5.3,-15.9,0.0,2025
153,Rui Hachimura,PF,26,LAL,8,272,11.2,0.537,0.303,0.202,6.8,13.5,10.2,6.1,0.7,1.0,5.8,16.2,0.2,0.1,0.3,0.053,-1.1,-2.2,-3.3,-0.1,2025
154,Tyrese Haliburton,PG,24,IND,9,313,14.1,0.484,0.54,0.226,2.7,11.9,7.4,30.4,1.7,1.5,10.5,21.3,0.2,0.1,0.3,0.052,0.0,-1.2,-1.1,0.1,2025
155,Tim Hardaway Jr.,SG,32,DET,10,292,13.0,0.684,0.706,0.247,0.4,5.3,2.9,10.3,0.7,0.0,7.8,15.0,0.7,0.2,0.8,0.139,0.9,-0.6,0.3,0.2,2025
156,James Harden,SG,35,LAC,10,349,18.3,0.528,0.488,0.476,2.2,24.0,13.0,40.1,2.4,2.9,20.6,31.4,0.0,0.7,0.7,0.097,1.9,1.8,3.7,0.5,2025
157,Jaden Hardy,SG,22,DAL,8,79,3.5,0.502,0.679,0.071,2.7,5.3,4.0,10.1,0.6,1.2,23.8,20.6,-0.2,0.1,-0.1,-0.073,-5.7,-2.6,-8.3,-0.1,2025
158,Gary Harris,SG,30,ORL,9,155,6.6,0.509,0.737,0.079,2.8,6.8,4.7,4.6,0.3,3.0,9.2,11.9,0.0,0.2,0.1,0.035,-3.0,-1.0,-4.1,-0.1,2025
159,Tobias Harris,PF,32,DET,10,327,13.2,0.536,0.358,0.138,2.8,22.5,12.9,11.5,0.9,3.8,10.3,19.1,0.1,0.4,0.6,0.085,-2.2,1.2,-1.0,0.1,2025
160,Josh Hart,SG,29,NYK,8,287,17.5,0.678,0.4,0.314,6.0,22.5,14.3,18.9,1.6,0.3,16.7,14.9,0.7,0.3,1.0,0.171,1.3,1.2,2.5,0.3,2025
161,Sam Hauser,PF,27,BOS,7,152,11.5,0.5,0.811,0.0,5.1,17.1,11.0,9.1,1.6,0.6,5.4,15.9,0.1,0.2,0.3,0.098,-0.6,-0.2,-0.7,0.0,2025
162,Jordan Hawkins,SG,22,NOP,8,242,12.3,0.562,0.505,0.282,1.8,15.7,8.6,7.1,0.2,1.1,10.1,22.6,0.2,0.0,0.1,0.022,-1.3,-3.9,-5.2,-0.2,2025
163,Jaxson Hayes,C,24,LAL,9,153,16.0,0.756,0.0,0.464,12.1,17.5,14.8,7.2,0.9,4.6,15.1,11.1,0.4,0.1,0.5,0.166,-1.4,0.1,-1.3,0.0,2025
164,Scoot Henderson,PG,20,POR,10,258,10.9,0.502,0.273,0.3,2.7,10.3,6.4,27.0,1.5,0.0,18.9,24.6,-0.2,0.1,-0.1,-0.021,-3.3,-2.3,-5.6,-0.2,2025
165,Taylor Hendricks,PF,21,UTA,3,75,7.2,0.354,0.667,0.222,7.1,13.9,10.5,3.9,3.2,4.8,9.2,12.0,-0.1,0.1,0.0,-0.003,-5.4,1.0,-4.4,0.0,2025
166,Tyler Herro,SG,25,MIA,8,259,21.2,0.647,0.55,0.217,0.8,16.6,8.5,28.5,0.6,0.8,10.7,26.4,0.7,0.1,0.9,0.159,5.7,-1.4,4.3,0.4,2025
167,Buddy Hield,SG,32,GSW,9,228,23.4,0.682,0.642,0.117,2.7,14.3,8.6,13.0,1.7,2.1,6.7,24.7,0.8,0.4,1.2,0.242,7.1,0.5,7.6,0.5,2025
168,Haywood Highsmith,SF,28,MIA,6,127,15.1,0.696,0.469,0.125,3.3,13.0,8.1,5.9,2.3,1.5,2.9,11.8,0.3,0.1,0.4,0.148,-0.6,0.0,-0.7,0.0,2025
169,Aaron Holiday,PG,28,HOU,4,31,13.3,0.533,0.625,0.125,0.0,7.1,3.4,29.7,1.6,0.0,10.6,12.6,0.1,0.0,0.1,0.137,1.6,-0.4,1.2,0.0,2025
170,Jrue Holiday,PG,34,BOS,10,307,12.6,0.601,0.495,0.152,1.8,12.9,7.3,17.8,0.3,0.6,13.9,17.2,0.4,0.3,0.7,0.112,-0.3,-0.9,-1.2,0.1,2025
171,Ron Holland,SF,19,DET,10,144,11.3,0.549,0.385,0.154,3.2,17.5,10.5,4.2,1.7,0.7,9.8,18.3,0.0,0.2,0.2,0.069,-3.9,0.4,-3.5,-0.1,2025
172,Richaun Holmes,PF,31,WAS,2,8,16.5,0.5,0.167,0.0,12.8,13.2,13.0,0.0,0.0,0.0,0.0,30.5,0.0,0.0,0.0,-0.012,-0.9,-6.3,-7.2,0.0,2025
173,Chet Holmgren,PF,22,OKC,9,260,22.8,0.633,0.324,0.454,6.4,25.5,16.2,11.2,1.4,9.4,15.1,24.6,0.4,0.9,1.3,0.234,2.0,3.8,5.9,0.5,2025
174,Jalen Hood-Schifino,SG,21,LAL,1,1,0.0,,,,0.0,0.0,0.0,0.0,0.0,0.0,,0.0,0.0,0.0,0.0,-0.019,-5.9,-3.2,-9.1,0.0,2025
175,Al Horford,C,38,BOS,9,235,15.3,0.651,0.678,0.034,4.7,19.3,11.9,11.7,2.3,2.3,11.8,12.4,0.4,0.4,0.9,0.175,1.6,2.3,3.9,0.4,2025
176,Talen Horton-Tucker,SG,24,CHI,7,83,14.1,0.567,0.385,0.5,3.7,17.6,10.5,20.2,0.0,1.0,8.6,17.2,0.1,0.0,0.2,0.107,-0.3,-2.6,-2.9,0.0,2025
177,Caleb Houstan,SF,22,ORL,6,33,1.8,0.364,0.727,0.0,3.2,14.2,8.5,0.0,0.0,2.8,0.0,14.2,-0.1,0.0,0.0,-0.027,-7.3,-1.4,-8.7,-0.1,2025
178,Jett Howard,SF,21,ORL,10,96,5.9,0.465,0.8,0.05,1.1,12.2,6.4,1.6,0.5,2.9,6.8,19.5,-0.1,0.1,0.0,-0.017,-3.9,-1.5,-5.4,-0.1,2025
179,Kevin Huerter,SG,26,SAC,7,174,13.2,0.61,0.661,0.034,2.0,11.0,6.6,9.8,1.4,2.2,6.3,15.9,0.2,0.2,0.4,0.117,-0.4,-0.2,-0.6,0.1,2025
180,Jay Huff,C,26,MEM,10,153,25.3,0.788,0.644,0.22,4.4,14.6,9.8,8.4,0.9,9.7,7.2,18.4,0.6,0.2,0.9,0.273,6.8,1.8,8.6,0.4,2025
181,Ariel Hukporti,C,22,NYK,5,32,-1.7,0.0,0.0,0.0,0.0,32.4,16.2,0.0,0.0,12.3,60.0,7.0,-0.1,0.1,-0.1,-0.117,-11.8,2.7,-9.1,-0.1,2025
182,De'Andre Hunter,SF,27,ATL,2,59,19.1,0.606,0.417,0.542,3.7,20.6,12.0,9.8,1.6,1.7,0.0,20.7,0.2,0.0,0.2,0.193,1.2,-1.9,-0.7,0.0,2025
183,Bones Hyland,PG,24,LAC,2,8,14.6,0.5,0.4,0.0,0.0,14.1,7.0,0.0,6.2,12.4,16.7,32.5,0.0,0.0,0.0,-0.033,-3.4,6.5,3.1,0.0,2025
184,Oso Ighodaro,PF,22,PHO,4,30,4.8,0.667,0.0,0.0,11.5,20.7,16.4,0.0,0.0,3.0,40.0,7.5,0.0,0.0,0.0,0.039,-6.5,-1.2,-7.8,0.0,2025
185,Joe Ingles,SF,37,MIN,5,26,4.5,0.0,1.0,0.0,9.5,0.0,4.5,35.6,0.0,0.0,33.3,5.0,0.0,0.0,0.0,0.077,-3.5,0.5,-3.0,0.0,2025
186,Brandon Ingram,SF,27,NOP,10,325,18.6,0.572,0.346,0.138,3.8,18.0,10.6,26.4,1.2,1.7,13.8,30.3,0.3,0.1,0.3,0.049,1.8,-2.3,-0.5,0.1,2025
187,Harrison Ingram,SF,22,SAS,1,7,-5.8,0.0,0.0,0.0,0.0,14.8,7.8,0.0,0.0,0.0,0.0,6.2,0.0,0.0,0.0,-0.112,-12.2,-3.7,-15.9,0.0,2025
188,Kyrie Irving,PG,32,DAL,9,321,22.5,0.623,0.321,0.218,4.3,9.8,7.1,21.1,2.3,0.6,8.1,24.9,1.0,0.4,1.4,0.208,5.2,0.4,5.6,0.6,2025
189,Jonathan Isaac,PF,27,ORL,7,93,18.6,0.563,0.5,0.375,15.0,16.4,15.6,3.4,2.6,5.0,9.7,18.9,0.1,0.2,0.3,0.155,0.7,0.6,1.2,0.1,2025
190,Jaden Ivey,SG,22,DET,10,320,16.1,0.578,0.336,0.315,5.4,9.6,7.6,18.7,1.4,1.8,15.4,26.9,0.2,0.3,0.6,0.083,0.6,-0.4,0.2,0.2,2025
191,Andre Jackson Jr.,SG,23,MIL,8,118,8.4,0.547,0.591,0.182,2.7,14.6,8.7,13.4,3.3,2.5,27.5,12.1,-0.1,0.1,0.1,0.023,-5.3,2.5,-2.7,0.0,2025
192,Isaiah Jackson,PF,23,IND,5,84,18.9,0.6,0.0,0.609,15.5,22.1,18.9,8.4,1.7,8.7,14.6,17.8,0.1,0.1,0.2,0.137,-1.0,1.1,0.1,0.0,2025
193,Jaren Jackson Jr.,C,25,MEM,8,225,22.0,0.649,0.314,0.339,5.0,14.4,10.0,4.9,2.1,4.8,10.0,27.1,0.5,0.4,0.8,0.174,2.2,0.4,2.6,0.3,2025
194,Quenton Jackson,PG,26,IND,2,24,10.2,0.507,0.5,0.25,4.9,9.1,7.1,22.2,2.0,0.0,18.4,19.9,0.0,0.0,0.0,0.011,-3.7,-0.6,-4.4,0.0,2025
195,Reggie Jackson,PG,34,PHI,4,29,-1.6,0.231,0.615,0.0,0.0,9.0,4.0,34.4,1.7,0.0,13.3,22.2,-0.1,0.0,-0.1,-0.216,-10.1,-3.8,-13.9,-0.1,2025
196,Trayce Jackson-Davis,PF,24,GSW,9,163,20.6,0.708,0.0,0.2,5.7,20.0,12.9,20.3,0.3,2.9,8.4,15.2,0.6,0.3,0.8,0.247,2.2,1.7,3.8,0.2,2025
197,Bronny James,SG,20,LAL,5,14,6.9,0.291,0.667,0.333,8.3,0.0,4.1,18.1,3.4,0.0,0.0,21.0,0.0,0.0,0.0,-0.07,-5.8,-1.6,-7.4,0.0,2025
198,LeBron James,SF,40,LAL,9,313,23.0,0.636,0.342,0.282,0.7,23.2,12.2,38.3,0.8,1.7,13.0,26.3,0.9,0.2,1.1,0.164,5.8,0.3,6.2,0.7,2025
199,Jaime Jaquez Jr.,SF,23,MIA,5,125,10.7,0.463,0.267,0.289,10.2,23.0,16.4,14.1,1.6,0.0,15.1,20.6,-0.1,0.1,0.0,0.007,-3.5,-1.3,-4.8,-0.1,2025
200,Trey Jemison,C,25,NOP,4,20,4.5,0.333,0.0,0.0,27.8,23.8,25.9,7.0,0.0,0.0,25.0,17.0,0.0,0.0,0.0,-0.097,-8.9,-6.5,-15.4,-0.1,2025
201,Daniss Jenkins,PG,23,DET,2,5,-18.1,0.0,1.0,0.0,0.0,0.0,0.0,0.0,0.0,0.0,0.0,17.1,0.0,0.0,0.0,-0.389,-21.6,-7.7,-29.3,0.0,2025
202,Ty Jerome,SG,27,CLE,11,177,26.7,0.732,0.292,0.354,3.5,9.9,6.9,27.7,4.1,0.0,11.7,21.1,0.9,0.3,1.1,0.31,5.3,2.5,7.8,0.4,2025
203,Isaiah Joe,SG,25,OKC,9,187,13.5,0.599,0.814,0.086,3.9,10.6,7.3,9.4,1.2,0.0,4.0,17.0,0.3,0.4,0.7,0.184,0.8,0.1,1.0,0.1,2025
204,AJ Johnson,SG,20,MIL,3,6,2.2,0.333,0.0,0.0,0.0,18.0,9.0,0.0,0.0,0.0,0.0,21.8,0.0,0.0,0.0,-0.177,-9.2,-5.6,-14.8,0.0,2025
205,Cameron Johnson,PF,28,BRK,10,340,16.9,0.626,0.638,0.213,2.0,14.0,7.8,13.3,0.9,1.2,2.1,18.4,0.9,0.3,1.2,0.167,3.6,-0.1,3.5,0.5,2025
206,Jalen Johnson,SF,23,ATL,11,401,15.3,0.534,0.306,0.312,5.9,24.3,15.0,20.1,1.7,2.5,15.8,24.0,0.0,0.3,0.3,0.034,-0.8,-1.1,-2.0,0.0,2025
207,James Johnson,PF,37,IND,2,6,8.8,0.5,0.5,0.0,0.0,0.0,0.0,23.5,0.0,15.3,33.3,21.9,0.0,0.0,0.0,-0.145,-3.8,2.3,-1.5,0.0,2025
208,Keldon Johnson,SF,25,SAS,10,275,14.2,0.537,0.387,0.264,5.4,17.8,11.9,8.0,1.6,1.0,6.3,20.0,0.3,0.3,0.6,0.104,-1.3,-0.7,-2.1,0.0,2025
209,Keon Johnson,SG,22,BRK,9,105,8.0,0.473,0.553,0.132,4.4,23.9,13.8,11.2,1.4,1.9,14.8,19.8,-0.1,0.1,0.0,-0.005,-5.0,0.3,-4.7,-0.1,2025
210,Nikola Jokić,C,29,DEN,9,343,31.6,0.656,0.211,0.363,11.8,26.0,18.9,50.1,2.0,2.7,15.7,28.6,1.7,0.5,2.1,0.3,10.7,3.2,13.9,1.4,2025
211,Colby Jones,SG,22,SAC,4,8,-3.4,,,,0.0,0.0,0.0,0.0,0.0,12.1,100.0,5.4,0.0,0.0,0.0,-0.123,-9.5,-0.1,-9.6,0.0,2025
212,Derrick Jones Jr.,SF,27,LAC,10,265,11.5,0.589,0.446,0.12,5.4,9.0,7.2,5.7,2.1,1.5,12.1,16.3,0.2,0.4,0.6,0.101,-1.9,0.6,-1.4,0.0,2025
213,Dillon Jones,SF,23,OKC,8,47,2.2,0.336,0.647,0.118,4.4,14.8,9.7,8.0,2.0,2.0,14.4,18.7,-0.2,0.1,0.0,-0.039,-10.0,-0.3,-10.3,-0.1,2025
214,Herbert Jones,SF,26,NOP,4,113,7.6,0.522,0.44,0.08,3.9,6.3,5.1,5.0,3.0,0.8,16.2,11.6,0.0,0.0,0.0,-0.008,-5.6,-1.1,-6.6,-0.1,2025
215,Isaac Jones,PF,24,SAC,3,6,-17.3,0.0,0.0,0.0,0.0,0.0,0.0,0.0,0.0,0.0,0.0,14.4,0.0,0.0,0.0,-0.339,-21.3,-6.9,-28.2,0.0,2025
216,Kai Jones,C,24,LAC,9,74,13.4,0.669,0.0,0.417,13.5,12.2,12.9,5.7,0.0,8.1,22.0,10.7,0.1,0.1,0.2,0.132,-2.4,0.4,-2.0,0.0,2025
217,Spencer Jones,SF,23,DEN,1,2,30.5,,,,0.0,54.4,27.3,0.0,23.9,0.0,,0.0,0.0,0.0,0.0,0.373,-0.3,20.4,20.1,0.0,2025
218,Tre Jones,PG,25,SAS,1,16,13.0,0.399,0.0,2.0,7.1,0.0,3.4,23.2,3.1,0.0,0.0,10.2,0.0,0.0,0.0,0.132,-0.6,1.1,0.5,0.0,2025
219,Tyus Jones,PG,28,PHO,9,283,13.8,0.566,0.487,0.053,2.0,8.4,5.4,29.8,1.6,0.6,12.4,14.0,0.5,0.2,0.7,0.124,0.2,-0.2,0.1,0.1,2025
220,DeAndre Jordan,C,36,DEN,2,20,11.7,0.45,0.0,0.25,38.2,32.7,35.4,14.9,0.0,4.6,36.0,28.9,-0.1,0.0,-0.1,-0.126,-7.4,-4.8,-12.3,-0.1,2025
221,Cory Joseph,PG,33,ORL,6,25,15.8,0.6,0.8,0.0,8.6,4.7,6.7,19.1,0.0,3.7,9.1,18.8,0.0,0.0,0.1,0.138,4.4,-0.6,3.8,0.0,2025
222,Nikola Jović,PF,21,MIA,8,155,14.0,0.545,0.528,0.208,4.8,17.1,10.8,11.6,2.9,0.6,9.4,17.8,0.1,0.2,0.3,0.087,-1.2,0.1,-1.1,0.0,2025
223,Johnny Juzang,SG,23,UTA,6,104,14.1,0.704,0.724,0.345,2.1,8.0,5.1,6.3,1.8,1.7,8.2,14.4,0.2,0.0,0.3,0.13,-0.6,-0.1,-0.7,0.0,2025
224,Yuki Kawamura,PG,23,MEM,7,18,-7.7,0.282,0.75,0.25,0.0,11.3,5.9,12.8,0.0,0.0,25.3,26.7,-0.1,0.0,-0.1,-0.311,-14.2,-7.1,-21.3,-0.1,2025
225,Luke Kennard,SG,28,MEM,2,37,12.4,0.715,0.636,0.182,3.0,8.2,5.8,17.7,0.0,0.0,20.2,16.3,0.1,0.0,0.1,0.101,0.5,-1.6,-1.0,0.0,2025
226,Walker Kessler,C,23,UTA,9,238,19.1,0.679,0.0,0.451,15.3,27.1,21.3,6.3,0.8,9.5,19.7,13.2,0.3,0.3,0.7,0.131,-1.0,0.8,-0.2,0.1,2025
227,Corey Kispert,SF,25,WAS,7,210,7.1,0.503,0.618,0.221,0.5,10.0,5.2,7.3,0.7,0.4,6.3,15.4,0.0,0.0,-0.1,-0.018,-4.5,-2.7,-7.3,-0.3,2025
228,Maxi Kleber,PF,33,DAL,2,31,7.3,0.5,0.4,0.0,0.0,17.0,8.5,11.9,0.0,3.1,0.0,6.9,0.0,0.0,0.1,0.095,-3.7,0.9,-2.8,0.0,2025
229,Dalton Knecht,SF,23,LAL,9,154,7.9,0.503,0.679,0.113,3.0,9.4,6.3,8.0,0.9,0.0,8.2,16.9,0.0,0.0,0.0,-0.003,-3.4,-2.6,-6.0,-0.2,2025
230,Tyler Kolek,PG,23,NYK,6,45,22.2,0.949,0.615,0.308,5.1,7.7,6.4,9.8,2.3,0.0,25.3,19.6,0.1,0.0,0.2,0.188,4.8,0.5,5.4,0.1,2025
231,Christian Koloko,C,24,LAL,2,15,8.8,0.5,0.0,0.0,7.7,14.9,11.4,8.4,0.0,5.9,0.0,5.7,0.0,0.0,0.0,0.085,-4.6,-0.6,-5.1,0.0,2025
232,John Konchar,SG,28,MEM,4,77,12.9,0.768,1.0,0.5,7.3,14.5,11.1,7.4,1.8,5.1,17.0,6.2,0.1,0.1,0.3,0.159,0.9,1.8,2.7,0.1,2025
233,Luke Kornet,C,29,BOS,9,163,17.4,0.699,0.0,0.708,13.5,13.2,13.4,11.2,1.5,4.4,11.3,9.4,0.6,0.3,0.8,0.245,0.8,1.8,2.7,0.2,2025
234,Vit Krejci,PG,24,ATL,4,56,6.6,0.527,0.5,0.5,1.9,7.9,4.9,9.4,2.5,1.8,19.0,15.5,0.0,0.0,0.0,-0.022,-5.7,-0.9,-6.7,-0.1,2025
235,Jonathan Kuminga,PF,22,GSW,9,213,15.1,0.534,0.28,0.41,5.4,12.9,9.2,11.4,2.0,1.8,11.9,26.2,0.1,0.3,0.4,0.092,-1.8,-1.0,-2.8,0.0,2025
236,Kyle Kuzma,PF,29,WAS,3,92,9.9,0.432,0.346,0.308,5.6,18.3,11.9,18.1,0.5,1.0,10.6,29.2,-0.2,0.0,-0.2,-0.101,-3.0,-3.0,-6.0,-0.1,2025
237,Jock Landale,C,29,HOU,6,60,19.2,0.579,0.16,0.24,15.2,14.7,15.0,7.8,0.8,0.0,6.7,20.4,0.2,0.1,0.2,0.17,2.7,-2.2,0.5,0.0,2025
238,Jake LaRavia,PF,23,MEM,10,265,11.8,0.543,0.406,0.375,7.7,14.9,11.5,18.6,1.2,0.7,15.8,13.5,0.3,0.3,0.6,0.106,-0.9,0.2,-0.7,0.1,2025
239,Pelle Larsson,SG,23,MIA,5,81,14.6,0.771,0.647,0.588,1.3,5.4,3.3,16.4,1.8,0.0,15.7,13.5,0.2,0.0,0.2,0.131,-0.4,-0.2,-0.6,0.0,2025
240,Zach LaVine,SG,29,CHI,7,240,15.8,0.649,0.505,0.295,0.8,14.3,7.5,15.0,1.2,1.1,17.4,24.7,0.1,0.2,0.3,0.061,1.1,-1.0,0.0,0.1,2025
241,Damion Lee,SG,32,PHO,1,18,1.7,0.333,0.667,0.0,0.0,17.3,9.1,14.5,0.0,0.0,25.0,9.9,0.0,0.0,0.0,-0.057,-7.1,0.3,-6.8,0.0,2025
242,Alex Len,C,31,SAC,7,61,8.8,0.457,0.286,0.571,0.0,35.1,17.9,12.0,1.6,11.1,36.3,9.8,-0.1,0.1,0.0,0.033,-5.7,5.1,-0.5,0.0,2025
243,Malevy Leons,SF,25,OKC,4,13,-4.5,0.266,0.5,2.0,8.0,7.6,7.8,8.5,0.0,0.0,21.0,15.4,0.0,0.0,0.0,-0.077,-13.5,-2.8,-16.4,0.0,2025
244,Caris LeVert,SG,30,CLE,9,210,22.8,0.682,0.438,0.192,3.6,10.5,7.2,26.3,2.5,2.6,9.2,18.2,0.8,0.3,1.1,0.258,5.4,1.8,7.2,0.5,2025
245,Maxwell Lewis,SF,22,LAL,1,1,-14.6,,,,0.0,0.0,0.0,0.0,0.0,0.0,,0.0,0.0,0.0,0.0,-0.008,-19.8,-1.2,-21.0,0.0,2025
246,Damian Lillard,PG,34,MIL,9,322,24.4,0.632,0.515,0.442,2.7,11.4,7.0,30.6,1.0,0.6,11.0,29.7,1.2,0.1,1.3,0.194,6.0,-1.4,4.7,0.5,2025
247,Dereck Lively II,C,20,DAL,6,138,21.3,0.697,0.0,0.412,15.3,22.1,18.8,15.4,1.8,3.4,14.8,14.7,0.5,0.2,0.7,0.246,1.1,1.9,3.0,0.2,2025
248,Kevon Looney,PF,28,GSW,9,146,21.5,0.525,0.0,0.395,24.9,27.2,26.1,12.5,3.0,2.6,9.0,15.8,0.4,0.4,0.8,0.267,0.1,0.6,0.7,0.1,2025
249,Brook Lopez,C,36,MIL,9,277,10.1,0.496,0.538,0.192,4.3,13.3,8.8,6.4,1.7,6.3,15.1,15.7,-0.2,0.3,0.1,0.012,-3.3,0.4,-2.9,-0.1,2025
250,Kyle Lowry,PG,38,PHI,8,190,15.9,0.685,0.829,0.317,2.2,10.3,5.8,23.5,2.6,1.6,13.0,12.2,0.5,0.1,0.6,0.15,1.1,1.0,2.1,0.2,2025
251,Trey Lyles,PF,29,SAC,9,130,5.5,0.371,0.75,0.111,3.6,18.2,11.1,5.8,1.9,3.7,9.6,13.9,-0.2,0.2,0.0,-0.006,-5.4,-0.4,-5.8,-0.1,2025
252,Sandro Mamukelashvili,PF,25,SAS,8,60,18.6,0.758,0.6,0.05,9.5,27.7,19.0,5.5,0.8,6.1,25.5,19.9,0.0,0.1,0.1,0.106,1.6,0.5,2.0,0.1,2025
253,Terance Mann,SG,28,LAC,10,232,7.2,0.441,0.34,0.208,6.7,11.2,8.9,10.7,1.1,0.4,6.5,11.6,0.1,0.3,0.4,0.074,-4.4,0.1,-4.2,-0.1,2025
254,Tre Mann,PG,23,CHO,9,235,17.0,0.565,0.375,0.125,4.1,9.5,6.8,23.7,1.5,1.2,12.4,25.9,0.4,0.1,0.5,0.099,1.1,-0.9,0.2,0.1,2025
255,Lauri Markkanen,PF,27,UTA,6,178,15.6,0.541,0.429,0.455,7.2,17.5,12.4,14.4,1.3,0.0,9.8,23.7,0.2,0.1,0.3,0.078,1.6,-1.8,-0.2,0.1,2025
256,Naji Marshall,SF,27,DAL,9,195,14.2,0.574,0.333,0.148,3.3,13.5,8.4,18.7,2.2,0.5,12.2,14.5,0.3,0.3,0.5,0.133,-0.9,1.1,0.2,0.1,2025
257,Caleb Martin,SF,29,PHI,8,264,9.4,0.492,0.338,0.592,7.1,15.3,10.8,13.6,0.8,1.1,16.7,17.5,-0.1,0.0,0.0,-0.005,-3.1,-2.1,-5.2,-0.2,2025
258,Cody Martin,SF,29,CHO,9,217,15.7,0.619,0.507,0.174,4.9,15.0,9.8,11.0,1.6,1.8,7.5,15.5,0.5,0.2,0.7,0.146,0.5,0.5,1.0,0.2,2025
259,Jaylen Martin,SF,21,BRK,2,3,35.0,1.5,1.0,0.0,0.0,0.0,0.0,0.0,0.0,0.0,0.0,14.7,0.0,0.0,0.0,0.218,16.9,4.6,21.6,0.0,2025
260,KJ Martin,SF,24,PHI,8,142,14.6,0.775,0.083,0.417,2.9,16.5,9.0,5.4,1.0,4.2,0.0,8.6,0.4,0.1,0.5,0.162,-0.9,0.9,0.1,0.1,2025
261,Tyrese Martin,SG,25,BRK,2,3,4.2,,,,0.0,41.9,20.1,0.0,0.0,0.0,,0.0,0.0,0.0,0.0,0.052,-5.9,1.0,-4.9,0.0,2025
262,Garrison Mathews,SG,28,ATL,10,229,14.7,0.713,0.826,0.29,1.4,5.3,3.3,8.5,1.8,0.9,6.0,14.9,0.6,0.0,0.6,0.125,1.5,-1.3,0.2,0.1,2025
263,Bennedict Mathurin,SG,22,IND,9,263,17.5,0.649,0.302,0.573,4.1,18.3,11.4,9.4,0.9,0.0,10.4,22.4,0.6,0.1,0.7,0.13,1.2,-1.9,-0.7,0.1,2025
264,Karlo Matković,PF,23,NOP,2,5,24.4,1.0,0.0,0.0,66.8,23.8,46.0,0.0,0.0,17.9,66.7,25.5,0.0,0.0,0.0,-0.081,-3.7,-5.1,-8.8,0.0,2025
265,Tyrese Maxey,PG,24,PHI,7,278,16.4,0.522,0.467,0.273,0.0,9.9,4.4,18.3,1.8,1.4,7.0,30.8,0.2,0.1,0.3,0.044,1.6,-1.6,0.0,0.1,2025
266,Miles McBride,PG,24,NYK,8,212,14.5,0.592,0.573,0.133,2.2,8.7,5.4,15.1,1.9,1.4,10.2,18.6,0.3,0.2,0.5,0.107,0.5,0.1,0.5,0.1,2025
267,Jared McCain,PG,20,PHI,8,109,16.8,0.538,0.375,0.179,3.8,13.2,8.0,18.3,1.4,0.0,7.6,25.8,0.1,0.0,0.1,0.066,1.2,-1.6,-0.4,0.0,2025
268,Mac McClung,SG,26,ORL,1,5,14.4,,,,0.0,23.4,11.2,50.7,0.0,0.0,,0.0,0.0,0.0,0.0,0.208,1.5,3.4,4.9,0.0,2025
269,CJ McCollum,SG,33,NOP,4,137,16.8,0.554,0.523,0.092,0.8,11.3,5.9,19.3,3.2,2.6,10.6,23.5,0.1,0.1,0.2,0.055,0.7,-0.6,0.1,0.1,2025
270,T.J. McConnell,PG,32,IND,8,139,19.9,0.62,0.048,0.032,2.6,11.0,6.9,39.4,2.4,0.7,19.3,24.6,0.2,0.1,0.2,0.083,1.6,-1.1,0.6,0.1,2025
271,Jaden McDaniels,PF,24,MIN,9,250,9.2,0.536,0.419,0.135,3.9,6.2,5.1,7.7,1.2,3.1,10.3,15.2,0.1,0.2,0.3,0.062,-3.1,-0.2,-3.3,-0.1,2025
272,Doug McDermott,SF,33,SAC,5,29,6.3,0.536,0.889,0.556,0.0,7.8,4.0,0.0,0.0,0.0,0.0,16.7,0.0,0.0,0.0,0.05,-3.2,-3.5,-6.7,0.0,2025
273,Jordan McLaughlin,PG,28,SAC,6,33,0.0,0.25,0.667,0.0,0.0,10.2,5.2,10.8,4.4,0.0,33.3,11.8,-0.1,0.1,-0.1,-0.1,-10.5,1.6,-8.9,-0.1,2025
274,Jack McVeigh,PF,28,HOU,2,8,-6.8,0.3,0.6,0.0,0.0,27.5,13.2,0.0,0.0,0.0,16.7,30.9,-0.1,0.0,-0.1,-0.315,-10.5,-7.7,-18.3,0.0,2025
275,De'Anthony Melton,PG,26,GSW,4,68,9.2,0.455,0.677,0.065,4.6,4.5,4.5,21.7,2.1,2.8,11.1,21.9,0.0,0.1,0.1,0.061,-4.5,-0.3,-4.8,0.0,2025
276,Sam Merrill,SG,28,CLE,11,218,11.6,0.634,0.887,0.097,1.1,8.6,5.1,8.8,1.8,0.4,7.2,14.0,0.3,0.2,0.6,0.126,-0.3,-0.2,-0.5,0.1,2025
277,Vasilije Micić,PG,31,CHO,3,45,-2.7,0.194,0.389,0.0,11.9,15.0,13.4,8.8,1.1,0.0,18.2,20.5,-0.2,0.0,-0.2,-0.239,-11.0,-4.1,-15.1,-0.1,2025
278,Brandon Miller,SF,22,CHO,5,125,19.6,0.573,0.615,0.169,2.6,14.4,8.3,23.6,1.6,2.3,7.9,25.5,0.3,0.1,0.4,0.161,5.0,1.5,6.5,0.3,2025
279,Jordan Miller,SF,25,LAC,2,8,-14.8,0.266,1.0,2.0,0.0,0.0,0.0,0.0,0.0,0.0,51.5,21.0,-0.1,0.0,-0.1,-0.433,-17.8,-8.2,-26.0,0.0,2025
280,Dariq Whitehead,SF,20,BRK,1,2,-44.5,,,,0.0,62.8,30.1,0.0,0.0,0.0,100.0,44.1,-0.1,0.0,-0.1,-1.338,-41.6,-9.4,-51.0,0.0,2025
281,Patty Mills,PG,36,UTA,9,138,6.0,0.495,0.774,0.097,0.8,5.3,3.1,14.2,2.1,1.3,19.8,12.0,-0.1,0.0,-0.1,-0.018,-4.9,-0.1,-4.9,-0.1,2025
282,Shake Milton,SG,28,BRK,8,73,6.7,0.504,0.923,0.154,3.2,8.6,5.8,10.8,1.4,0.0,6.7,9.0,0.1,0.0,0.1,0.07,-3.0,0.2,-2.8,0.0,2025
283,Riley Minix,SF,24,SAS,1,7,-1.9,0.0,1.0,0.0,0.0,29.7,15.5,0.0,0.0,0.0,0.0,6.2,0.0,0.0,0.0,-0.09,-9.0,-3.2,-12.3,0.0,2025
284,Josh Minott,SF,22,MIN,4,36,0.8,0.509,0.5,0.333,0.0,12.2,6.5,0.0,0.0,4.8,30.4,11.9,-0.1,0.0,-0.1,-0.069,-9.2,-0.6,-9.8,-0.1,2025
285,Yves Missi,C,20,NOP,10,216,14.1,0.497,0.0,0.396,12.9,16.0,14.4,9.7,1.1,6.2,9.6,12.3,0.2,0.1,0.3,0.072,-2.7,-1.2,-3.9,-0.1,2025
286,Ajay Mitchell,SG,22,OKC,9,125,13.4,0.626,0.273,0.091,1.7,9.5,5.7,19.0,3.0,0.8,14.9,13.5,0.2,0.3,0.5,0.187,-2.4,3.0,0.6,0.1,2025
287,Davion Mitchell,PG,26,TOR,10,289,10.3,0.523,0.483,0.149,1.9,7.6,4.7,27.5,1.7,1.2,19.9,16.3,0.1,0.0,0.1,0.012,-1.9,-1.3,-3.2,-0.1,2025
288,Donovan Mitchell,SG,28,CLE,11,333,19.1,0.595,0.442,0.221,1.9,9.2,5.8,18.2,2.0,0.6,11.8,31.1,0.5,0.4,0.8,0.121,1.5,-1.7,-0.2,0.1,2025
289,Evan Mobley,C,23,CLE,11,329,22.1,0.616,0.138,0.297,6.8,25.4,16.7,12.8,1.7,5.6,11.8,24.7,0.7,0.6,1.3,0.188,0.7,1.2,1.9,0.3,2025
290,Jonathan Mogbo,PF,23,TOR,10,168,17.5,0.573,0.15,0.65,16.4,13.1,14.8,16.0,3.1,3.2,16.3,14.9,0.3,0.1,0.4,0.127,0.1,0.8,0.9,0.1,2025
291,Malik Monk,SG,26,SAC,9,243,14.7,0.547,0.416,0.238,0.0,12.5,6.4,15.6,1.6,1.6,5.9,21.1,0.3,0.3,0.5,0.104,-0.7,-0.3,-1.0,0.1,2025
292,Moses Moody,SG,22,GSW,9,155,17.0,0.66,0.585,0.215,4.0,9.2,6.6,10.2,1.2,0.6,11.2,21.5,0.3,0.2,0.5,0.159,1.9,-1.1,0.9,0.1,2025
293,Wendell Moore Jr.,SG,23,DET,3,8,8.4,1.0,0.0,0.0,0.0,13.7,7.0,17.5,0.0,0.0,50.0,10.7,0.0,0.0,0.0,0.016,-3.4,-1.2,-4.6,0.0,2025
294,Ja Morant,PG,25,MEM,8,223,20.0,0.555,0.248,0.432,2.0,16.3,9.6,48.6,1.0,0.9,18.6,33.2,0.3,0.3,0.5,0.117,2.9,-1.7,1.2,0.2,2025
295,Markieff Morris,PF,35,DAL,1,5,9.5,0.0,0.0,0.0,0.0,42.1,21.1,45.5,0.0,0.0,0.0,8.6,0.0,0.0,0.0,0.049,-0.9,4.8,3.9,0.0,2025
296,Monte Morris,PG,29,PHO,6,56,16.1,0.512,0.588,0.471,4.1,9.2,6.8,22.4,2.6,1.6,4.6,17.2,0.1,0.1,0.2,0.145,0.6,1.5,2.1,0.1,2025
297,Dejounte Murray,PG,28,NOP,1,30,17.0,0.387,0.2,0.467,0.0,31.8,15.3,48.8,1.6,0.0,5.2,27.0,0.0,0.0,0.0,0.034,-4.1,-1.7,-5.7,0.0,2025
298,Jamal Murray,PG,27,DEN,6,209,13.9,0.533,0.367,0.311,1.6,12.0,6.8,19.2,1.4,0.0,8.9,22.4,0.3,0.1,0.4,0.086,-0.8,-2.1,-3.0,0.0,2025
299,Keegan Murray,SF,24,SAC,9,339,12.9,0.536,0.504,0.168,9.4,16.3,12.9,6.9,0.6,2.0,5.5,16.4,0.4,0.3,0.8,0.107,-0.6,-1.8,-2.4,0.0,2025
300,Kris Murray,SF,24,POR,10,135,10.2,0.505,0.429,0.429,7.5,12.3,9.8,8.3,1.8,0.7,12.6,14.6,0.0,0.1,0.1,0.031,-2.1,-1.0,-3.1,0.0,2025
301,Svi Mykhailiuk,SF,27,UTA,1,15,5.1,0.5,0.833,0.0,0.0,6.9,3.5,21.9,3.2,0.0,25.0,22.0,0.0,0.0,0.0,-0.09,-4.8,-1.0,-5.9,0.0,2025
302,Larry Nance Jr.,PF,32,ATL,6,89,22.6,0.842,0.433,0.067,8.5,9.9,9.2,14.3,2.1,1.1,11.5,16.1,0.3,0.0,0.4,0.19,5.3,-1.0,4.3,0.1,2025
303,Andrew Nembhard,SG,25,IND,7,187,7.7,0.452,0.25,0.192,0.6,7.6,4.3,23.0,1.6,0.0,15.1,15.6,-0.1,0.0,0.0,-0.013,-4.2,-1.9,-6.1,-0.2,2025
304,Aaron Nesmith,SF,25,IND,6,136,12.2,0.659,0.306,0.361,3.5,16.0,10.0,6.0,1.4,1.3,10.7,15.1,0.2,0.1,0.3,0.102,-2.3,-0.6,-2.9,0.0,2025
305,Georges Niang,PF,31,CLE,11,205,9.5,0.585,0.661,0.034,3.0,16.1,10.0,8.3,0.9,1.3,13.1,14.7,0.1,0.2,0.3,0.077,-2.7,-0.7,-3.4,-0.1,2025
306,Zeke Nnaji,PF,24,DEN,5,33,12.4,0.557,0.333,0.222,6.6,6.6,6.6,8.4,0.0,5.5,0.0,12.5,0.1,0.0,0.1,0.105,-1.0,-1.2,-2.2,0.0,2025
307,Jaylen Nowell,SG,25,NOP,3,40,7.1,0.47,0.381,0.143,2.8,3.0,2.9,8.1,1.2,0.0,11.8,26.9,-0.1,0.0,-0.1,-0.112,-3.7,-5.1,-8.9,-0.1,2025
308,Jusuf Nurkić,C,30,PHO,9,229,12.6,0.587,0.382,0.544,7.6,36.2,22.6,7.7,1.5,2.7,25.6,22.1,-0.2,0.4,0.2,0.039,-4.5,0.2,-4.4,-0.1,2025
309,Royce O'Neale,SF,31,PHO,9,231,18.0,0.713,0.613,0.145,7.0,19.7,13.7,13.4,1.3,3.1,10.8,14.3,0.6,0.3,0.9,0.192,3.0,1.0,4.1,0.4,2025
310,Josh Okogie,SG,26,PHO,1,5,25.1,0.773,0.667,0.667,0.0,0.0,0.0,0.0,0.0,0.0,20.5,43.7,0.0,0.0,0.0,-0.031,7.4,-4.5,2.8,0.0,2025
311,Onyeka Okongwu,C,24,ATL,9,204,19.3,0.628,0.224,0.373,9.5,18.4,13.9,12.2,1.4,2.9,4.9,16.5,0.6,0.1,0.7,0.168,2.0,-0.9,1.1,0.2,2025
312,Isaac Okoro,SG,24,CLE,11,224,11.8,0.614,0.521,0.271,6.1,7.9,7.0,9.4,1.5,1.6,5.3,11.1,0.5,0.2,0.7,0.149,-0.5,0.0,-0.5,0.1,2025
313,Kelly Oubre Jr.,SF,29,PHI,8,253,10.7,0.49,0.367,0.2,4.5,12.4,8.0,6.8,1.8,0.4,8.4,24.2,-0.1,0.1,-0.1,-0.011,-3.3,-2.3,-5.6,-0.2,2025
314,Chris Paul,PG,39,SAS,10,283,16.0,0.607,0.675,0.138,1.6,11.7,6.9,42.0,1.9,0.3,20.6,16.4,0.6,0.3,0.9,0.149,1.3,-0.2,1.1,0.2,2025
315,Cameron Payne,PG,30,NYK,5,77,12.3,0.419,0.455,0.03,4.5,10.5,7.5,28.8,2.0,1.3,5.6,20.5,0.0,0.1,0.1,0.059,-1.9,-0.1,-2.0,0.0,2025
316,Gary Payton II,PG,32,GSW,9,111,19.7,0.735,0.233,0.2,7.5,7.3,7.4,15.0,3.0,3.4,13.3,14.1,0.3,0.2,0.5,0.226,1.0,3.1,4.1,0.2,2025
317,Drew Peterson,PF,25,BOS,2,6,8.3,0.0,1.0,0.0,0.0,18.9,9.3,0.0,8.1,30.1,50.0,14.3,-0.1,0.0,0.0,-0.147,-9.1,12.6,3.5,0.0,2025
318,Julian Phillips,SF,21,CHI,10,139,11.4,0.552,0.55,0.25,7.3,5.3,6.3,3.9,3.3,0.6,8.3,14.4,0.1,0.1,0.2,0.073,-2.6,0.3,-2.3,0.0,2025
319,Jalen Pickett,SG,25,DEN,2,4,-9.2,0.0,1.0,0.0,0.0,0.0,0.0,0.0,0.0,0.0,0.0,10.4,0.0,0.0,0.0,-0.244,-11.1,-5.7,-16.8,0.0,2025
320,Scotty Pippen Jr.,PG,24,MEM,10,260,16.0,0.603,0.337,0.267,2.6,14.0,8.6,34.9,2.0,1.5,20.6,18.8,0.4,0.4,0.8,0.145,-0.2,0.7,0.5,0.2,2025
321,Mason Plumlee,C,34,PHO,9,144,13.0,0.614,0.0,0.783,8.8,20.9,15.2,8.7,1.0,3.1,11.5,10.8,0.2,0.2,0.4,0.138,-2.5,0.4,-2.1,0.0,2025
322,Brandin Podziemski,SG,21,GSW,8,223,10.1,0.441,0.453,0.093,5.1,15.1,10.1,19.0,1.9,1.7,13.5,19.3,-0.1,0.4,0.3,0.055,-4.3,0.1,-4.2,-0.1,2025
323,Jakob Poeltl,C,29,TOR,10,325,16.7,0.593,0.0,0.308,12.9,27.5,20.0,12.8,1.5,3.6,19.2,18.3,0.3,0.2,0.5,0.076,-1.2,-0.3,-1.4,0.0,2025
324,Jordan Poole,SG,25,WAS,7,209,18.2,0.6,0.523,0.248,1.5,3.0,2.2,23.9,3.7,3.0,15.4,27.8,0.1,0.1,0.2,0.057,2.4,0.3,2.7,0.2,2025
325,Craig Porter Jr.,PG,24,CLE,7,33,14.9,0.611,0.333,0.0,0.0,13.3,7.1,18.7,0.0,11.1,18.2,14.6,0.0,0.1,0.1,0.115,0.6,1.3,2.0,0.0,2025
326,Kevin Porter Jr.,SG,24,LAC,10,167,7.8,0.421,0.264,0.149,4.6,20.3,12.4,27.2,2.4,0.6,21.2,30.6,-0.6,0.3,-0.4,-0.103,-6.6,-0.7,-7.3,-0.2,2025
327,Michael Porter Jr.,SF,26,DEN,9,332,15.1,0.595,0.538,0.123,4.3,16.4,10.3,11.0,1.4,0.8,7.4,18.6,0.5,0.2,0.8,0.115,1.9,-1.4,0.5,0.2,2025
328,Bobby Portis,PF,29,MIL,9,227,13.9,0.496,0.252,0.084,9.5,26.2,17.8,5.6,0.9,2.6,11.2,24.1,-0.2,0.2,0.0,0.003,-2.9,-2.7,-5.6,-0.2,2025
329,Dwight Powell,C,33,DAL,8,70,12.5,0.893,0.0,2.5,7.6,16.6,12.1,6.9,1.4,5.4,26.3,7.0,0.1,0.1,0.3,0.179,-2.5,2.5,-0.1,0.0,2025
330,Norman Powell,SG,31,LAC,10,342,21.6,0.668,0.485,0.263,1.3,9.9,5.6,12.6,1.6,0.9,9.9,26.9,1.0,0.4,1.4,0.194,5.8,0.1,5.9,0.7,2025
331,Taurean Prince,PF,30,MIL,9,252,11.0,0.702,0.638,0.0,3.0,15.0,9.0,8.5,1.5,0.4,13.0,9.4,0.4,0.1,0.5,0.095,-0.8,-0.1,-0.9,0.1,2025
332,Payton Pritchard,SG,27,BOS,10,287,18.1,0.665,0.807,0.184,3.1,7.9,5.5,13.1,1.9,0.0,8.9,20.3,0.8,0.3,1.2,0.196,3.1,0.1,3.2,0.4,2025
333,Olivier-Maxence Prosper,PF,22,DAL,6,36,-2.1,0.273,0.182,0.0,8.8,2.9,5.9,0.0,0.0,0.0,8.3,14.3,-0.1,0.0,-0.1,-0.114,-10.3,-4.6,-15.0,-0.1,2025
334,Trevelin Queen,SG,27,ORL,1,3,-16.5,,,,0.0,0.0,0.0,0.0,0.0,0.0,100.0,14.2,0.0,0.0,0.0,-0.436,-16.4,-6.6,-23.0,0.0,2025
335,Neemias Queta,C,25,BOS,9,151,17.1,0.642,0.025,0.25,14.6,22.5,18.5,4.8,0.3,4.2,11.9,14.4,0.4,0.2,0.6,0.189,-0.9,-0.1,-1.0,0.0,2025
336,Immanuel Quickley,PG,25,TOR,2,40,22.6,0.574,0.444,0.222,2.8,11.6,7.1,33.3,2.4,0.0,9.2,33.2,0.1,0.0,0.1,0.133,6.9,0.3,7.1,0.1,2025
337,Lester Quiñones,SG,24,PHI,2,5,40.1,0.615,0.5,0.5,41.8,26.1,34.8,35.0,0.0,0.0,0.0,21.0,0.0,0.0,0.0,0.438,14.8,0.5,15.3,0.0,2025
338,Julius Randle,PF,30,MIN,9,299,20.9,0.657,0.299,0.37,7.4,15.8,11.9,21.3,1.0,0.3,14.5,25.1,0.9,0.3,1.2,0.191,3.3,-0.5,2.7,0.4,2025
339,Duop Reath,C,28,POR,5,16,11.8,0.5,0.667,0.0,6.3,6.9,6.6,18.0,0.0,6.2,14.3,18.1,0.0,0.0,0.0,0.021,1.5,-1.6,-0.1,0.0,2025
340,Austin Reaves,SG,26,LAL,9,310,16.1,0.603,0.538,0.261,3.4,12.6,8.1,21.9,2.0,1.1,14.8,21.5,0.4,0.2,0.6,0.087,1.1,-0.3,0.7,0.2,2025
341,Cam Reddish,SF,25,LAL,4,77,12.6,0.836,0.333,0.444,3.0,21.7,12.5,6.7,2.5,1.1,15.7,7.1,0.1,0.1,0.2,0.127,-1.2,1.5,0.2,0.0,2025
342,Paul Reed,PF,25,DET,4,42,17.8,0.628,0.118,0.176,5.5,10.4,8.0,7.9,4.6,6.8,21.4,23.8,0.0,0.1,0.1,0.083,-2.6,3.6,1.0,0.0,2025
343,Alex Reese,PF,25,OKC,1,2,53.7,1.0,0.0,0.0,51.9,0.0,25.4,0.0,0.0,0.0,0.0,21.0,0.0,0.0,0.0,0.627,21.8,-3.4,18.4,0.0,2025
344,Antonio Reeves,SG,24,NOP,5,29,-3.4,0.231,0.692,0.0,0.0,20.5,9.9,4.6,1.7,0.0,7.1,20.5,-0.2,0.0,-0.1,-0.242,-10.2,-4.8,-15.0,-0.1,2025
345,Naz Reid,C,25,MIN,9,215,19.5,0.701,0.5,0.22,3.4,23.5,14.1,10.7,0.9,2.0,10.9,20.4,0.6,0.3,0.9,0.195,2.7,0.7,3.4,0.3,2025
346,Jared Rhoden,SG,25,CHO,2,8,26.3,0.4,0.2,0.0,13.4,28.1,20.5,43.4,6.1,0.0,0.0,26.3,0.0,0.0,0.0,0.187,4.3,6.1,10.4,0.0,2025
347,Nick Richards,C,27,CHO,5,137,21.0,0.644,0.03,0.667,15.6,24.6,20.0,9.8,0.7,8.4,14.1,15.2,0.3,0.2,0.5,0.187,-0.3,0.6,0.2,0.1,2025
348,Josh Richardson,SG,31,MIA,3,58,2.1,0.313,0.563,0.0,5.5,3.8,4.7,11.6,5.1,0.0,23.8,15.6,-0.2,0.1,-0.1,-0.101,-10.7,1.1,-9.6,-0.1,2025
349,Zaccharie Risacher,SF,19,ATL,11,297,9.6,0.473,0.46,0.282,5.5,8.9,7.2,7.2,1.6,3.7,9.1,21.3,-0.2,0.1,-0.2,-0.025,-3.5,-2.6,-6.1,-0.3,2025
350,Liam Robbins,C,25,MIL,3,17,8.3,0.525,0.333,1.333,12.7,6.4,9.5,0.0,0.0,0.0,0.0,12.2,0.0,0.0,0.0,0.054,-4.4,-3.7,-8.1,0.0,2025
351,Duncan Robinson,SF,30,MIA,7,114,11.0,0.536,0.745,0.0,0.0,10.6,5.2,11.1,0.4,2.6,5.2,22.0,0.0,0.0,0.1,0.027,-0.4,-3.1,-3.4,0.0,2025
352,Jeremiah Robinson-Earl,PF,24,NOP,10,173,12.1,0.584,0.364,0.205,10.9,11.0,11.0,6.6,1.7,0.5,14.3,13.8,0.2,0.0,0.2,0.057,-1.3,-2.5,-3.8,-0.1,2025
353,David Roddy,PF,23,ATL,9,183,13.2,0.692,0.5,0.31,2.4,21.2,11.6,14.1,1.5,1.1,20.1,13.4,0.2,0.1,0.3,0.079,-0.3,-0.5,-0.8,0.1,2025
354,Ryan Rollins,PG,22,MIL,7,34,18.2,0.723,0.4,0.4,3.2,12.7,7.9,26.5,2.8,2.9,25.4,20.3,0.1,0.0,0.1,0.142,0.2,3.1,3.3,0.0,2025
355,Terry Rozier,PG,30,MIA,8,260,13.0,0.55,0.566,0.192,1.6,14.4,7.9,20.2,1.0,0.8,11.5,20.2,0.2,0.1,0.3,0.063,-0.3,-1.6,-1.9,0.0,2025
356,Rayan Rupert,SG,20,POR,9,103,14.0,0.641,0.419,0.129,3.9,9.7,6.7,3.0,2.8,1.0,8.4,14.3,0.1,0.1,0.2,0.104,-1.1,0.3,-0.7,0.0,2025
357,D'Angelo Russell,PG,28,LAL,9,266,12.2,0.524,0.52,0.2,1.7,6.7,4.3,26.0,1.4,0.3,12.1,19.9,0.2,0.1,0.2,0.042,-1.4,-1.8,-3.2,-0.1,2025
358,Matt Ryan,SF,27,NYK,1,6,14.2,0.75,1.0,0.0,0.0,0.0,0.0,0.0,0.0,0.0,0.0,14.9,0.0,0.0,0.0,0.118,4.0,-2.3,1.7,0.0,2025
359,Domantas Sabonis,C,28,SAC,9,330,25.1,0.732,0.173,0.49,9.3,31.1,20.4,29.1,0.9,0.6,15.4,19.6,1.5,0.4,1.9,0.282,5.4,1.8,7.1,0.8,2025
360,Tidjane Salaün,PF,19,CHO,7,115,3.8,0.368,0.724,0.069,4.6,15.6,10.0,6.9,1.3,0.0,14.3,12.7,-0.2,0.1,-0.1,-0.041,-5.7,-1.2,-6.9,-0.1,2025
361,Adama Sanogo,C,22,CHI,2,9,12.8,0.5,0.0,0.0,11.3,0.0,5.7,17.4,0.0,0.0,0.0,18.3,0.0,0.0,0.0,0.081,-0.1,-1.0,-1.1,0.0,2025
362,Gui Santos,PF,22,GSW,5,20,8.7,0.773,0.667,0.667,5.2,20.4,12.9,12.4,0.0,0.0,34.0,12.2,0.0,0.0,0.0,0.087,-5.2,-0.8,-6.0,0.0,2025
363,Dario Šarić,PF,30,DEN,5,44,-1.7,0.194,0.25,0.167,9.9,9.9,9.9,2.8,1.1,0.0,13.4,14.1,-0.2,0.0,-0.1,-0.148,-9.2,-5.2,-14.4,-0.1,2025
364,Alex Sarr,PF,19,WAS,7,175,12.5,0.441,0.493,0.232,7.6,20.5,14.0,12.1,1.0,9.3,9.5,19.5,-0.1,0.2,0.0,0.003,-3.9,0.2,-3.7,-0.1,2025
365,Marcus Sasser,PG,24,DET,4,25,9.5,0.667,0.333,0.0,4.6,4.4,4.5,15.8,2.0,0.0,25.0,6.9,0.0,0.0,0.0,0.093,-3.6,0.0,-3.6,0.0,2025
366,Baylor Scheierman,SG,24,BOS,3,18,0.8,0.291,0.667,0.333,6.1,18.9,12.4,0.0,0.0,0.0,0.0,16.4,0.0,0.0,0.0,-0.064,-10.4,-2.7,-13.0,-0.1,2025
367,Dennis Schröder,PG,31,BRK,10,352,18.1,0.628,0.459,0.219,0.7,9.6,5.0,30.5,2.1,0.0,14.0,23.3,0.8,0.3,1.1,0.146,2.6,-0.1,2.4,0.4,2025
368,Alperen Sengun,C,22,HOU,9,254,21.1,0.496,0.12,0.328,12.8,29.5,20.8,22.6,1.9,3.6,11.7,26.3,0.3,0.5,0.8,0.151,2.4,2.2,4.7,0.4,2025
369,Brice Sensabaugh,SF,21,UTA,8,103,10.5,0.622,0.636,0.273,5.2,10.1,7.7,6.5,1.4,0.0,21.3,18.8,0.0,0.0,0.0,0.001,-1.4,-2.0,-3.3,0.0,2025
370,Collin Sexton,SG,26,UTA,9,232,14.0,0.593,0.273,0.475,0.9,9.0,5.0,22.0,1.6,0.8,17.3,25.7,0.1,0.1,0.2,0.042,-1.7,-1.5,-3.2,-0.1,2025
371,Terrence Shannon Jr.,SG,24,MIN,4,15,13.8,0.667,0.333,0.0,0.0,0.0,0.0,18.3,6.5,5.8,40.0,14.5,0.0,0.0,0.0,0.05,-2.1,5.7,3.6,0.0,2025
372,Shaedon Sharpe,SG,21,POR,2,41,9.3,0.519,0.471,0.176,2.5,8.1,5.2,11.7,0.0,2.4,14.1,21.5,0.0,0.0,0.0,-0.03,-3.2,-2.9,-6.1,0.0,2025
373,Jamal Shead,PG,22,TOR,10,168,8.4,0.48,0.339,0.179,0.7,6.2,3.4,31.0,1.1,1.1,19.9,18.2,0.0,0.0,-0.1,-0.022,-3.6,-2.6,-6.2,-0.2,2025
374,Ben Sheppard,SG,23,IND,9,168,9.7,0.636,0.727,0.0,2.8,9.1,6.1,7.9,0.6,1.1,6.4,12.3,0.2,0.0,0.2,0.067,-1.3,-1.6,-2.9,0.0,2025
375,Reed Sheppard,SG,20,HOU,9,103,8.1,0.517,0.467,0.0,2.0,8.5,5.1,20.0,0.5,0.9,18.9,14.8,0.0,0.1,0.1,0.037,-2.6,-0.9,-3.5,0.0,2025
376,Pascal Siakam,PF,30,IND,9,301,21.6,0.641,0.306,0.187,5.9,15.2,10.8,22.3,1.3,0.6,7.6,22.9,0.9,0.1,1.1,0.168,5.1,-0.9,4.3,0.5,2025
377,Ben Simmons,PG,28,BRK,7,174,11.9,0.637,0.0,0.125,4.6,25.3,14.5,36.9,1.4,2.3,40.5,14.4,0.0,0.2,0.2,0.069,-2.7,2.4,-0.3,0.1,2025
378,Anfernee Simons,SG,25,POR,10,332,13.3,0.517,0.491,0.216,0.6,6.7,3.5,24.1,1.3,0.3,12.0,25.9,0.1,0.1,0.2,0.024,0.1,-2.6,-2.4,0.0,2025
379,KJ Simpson,PG,22,CHO,1,7,22.2,0.5,0.5,0.0,30.6,16.0,23.5,20.9,0.0,0.0,0.0,12.0,0.0,0.0,0.0,0.22,6.5,-0.9,5.6,0.0,2025
380,Jericho Sims,C,26,NYK,8,110,7.6,0.563,0.0,0.25,13.7,19.9,16.8,3.3,0.9,2.7,36.0,5.6,0.1,0.1,0.2,0.066,-4.4,-0.7,-5.0,-0.1,2025
381,Marcus Smart,PG,30,MEM,5,99,6.2,0.36,0.529,0.324,5.7,6.1,5.9,16.8,2.8,3.0,15.3,18.7,-0.2,0.1,0.0,-0.02,-6.4,-0.4,-6.8,-0.1,2025
382,Dru Smith,SG,27,MIA,4,28,7.2,0.333,0.167,0.0,7.6,19.7,13.5,9.6,0.0,14.0,25.0,12.3,-0.1,0.0,0.0,-0.041,-5.9,1.2,-4.7,0.0,2025
383,Jabari Smith Jr.,PF,21,HOU,9,259,12.3,0.532,0.461,0.225,7.4,17.4,12.2,4.4,0.6,1.4,6.7,16.7,0.3,0.3,0.6,0.111,-0.7,-0.9,-1.6,0.0,2025
384,Jalen Smith,PF,24,CHI,9,131,18.8,0.592,0.557,0.246,10.8,26.3,18.4,5.9,1.8,1.9,6.9,22.8,0.2,0.2,0.4,0.139,0.7,-1.9,-1.3,0.0,2025
385,Nick Smith Jr.,SG,20,CHO,3,19,2.3,0.389,0.556,0.0,0.0,5.9,2.9,0.0,2.6,0.0,10.0,22.1,-0.1,0.0,-0.1,-0.13,-8.1,-1.9,-10.0,0.0,2025
386,Tyler Smith,PF,20,MIL,7,27,18.4,0.715,0.545,0.182,4.0,16.0,10.0,0.0,0.0,7.2,14.4,22.5,0.0,0.0,0.0,0.089,0.6,0.1,0.7,0.0,2025
387,Jeremy Sochan,PF,21,SAS,7,205,16.6,0.557,0.14,0.291,9.5,18.8,14.3,17.3,1.7,1.3,14.2,24.0,0.1,0.3,0.4,0.096,-0.4,0.5,0.1,0.1,2025
388,Pat Spencer,PG,28,GSW,3,5,27.0,0.667,0.0,0.0,0.0,0.0,0.0,39.3,0.0,0.0,0.0,25.0,0.0,0.0,0.0,0.262,4.6,-2.0,2.6,0.0,2025
389,Jaden Springer,PG,22,BOS,4,16,7.0,0.255,0.4,0.4,13.8,14.1,14.0,7.9,6.1,0.0,14.5,18.5,-0.1,0.0,0.0,-0.044,-8.7,3.4,-5.3,0.0,2025
390,Isaiah Stewart,C,23,DET,10,215,13.4,0.553,0.114,0.371,14.0,23.4,18.8,14.7,1.1,5.8,24.2,10.7,0.2,0.4,0.6,0.13,-3.1,2.8,-0.3,0.1,2025
391,Julian Strawther,SG,22,DEN,9,190,10.6,0.581,0.484,0.203,2.9,8.0,5.5,10.3,2.3,1.0,13.6,17.7,0.1,0.1,0.2,0.061,-3.0,-0.7,-3.7,-0.1,2025
392,Jalen Suggs,SG,23,ORL,10,303,17.3,0.586,0.52,0.256,1.4,19.3,10.0,24.0,2.7,3.4,16.3,23.4,0.1,0.6,0.7,0.117,0.9,2.3,3.2,0.4,2025
393,Jae'Sean Tate,SF,29,HOU,3,13,23.3,0.592,0.2,0.8,15.6,42.3,28.4,24.6,3.8,0.0,22.8,27.8,0.0,0.0,0.0,0.163,-0.9,3.6,2.7,0.0,2025
394,Jayson Tatum,SF,26,BOS,10,356,26.8,0.63,0.566,0.41,1.6,21.3,11.3,23.9,2.5,1.5,10.0,32.5,1.3,0.7,1.9,0.257,7.3,1.8,9.1,1.0,2025
395,Garrett Temple,SG,38,TOR,2,9,12.5,0.5,0.5,0.0,0.0,0.0,0.0,28.2,5.3,0.0,0.0,9.0,0.0,0.0,0.0,0.127,-3.7,4.0,0.3,0.0,2025
396,Dalen Terry,SG,22,CHI,10,128,10.9,0.545,0.323,0.484,7.1,8.2,7.6,10.4,2.2,3.3,17.5,14.7,0.0,0.1,0.2,0.061,-3.7,-0.2,-3.9,-0.1,2025
397,Daniel Theis,C,32,NOP,10,148,10.0,0.493,0.303,0.242,5.3,22.5,13.6,14.0,1.0,4.2,18.0,12.8,0.0,0.1,0.1,0.017,-4.5,-0.5,-5.0,-0.1,2025
398,Cam Thomas,SG,23,BRK,10,346,16.1,0.561,0.4,0.344,1.3,9.4,5.2,16.0,1.3,0.0,11.1,32.2,0.2,0.2,0.4,0.06,0.4,-2.1,-1.7,0.0,2025
399,Amen Thompson,SF,22,HOU,9,218,15.0,0.583,0.164,0.403,7.0,19.7,13.1,11.9,1.4,1.7,16.0,17.8,0.2,0.3,0.5,0.119,-0.3,1.0,0.7,0.1,2025
400,Klay Thompson,SG,34,DAL,9,269,13.3,0.573,0.697,0.055,2.4,10.2,6.3,8.4,1.1,0.7,5.9,19.0,0.3,0.3,0.6,0.1,1.2,-1.3,-0.1,0.1,2025
401,Tristan Thompson,PF,33,CLE,5,26,6.7,0.543,0.0,0.714,0.0,21.2,11.2,5.0,0.0,0.0,17.9,18.9,-0.1,0.0,0.0,-0.061,-5.2,-3.0,-8.3,0.0,2025
402,Xavier Tillman Sr.,PF,26,BOS,8,92,4.7,0.326,0.609,0.0,7.2,17.2,12.1,8.3,1.6,0.0,11.5,12.2,-0.1,0.1,0.0,0.006,-5.6,-0.8,-6.4,-0.1,2025
403,Jacob Toppin,SF,24,NYK,3,10,8.2,0.5,0.5,0.0,0.0,11.5,5.8,12.9,0.0,0.0,0.0,8.9,0.0,0.0,0.0,0.057,-2.7,-2.2,-4.8,0.0,2025
404,Obi Toppin,PF,26,IND,9,187,14.7,0.636,0.414,0.224,5.7,11.1,8.5,10.5,1.3,1.0,11.2,16.8,0.3,0.1,0.4,0.095,0.7,-1.5,-0.7,0.1,2025
405,Karl-Anthony Towns,C,29,NYK,8,257,28.8,0.653,0.275,0.305,12.6,33.2,22.9,13.4,1.0,2.7,8.6,28.2,1.1,0.3,1.5,0.274,6.5,-0.3,6.2,0.5,2025
406,Luke Travers,SG,23,CLE,2,7,38.1,1.064,0.0,2.0,17.8,31.4,25.1,35.0,0.0,13.1,0.0,11.8,0.1,0.0,0.1,0.685,6.9,8.9,15.8,0.0,2025
407,Gary Trent Jr.,SG,26,MIL,8,215,3.0,0.432,0.639,0.23,0.0,5.5,2.8,4.3,1.3,0.0,9.4,15.1,-0.3,0.0,-0.3,-0.061,-7.4,-1.9,-9.2,-0.4,2025
408,Myles Turner,C,28,IND,8,254,12.4,0.557,0.398,0.32,3.7,22.3,13.4,6.8,1.3,5.1,17.5,24.6,-0.3,0.3,-0.1,-0.01,-3.6,-1.2,-4.8,-0.2,2025
409,Hunter Tyson,PF,24,DEN,6,76,7.7,0.628,0.462,0.231,2.9,15.8,9.3,6.8,1.3,1.2,17.3,9.5,0.1,0.1,0.1,0.067,-4.4,-0.4,-4.9,-0.1,2025
410,Jaylon Tyson,SG,22,CLE,5,25,-3.4,0.509,0.667,0.333,0.0,17.6,9.4,9.1,0.0,0.0,36.8,19.1,-0.1,0.0,-0.1,-0.136,-11.7,-3.4,-15.1,-0.1,2025
411,Stanley Umude,SG,25,MIL,2,12,5.3,0.387,1.0,0.667,0.0,18.0,9.0,11.0,0.0,0.0,0.0,14.1,0.0,0.0,0.0,-0.05,-2.9,-1.9,-4.8,0.0,2025
412,Jonas Valančiūnas,C,32,WAS,7,149,22.7,0.629,0.045,0.273,11.7,26.2,18.9,22.7,1.2,2.4,15.0,23.7,0.3,0.1,0.4,0.137,2.4,-0.1,2.3,0.2,2025
413,Fred VanVleet,PG,30,HOU,9,319,13.9,0.514,0.571,0.196,2.5,8.3,5.3,22.3,2.2,0.6,6.9,16.9,0.5,0.4,0.9,0.136,0.0,1.1,1.1,0.3,2025
414,Devin Vassell,SG,24,SAS,1,22,21.0,0.756,0.462,0.154,0.0,4.7,2.5,20.4,0.0,0.0,17.8,33.4,0.0,0.0,0.0,0.09,2.4,-2.1,0.3,0.0,2025
415,Gabe Vincent,PG,28,LAL,9,163,0.4,0.356,0.622,0.054,1.4,4.1,2.8,3.9,1.5,0.0,13.7,11.5,-0.3,0.0,-0.3,-0.095,-8.7,-2.0,-10.6,-0.4,2025
416,Nikola Vučević,C,34,CHI,10,319,23.4,0.683,0.31,0.176,8.3,25.2,16.6,16.7,0.9,2.1,9.5,21.8,1.0,0.3,1.3,0.203,4.6,-0.3,4.2,0.5,2025
417,Dean Wade,PF,28,CLE,9,203,11.4,0.545,0.804,0.174,3.1,19.5,11.8,9.1,2.4,0.9,3.9,11.1,0.2,0.3,0.5,0.128,-0.4,1.4,1.0,0.2,2025
418,Franz Wagner,SF,23,ORL,10,291,19.2,0.567,0.308,0.244,4.8,15.7,10.0,27.6,2.3,0.6,12.6,29.0,0.2,0.5,0.7,0.116,1.9,0.6,2.4,0.3,2025
419,Moritz Wagner,C,27,ORL,10,178,17.2,0.635,0.286,0.494,3.0,26.3,14.1,8.0,1.6,1.6,16.9,27.0,0.1,0.3,0.4,0.103,-1.9,0.5,-1.5,0.0,2025
420,Jabari Walker,SF,22,POR,9,83,11.5,0.527,0.333,0.333,11.0,20.0,15.3,5.2,0.6,1.2,12.7,15.7,0.1,0.0,0.1,0.06,-2.8,-2.1,-5.0,-0.1,2025
421,Jarace Walker,PF,21,IND,9,110,16.2,0.665,0.455,0.212,5.4,16.9,11.4,12.8,3.5,1.7,18.1,17.6,0.1,0.1,0.2,0.109,0.7,1.4,2.0,0.1,2025
422,Cason Wallace,SG,21,OKC,9,222,9.4,0.472,0.387,0.016,3.3,10.7,7.1,7.5,2.9,2.1,8.8,12.9,-0.1,0.6,0.5,0.111,-4.1,2.9,-1.2,0.0,2025
423,Keaton Wallace,PG,25,ATL,9,131,11.8,0.616,0.447,0.105,0.8,9.3,5.0,10.6,2.9,3.8,18.5,15.3,0.0,0.1,0.1,0.031,-2.4,0.6,-1.8,0.0,2025
424,Jordan Walsh,SF,20,BOS,9,94,2.4,0.304,0.813,0.063,2.3,9.6,5.9,2.6,1.6,2.9,10.8,8.4,-0.1,0.1,0.0,-0.01,-6.1,0.5,-5.6,-0.1,2025
425,Ja'Kobe Walter,SG,20,TOR,4,49,2.0,0.275,0.375,0.313,9.0,16.6,12.7,7.3,0.0,1.8,0.0,15.1,-0.1,0.0,-0.1,-0.079,-7.7,-4.0,-11.7,-0.1,2025
426,Kel'el Ware,C,20,MIA,4,24,4.6,0.409,0.273,0.0,0.0,27.6,13.5,0.0,4.1,4.1,15.4,23.4,-0.1,0.0,-0.1,-0.114,-10.8,-0.5,-11.4,-0.1,2025
427,P.J. Washington,PF,26,DAL,7,228,10.9,0.475,0.47,0.121,5.6,19.4,12.5,5.8,2.3,3.7,10.3,14.6,-0.1,0.4,0.3,0.068,-3.0,1.0,-2.0,0.0,2025
428,Lindy Waters III,SG,27,GSW,9,123,14.1,0.61,0.667,0.056,3.4,10.8,7.1,13.7,1.2,0.8,0.0,12.5,0.3,0.2,0.5,0.188,-0.3,0.1,-0.2,0.1,2025
429,Peyton Watson,SG,22,DEN,9,193,10.1,0.471,0.306,0.371,5.7,9.0,7.3,6.2,2.2,4.3,7.7,16.9,0.0,0.2,0.2,0.05,-3.4,-0.7,-4.1,-0.1,2025
430,Jaylen Wells,SF,21,MEM,10,260,9.2,0.522,0.485,0.175,3.9,9.3,6.8,8.5,0.7,1.1,9.5,18.0,0.1,0.2,0.3,0.049,-2.1,-1.8,-3.9,-0.1,2025
431,Victor Wembanyama,PF,21,SAS,10,309,20.1,0.542,0.464,0.235,7.4,27.6,18.0,13.0,2.2,11.8,18.0,29.0,-0.3,0.8,0.5,0.079,-0.5,2.9,2.5,0.4,2025
432,Blake Wesley,SG,21,SAS,9,103,8.7,0.488,0.25,0.25,2.2,3.0,2.6,26.4,1.9,0.0,20.0,21.1,-0.1,0.1,0.0,-0.01,-4.0,-1.7,-5.6,-0.1,2025
433,Russell Westbrook,PG,36,DEN,9,226,13.7,0.492,0.36,0.547,3.9,13.5,8.7,29.5,3.0,2.4,17.7,23.9,0.0,0.3,0.3,0.057,-1.7,0.3,-1.4,0.0,2025
434,Coby White,PG,24,CHI,10,332,14.7,0.591,0.6,0.213,0.6,10.4,5.4,22.9,1.8,0.3,14.1,23.7,0.3,0.2,0.5,0.071,-0.1,-1.5,-1.5,0.0,2025
435,Derrick White,SG,30,BOS,10,343,19.3,0.634,0.662,0.201,2.9,11.5,7.2,18.5,1.4,3.2,8.5,20.7,1.0,0.5,1.5,0.21,3.9,1.0,4.8,0.6,2025
436,Cam Whitmore,SF,20,HOU,7,74,9.9,0.436,0.409,0.273,5.5,10.4,7.8,6.5,0.7,1.2,5.7,29.1,-0.1,0.1,0.0,-0.015,-4.1,-2.7,-6.8,-0.1,2025
437,Aaron Wiggins,SG,26,OKC,9,189,17.7,0.587,0.364,0.065,5.5,14.7,10.2,12.9,2.5,1.5,7.0,18.9,0.3,0.5,0.8,0.207,1.6,2.1,3.7,0.3,2025
438,Andrew Wiggins,SF,29,GSW,7,177,16.6,0.571,0.432,0.333,5.9,11.5,8.7,10.4,0.8,2.6,7.9,23.7,0.3,0.2,0.5,0.148,1.3,-1.0,0.3,0.1,2025
439,Brandon Williams,PG,25,DAL,3,13,2.3,0.316,0.4,0.6,8.1,16.2,12.2,19.2,0.0,0.0,13.7,24.2,0.0,0.0,0.0,-0.118,-9.9,-2.9,-12.8,0.0,2025
440,Cody Williams,SG,20,UTA,9,206,3.1,0.348,0.569,0.157,3.1,9.6,6.4,8.6,1.2,1.3,12.8,12.5,-0.4,0.0,-0.3,-0.074,-6.6,-1.4,-8.0,-0.3,2025
441,Grant Williams,PF,26,CHO,9,239,10.9,0.591,0.729,0.237,4.0,15.0,9.4,12.8,2.2,1.6,19.7,14.3,0.2,0.2,0.4,0.077,-2.8,1.1,-1.7,0.0,2025
442,Jalen Williams,SG,23,OKC,9,288,18.5,0.555,0.313,0.16,2.9,17.5,10.4,23.6,2.9,1.6,11.5,25.4,0.2,0.9,1.1,0.176,0.8,3.0,3.7,0.4,2025
443,Jeenathan Williams,SG,25,HOU,1,2,73.6,1.5,1.0,0.0,0.0,100.0,52.8,0.0,0.0,0.0,0.0,20.6,0.0,0.0,0.0,0.498,29.3,13.8,43.1,0.0,2025
444,Patrick Williams,PF,23,CHI,10,280,7.3,0.469,0.518,0.176,3.6,14.9,9.2,8.5,1.8,1.8,17.2,16.3,-0.4,0.3,-0.1,-0.019,-4.6,-1.0,-5.7,-0.3,2025
445,Robert Williams,C,27,POR,1,17,44.3,0.962,0.2,0.8,11.9,6.5,9.3,20.1,5.7,5.8,0.0,16.4,0.2,0.0,0.2,0.549,15.7,6.8,22.5,0.1,2025
446,Ziaire Williams,SF,23,BRK,10,199,13.4,0.562,0.406,0.159,7.0,17.7,12.1,8.5,2.5,1.5,10.9,18.4,0.1,0.3,0.4,0.092,-1.9,0.8,-1.1,0.0,2025
447,Zion Williamson,PF,24,NOP,6,186,20.1,0.521,0.058,0.577,9.6,20.5,14.9,30.5,1.1,3.4,14.4,34.8,0.1,0.1,0.1,0.031,0.4,-1.6,-1.2,0.0,2025
448,Jalen Wilson,PF,24,BRK,10,216,10.7,0.547,0.524,0.333,5.9,13.4,9.5,13.4,0.7,0.0,12.2,16.8,0.2,0.1,0.3,0.072,-1.8,-1.1,-2.9,-0.1,2025
449,James Wiseman,C,23,IND,1,5,32.6,0.615,0.25,0.5,0.0,21.8,11.4,0.0,0.0,0.0,0.0,42.8,0.0,0.0,0.0,0.236,6.1,-5.6,0.5,0.0,2025
450,Delon Wright,PG,32,MIL,7,91,5.0,0.536,0.5,0.0,0.0,4.7,2.4,8.5,1.1,2.1,17.6,8.2,0.0,0.0,0.0,0.003,-5.1,-0.7,-5.8,-0.1,2025
451,Guerschon Yabusele,PF,29,PHI,8,161,17.2,0.659,0.647,0.196,7.8,16.2,11.5,16.3,2.5,2.5,16.6,17.7,0.3,0.1,0.4,0.127,1.0,0.6,1.6,0.1,2025
452,Trae Young,PG,26,ATL,11,402,18.7,0.549,0.498,0.38,3.0,9.6,6.3,47.5,1.6,0.5,17.3,29.6,0.6,0.0,0.6,0.077,3.5,-3.9,-0.4,0.2,2025
453,Ivica Zubac,C,27,LAC,10,351,19.6,0.585,0.0,0.317,13.9,26.7,20.2,13.0,1.1,2.8,12.5,19.8,0.6,0.6,1.2,0.171,0.8,0.3,1.1,0.3,2025
1,Steven Adams,C,31,HOU,2,24,13.7,0.872,0.0,0.333,8.1,9.3,8.7,18.2,2.1,0.0,22.5,7.5,0.1,0.0,0.1,0.169,-1.9,3.6,1.6,0.0,2025
2,Bam Adebayo,C,27,MIA,5,157,18.6,0.514,0.21,0.435,9.1,18.5,13.8,14.4,1.9,3.1,5.1,21.5,0.3,0.3,0.5,0.157,0.0,0.3,0.3,0.1,2025
3,Ochai Agbaji,SG,24,TOR,7,209,15.4,0.68,0.361,0.164,5.4,12.7,9.0,7.9,2.0,2.1,10.9,14.1,0.4,0.0,0.4,0.102,0.8,-0.4,0.3,0.1,2025
4,Santi Aldama,PF,24,MEM,7,206,15.6,0.6,0.446,0.108,4.8,22.3,14.0,15.2,0.9,2.4,13.4,17.7,0.2,0.2,0.5,0.115,0.5,-0.6,0.0,0.1,2025
5,Trey Alexander,SG,21,DEN,2,6,1.7,0.333,0.333,0.0,0.0,18.7,9.0,0.0,0.0,0.0,0.0,20.9,0.0,0.0,0.0,-0.123,-10.5,-5.6,-16.1,0.0,2025
6,Nickeil Alexander-Walker,SG,26,MIN,6,135,15.9,0.701,0.676,0.206,3.5,8.3,5.9,21.6,1.5,1.3,13.9,14.1,0.3,0.1,0.4,0.148,2.6,0.3,2.9,0.2,2025
7,Grayson Allen,SG,29,PHO,4,71,14.3,0.519,0.69,0.069,3.2,11.2,7.4,13.2,3.4,4.7,9.1,20.6,0.0,0.1,0.1,0.084,-0.8,2.8,2.0,0.1,2025
8,Jarrett Allen,C,26,CLE,7,205,24.3,0.756,0.0,0.571,9.1,33.0,21.9,5.1,1.4,4.4,10.2,16.6,0.8,0.5,1.2,0.283,2.8,0.8,3.7,0.3,2025
9,Jose Alvarado,PG,26,NOP,6,131,12.9,0.514,0.579,0.053,2.5,8.5,5.4,27.5,3.3,2.1,15.3,14.7,0.1,0.1,0.2,0.082,-1.9,1.1,-0.8,0.0,2025
10,Kyle Anderson,SF,31,GSW,6,97,16.1,0.43,0.5,0.125,7.8,14.5,11.2,18.6,5.0,2.7,8.2,15.9,0.1,0.3,0.4,0.178,-0.9,3.6,2.8,0.1,2025
11,Giannis Antetokounmpo,PF,30,MIL,6,211,29.7,0.628,0.025,0.533,5.5,31.7,18.6,37.2,0.7,1.3,10.8,34.0,0.7,0.2,0.9,0.203,6.1,1.1,7.2,0.5,2025
12,Cole Anthony,PG,24,ORL,5,64,-0.3,0.235,0.5,0.15,3.3,13.9,8.5,27.3,3.0,1.5,29.7,20.2,-0.4,0.1,-0.3,-0.191,-12.0,-0.8,-12.7,-0.2,2025
13,OG Anunoby,SF,27,NYK,5,175,12.5,0.571,0.434,0.17,2.1,10.2,6.2,8.9,2.3,0.6,9.5,16.1,0.2,0.1,0.3,0.084,-1.8,-0.3,-2.1,0.0,2025
14,Deni Avdija,SF,24,POR,7,198,10.9,0.466,0.382,0.382,4.5,17.4,10.8,14.8,2.4,3.9,18.5,20.0,-0.3,0.2,0.0,-0.001,-3.2,0.7,-2.5,0.0,2025
15,Deandre Ayton,C,26,POR,7,221,15.3,0.513,0.088,0.066,8.9,27.9,18.1,7.6,1.1,1.8,7.9,18.7,0.1,0.3,0.4,0.08,-0.5,-1.4,-1.9,0.0,2025
16,Marvin Bagley III,PF,25,WAS,5,32,21.6,0.55,0.188,0.438,22.7,30.5,26.5,5.2,0.0,2.9,13.6,28.1,0.0,0.0,0.0,0.072,1.2,-4.5,-3.3,0.0,2025
17,Patrick Baldwin Jr.,SF,22,WAS,4,20,27.8,0.654,0.462,0.0,5.2,16.3,10.6,10.0,2.3,4.7,0.0,26.5,0.1,0.0,0.1,0.174,9.1,1.4,10.5,0.1,2025
18,LaMelo Ball,PG,23,CHO,6,204,22.2,0.623,0.556,0.211,3.2,13.4,8.1,34.4,2.1,1.0,18.5,36.0,0.5,0.0,0.5,0.12,4.8,-1.0,3.8,0.3,2025
19,Lonzo Ball,PG,27,CHI,3,47,9.4,0.5,0.857,0.0,0.0,16.3,8.3,32.3,0.0,1.8,17.6,14.8,0.0,0.1,0.1,0.067,-2.0,0.3,-1.7,0.0,2025
20,Paolo Banchero,SF,22,ORL,5,182,24.8,0.59,0.33,0.608,7.0,19.6,13.1,28.4,0.8,2.1,8.2,31.3,0.5,0.2,0.8,0.199,5.4,-0.4,5.0,0.3,2025
21,Desmond Bane,SG,26,MEM,5,132,19.7,0.608,0.444,0.167,4.2,16.7,10.7,16.4,1.8,2.3,10.4,26.6,0.2,0.2,0.4,0.14,2.6,-0.7,1.9,0.1,2025
22,Dalano Banton,SF,25,POR,5,34,28.9,0.722,0.4,0.667,2.9,6.1,4.5,40.9,2.8,5.7,17.1,28.0,0.1,0.0,0.2,0.227,9.3,3.7,12.9,0.1,2025
23,Harrison Barnes,SF,32,SAS,6,178,14.3,0.675,0.426,0.234,4.4,6.9,5.7,6.0,0.8,1.1,5.5,13.3,0.4,0.2,0.6,0.159,1.0,-0.8,0.2,0.1,2025
24,Scottie Barnes,SF,23,TOR,4,134,17.0,0.527,0.175,0.365,8.4,18.0,13.1,26.2,2.8,1.3,18.0,26.8,0.0,0.1,0.1,0.034,0.5,0.1,0.6,0.1,2025
25,RJ Barrett,SG,24,TOR,4,134,23.6,0.587,0.299,0.287,4.2,15.4,9.7,37.4,1.1,0.0,10.1,32.7,0.4,0.0,0.4,0.138,5.6,-2.1,3.5,0.2,2025
26,Charles Bassey,C,24,SAS,3,8,16.5,,,,0.0,12.8,6.7,15.6,6.2,12.0,,0.0,0.0,0.0,0.0,0.217,0.3,8.8,9.1,0.0,2025
27,Jamison Battle,SF,23,TOR,6,92,14.8,0.635,0.75,0.286,8.5,15.0,11.7,7.2,0.0,1.9,0.0,13.8,0.3,0.0,0.3,0.138,2.1,-2.4,-0.4,0.0,2025
28,Nicolas Batum,SF,36,LAC,6,115,9.8,0.462,0.789,0.316,3.7,14.4,8.9,18.0,1.3,5.4,12.2,9.0,0.1,0.2,0.2,0.103,-1.3,2.5,1.2,0.1,2025
29,Bradley Beal,SG,31,PHO,4,143,16.1,0.596,0.509,0.208,0.8,9.0,5.2,20.3,2.0,2.3,8.0,19.6,0.2,0.2,0.4,0.136,0.7,1.4,2.1,0.1,2025
30,Malik Beasley,SG,28,DET,6,147,7.3,0.481,0.652,0.091,1.6,8.5,5.0,7.4,0.7,0.7,10.4,22.6,-0.2,0.0,-0.2,-0.05,-2.7,-3.3,-6.0,-0.1,2025
31,MarJon Beauchamp,SF,24,MIL,5,13,-1.0,0.455,0.556,0.222,8.1,8.2,8.2,0.0,3.7,0.0,28.8,46.0,-0.1,0.0,-0.1,-0.416,-14.0,-5.6,-19.5,-0.1,2025
32,Reece Beekman,PG,23,GSW,2,4,43.2,1.0,0.0,0.0,26.9,0.0,13.0,38.4,12.1,0.0,0.0,10.5,0.0,0.0,0.1,0.65,10.6,15.5,26.1,0.0,2025
33,Goga Bitadze,C,25,ORL,3,17,9.2,0.512,0.25,0.5,12.5,19.6,16.0,8.6,0.0,5.6,29.1,17.2,0.0,0.0,0.0,-0.012,-7.5,-1.9,-9.4,0.0,2025
34,Anthony Black,PG,21,ORL,6,156,11.0,0.523,0.286,0.262,3.4,9.3,6.3,25.1,0.9,4.3,17.6,15.5,0.1,0.2,0.2,0.074,-2.9,0.1,-2.8,0.0,2025
35,Bogdan Bogdanović,SG,32,ATL,1,28,6.2,0.581,1.0,0.333,0.0,7.9,3.9,9.4,0.0,7.0,22.5,13.1,0.0,0.0,0.0,-0.027,-3.8,-1.9,-5.7,0.0,2025
36,Adem Bona,PF,21,PHI,4,8,23.5,1.0,0.0,0.0,25.0,0.0,14.0,0.0,0.0,12.3,33.3,15.9,0.0,0.0,0.0,0.149,-0.5,0.0,-0.5,0.0,2025
37,Devin Booker,SG,28,PHO,6,218,22.8,0.629,0.472,0.453,3.6,8.2,6.1,27.3,1.6,0.8,8.6,28.4,0.8,0.2,1.0,0.219,5.0,-0.2,4.8,0.4,2025
38,Brandon Boston Jr.,SG,23,NOP,3,36,18.3,0.582,0.417,0.167,0.0,15.4,7.6,20.7,5.4,0.0,7.2,16.2,0.1,0.1,0.1,0.153,-1.4,4.4,3.0,0.0,2025
39,Chris Boucher,PF,32,TOR,7,124,18.5,0.581,0.491,0.333,3.6,22.2,12.8,5.9,1.1,5.0,4.4,22.2,0.3,0.1,0.3,0.117,1.9,-1.3,0.5,0.1,2025
40,Malaki Branham,SG,21,SAS,6,87,17.7,0.667,0.421,0.237,0.0,14.1,7.4,10.0,2.3,2.2,17.7,25.3,0.0,0.2,0.2,0.112,1.8,1.0,2.8,0.1,2025
41,Christian Braun,SG,23,DEN,6,210,14.1,0.635,0.311,0.279,3.5,12.3,7.7,8.2,1.4,3.2,10.5,15.2,0.3,0.2,0.5,0.119,-0.2,-0.7,-0.9,0.1,2025
42,Mikal Bridges,SF,28,NYK,5,183,18.4,0.61,0.449,0.101,4.0,7.2,5.6,14.5,2.2,2.4,6.5,18.8,0.5,0.1,0.6,0.158,2.5,-0.1,2.4,0.2,2025
43,Miles Bridges,SF,26,CHO,6,184,10.5,0.48,0.48,0.253,1.8,23.6,12.3,10.9,1.1,2.1,12.6,21.3,-0.1,0.1,0.0,-0.006,-3.3,-1.4,-4.7,-0.1,2025
44,Dillon Brooks,SG,29,HOU,6,203,8.2,0.491,0.524,0.19,4.3,8.8,6.4,3.5,1.0,0.9,4.2,14.3,0.1,0.2,0.3,0.072,-3.4,-0.9,-4.3,-0.1,2025
45,Jaylen Brown,SF,28,BOS,6,216,19.0,0.511,0.346,0.362,5.2,18.0,11.4,17.3,2.0,1.3,7.9,32.4,0.2,0.3,0.5,0.116,-0.7,-1.6,-2.3,0.0,2025
46,Kobe Brown,PF,25,LAC,1,4,10.8,,,,0.0,27.6,13.5,30.3,0.0,0.0,,0.0,0.0,0.0,0.0,0.15,0.4,3.6,4.0,0.0,2025
47,Jalen Brunson,PG,28,NYK,5,159,23.4,0.586,0.268,0.268,1.5,7.5,4.6,28.5,0.6,0.0,7.7,33.0,0.5,0.0,0.6,0.169,4.5,-3.0,1.5,0.1,2025
48,Thomas Bryant,C,27,MIA,5,70,18.2,0.703,0.529,0.294,7.3,18.6,13.0,8.6,0.7,5.6,5.0,12.5,0.2,0.1,0.3,0.223,0.8,0.9,1.7,0.1,2025
49,Alec Burks,SG,33,MIA,3,63,17.1,0.923,0.846,0.0,3.2,6.4,4.8,11.9,0.8,1.5,7.1,9.6,0.2,0.0,0.3,0.193,3.9,1.2,5.0,0.1,2025
50,Jared Butler,SG,24,WAS,4,36,22.6,0.595,0.133,0.4,0.0,9.0,4.4,39.8,3.8,2.6,10.2,22.2,0.1,0.0,0.1,0.162,3.2,2.6,5.9,0.1,2025
51,Jimmy Butler,SF,35,MIA,5,165,20.8,0.571,0.143,0.75,9.9,7.3,8.6,27.0,2.7,1.2,11.8,22.1,0.4,0.2,0.7,0.191,1.6,0.9,2.4,0.2,2025
52,Matas Buzelis,SF,20,CHI,5,28,-3.1,0.21,0.455,0.182,3.5,6.9,5.2,14.1,1.6,0.0,7.8,18.8,-0.1,0.0,-0.1,-0.171,-12.5,-2.1,-14.6,-0.1,2025
53,Jamal Cain,SF,25,NOP,3,36,8.5,0.635,0.429,0.286,3.0,3.1,3.0,3.8,1.3,2.5,11.3,10.3,0.0,0.0,0.0,0.05,-4.5,-0.4,-4.9,0.0,2025
54,Kentavious Caldwell-Pope,SG,31,ORL,6,171,5.8,0.454,0.743,0.229,1.2,2.6,1.9,6.3,2.2,2.8,9.4,10.6,-0.1,0.2,0.1,0.033,-6.0,0.6,-5.4,-0.1,2025
55,Toumani Camara,PF,24,POR,7,208,12.9,0.573,0.431,0.137,8.1,7.0,7.6,11.9,3.0,0.9,11.5,11.9,0.3,0.2,0.4,0.102,-0.8,1.0,0.2,0.1,2025
56,Vlatko Čančar,PF,27,DEN,1,2,6.3,,,,0.0,56.2,27.0,0.0,0.0,0.0,,0.0,0.0,0.0,0.0,0.075,-6.6,-0.1,-6.7,0.0,2025
57,Clint Capela,C,30,ATL,6,140,17.8,0.721,0.0,0.324,8.6,25.2,16.8,7.8,1.3,3.5,14.2,14.5,0.3,0.1,0.4,0.13,-0.2,-1.3,-1.5,0.0,2025
58,Carlton Carrington,PG,19,WAS,5,142,10.4,0.551,0.472,0.361,0.0,13.8,6.7,20.6,1.6,1.3,14.4,14.0,0.1,0.0,0.2,0.051,-4.4,-0.5,-4.9,-0.1,2025
59,Jevon Carter,PG,29,CHI,1,4,10.1,0.0,1.0,0.0,0.0,0.0,0.0,30.1,11.3,0.0,0.0,10.2,0.0,0.0,0.0,0.017,-4.7,9.9,5.2,0.0,2025
60,Wendell Carter Jr.,C,25,ORL,5,149,14.7,0.549,0.424,0.485,7.8,30.6,18.9,10.5,1.9,1.3,7.0,12.3,0.2,0.3,0.5,0.155,-1.6,0.6,-1.0,0.0,2025
61,D.J. Carton,SG,24,TOR,4,33,-2.5,0.202,0.429,0.143,0.0,13.9,6.9,10.5,2.9,0.0,35.0,14.0,-0.2,0.0,-0.2,-0.221,-10.2,-1.8,-12.0,-0.1,2025
62,Alex Caruso,PG,30,OKC,6,117,6.7,0.303,0.615,0.038,3.5,10.8,7.2,11.2,4.4,3.3,13.1,10.9,-0.2,0.4,0.2,0.081,-7.4,4.4,-3.0,0.0,2025
63,Stephon Castle,PG,20,SAS,6,119,3.9,0.355,0.342,0.342,3.8,8.6,6.3,17.8,1.7,1.6,15.5,18.8,-0.3,0.2,-0.1,-0.049,-7.8,-0.7,-8.5,-0.2,2025
64,Colin Castleton,C,24,MEM,2,2,17.8,,,,0.0,0.0,0.0,0.0,0.0,50.0,,0.0,0.0,0.0,0.0,0.149,-1.8,9.6,7.8,0.0,2025
65,Julian Champagnie,SF,23,SAS,6,155,11.5,0.522,0.625,0.042,6.5,15.8,11.4,8.6,1.9,2.5,14.1,15.9,0.0,0.3,0.3,0.079,-1.4,0.1,-1.3,0.0,2025
66,Justin Champagnie,SF,23,WAS,1,4,8.3,,,,26.0,27.1,26.5,29.4,0.0,0.0,,0.0,0.0,0.0,0.0,0.245,-11.5,2.7,-8.8,0.0,2025
67,Ulrich Chomche,PF,19,TOR,1,5,16.5,1.0,0.0,0.0,0.0,23.0,11.3,0.0,0.0,0.0,0.0,8.1,0.0,0.0,0.0,0.119,2.6,-2.1,0.5,0.0,2025
68,Max Christie,SG,21,LAL,6,104,7.1,0.524,0.632,0.579,4.5,10.1,7.3,8.3,1.4,1.8,17.3,11.7,0.0,0.0,0.1,0.027,-3.8,-0.6,-4.4,-0.1,2025
69,Sidy Cissoko,SF,20,SAS,3,5,11.8,,,,0.0,20.4,10.7,49.9,0.0,0.0,,0.0,0.0,0.0,0.0,0.224,-0.8,6.8,6.0,0.0,2025
70,Brandon Clarke,PF,28,MEM,7,101,12.7,0.543,0.129,0.29,6.5,14.9,10.9,6.6,2.3,1.0,7.9,15.3,0.1,0.1,0.2,0.097,-2.6,-0.3,-2.9,0.0,2025
71,Jordan Clarkson,SG,32,UTA,5,122,10.5,0.479,0.441,0.339,2.5,13.3,7.8,27.2,0.8,0.7,14.0,26.2,-0.1,0.0,-0.1,-0.043,-2.8,-1.9,-4.7,-0.1,2025
72,Nic Claxton,C,25,BRK,5,108,23.2,0.728,0.0,0.194,12.9,33.0,22.8,11.4,1.3,6.4,8.2,14.6,0.4,0.2,0.5,0.241,1.8,1.2,3.0,0.1,2025
73,Donovan Clingan,C,20,POR,7,90,17.8,0.588,0.091,0.364,18.6,26.7,22.5,0.0,1.1,11.9,16.4,13.8,0.1,0.2,0.3,0.139,-2.9,0.5,-2.4,0.0,2025
74,Noah Clowney,PF,20,BRK,6,96,8.8,0.438,0.537,0.195,8.4,17.3,12.8,2.9,1.0,4.1,6.3,21.2,-0.1,0.1,0.0,-0.009,-4.8,-3.0,-7.8,-0.1,2025
75,Amir Coffey,SG,27,LAC,6,127,9.0,0.651,0.423,0.346,1.7,7.0,4.2,4.4,1.5,0.0,11.8,11.3,0.1,0.1,0.2,0.087,-3.0,0.2,-2.8,0.0,2025
76,John Collins,PF,27,UTA,6,134,18.9,0.541,0.247,0.26,9.7,21.2,15.4,24.2,2.1,3.8,13.8,28.6,0.1,0.2,0.2,0.076,0.4,1.1,1.5,0.1,2025
77,Zach Collins,PF,27,SAS,6,81,16.7,0.638,0.4,0.4,11.1,18.9,15.2,17.9,2.4,2.4,20.3,15.7,0.2,0.2,0.3,0.189,0.2,2.4,2.6,0.1,2025
78,Mike Conley,PG,37,MIN,6,142,11.1,0.457,0.714,0.333,5.0,7.9,6.5,24.7,3.1,1.2,15.7,17.8,0.0,0.1,0.2,0.058,-3.1,0.9,-2.2,0.0,2025
79,Pat Connaughton,SG,32,MIL,6,96,5.2,0.412,0.704,0.074,4.4,16.6,10.5,11.0,0.0,1.0,12.5,14.3,-0.1,0.0,-0.1,-0.047,-4.3,-3.0,-7.4,-0.1,2025
80,Bilal Coulibaly,SF,20,WAS,5,170,19.4,0.729,0.375,0.429,6.7,12.8,9.7,11.8,1.6,0.6,13.1,18.4,0.5,0.0,0.5,0.154,2.1,-1.4,0.7,0.1,2025
81,Ricky Council IV,SG,23,PHI,4,28,9.6,0.58,0.5,0.667,0.0,9.0,4.0,16.1,0.0,0.0,11.4,13.2,0.0,0.0,0.0,0.064,-2.4,-2.7,-5.1,0.0,2025
82,Torrey Craig,SF,34,CHI,1,3,-8.5,0.0,1.0,0.0,0.0,64.0,32.4,0.0,0.0,0.0,0.0,13.7,0.0,0.0,0.0,-0.231,-18.7,-0.4,-19.1,0.0,2025
83,Yongxi Cui,SG,21,BRK,2,3,7.2,0.568,,,0.0,0.0,0.0,0.0,0.0,0.0,0.0,12.6,0.0,0.0,0.0,0.052,-3.0,-2.5,-5.4,0.0,2025
84,Cade Cunningham,PG,23,DET,6,216,19.2,0.576,0.322,0.174,2.1,15.7,9.0,37.3,1.1,3.1,18.2,32.0,0.1,0.1,0.3,0.063,3.0,-1.0,2.0,0.2,2025
85,Seth Curry,SG,34,CHO,5,128,12.2,0.653,0.606,0.152,5.9,7.1,6.5,6.5,1.5,0.8,7.9,12.3,0.3,0.0,0.3,0.097,-0.3,-1.0,-1.3,0.0,2025
86,Stephen Curry,PG,36,GSW,3,79,22.1,0.606,0.659,0.244,0.0,20.3,10.5,36.9,3.7,1.1,19.5,30.0,0.1,0.2,0.4,0.226,3.2,2.4,5.6,0.2,2025
87,Tristan Da Silva,SF,23,ORL,2,25,23.8,0.824,0.444,0.333,8.5,13.3,10.8,14.1,0.0,0.0,8.8,19.3,0.1,0.0,0.1,0.251,5.7,-0.5,5.1,0.0,2025
88,Pacome Dadiet,SG,19,NYK,3,23,1.9,0.5,0.4,0.0,0.0,15.6,7.9,0.0,0.0,0.0,16.7,11.7,0.0,0.0,0.0,-0.051,-7.2,-4.0,-11.2,-0.1,2025
89,Dyson Daniels,PG,21,ATL,4,130,14.6,0.56,0.405,0.19,4.2,10.2,7.2,10.4,3.9,3.0,6.2,15.4,0.1,0.1,0.2,0.075,-1.3,1.1,-0.2,0.1,2025
90,Anthony Davis,PF,31,LAL,6,215,32.0,0.646,0.068,0.598,7.6,31.5,19.6,14.3,2.4,5.2,8.7,31.8,0.9,0.3,1.1,0.256,7.2,1.3,8.5,0.6,2025
91,Johnny Davis,SG,22,WAS,4,34,12.6,0.557,0.111,0.222,6.1,19.2,12.5,8.4,1.4,0.0,0.0,11.8,0.1,0.0,0.1,0.091,-2.7,-1.2,-3.9,0.0,2025
92,JD Davison,PG,22,BOS,2,9,-17.6,0.0,1.0,0.0,0.0,13.1,6.4,13.0,0.0,0.0,75.0,19.0,-0.1,0.0,-0.1,-0.492,-19.0,-6.1,-25.1,-0.1,2025
93,DeMar DeRozan,SG,35,SAC,6,229,21.5,0.622,0.149,0.475,2.0,10.9,6.6,14.9,2.9,0.9,9.6,25.2,0.6,0.3,0.8,0.176,1.5,0.1,1.7,0.2,2025
94,Moussa Diabaté,PF,23,CHO,6,72,13.1,0.548,0.0,0.667,19.4,20.6,20.0,5.5,0.7,2.7,16.2,10.6,0.1,0.0,0.1,0.076,-2.3,-2.0,-4.3,0.0,2025
95,Gradey Dick,SG,21,TOR,7,224,16.7,0.6,0.459,0.234,2.5,7.2,4.8,8.7,1.7,1.2,7.6,23.8,0.5,0.0,0.4,0.096,1.5,-2.2,-0.7,0.1,2025
96,Ousmane Dieng,SF,21,OKC,6,88,15.4,0.542,0.645,0.161,2.3,17.6,10.2,9.0,2.1,3.3,0.0,15.9,0.1,0.3,0.4,0.21,-0.4,1.9,1.6,0.1,2025
97,Rob Dillingham,PG,20,MIN,1,3,7.8,0.0,0.0,0.0,0.0,0.0,0.0,81.4,0.0,0.0,0.0,14.7,0.0,0.0,0.0,-0.041,0.2,-4.4,-4.2,0.0,2025
98,Spencer Dinwiddie,PG,31,DAL,4,56,7.6,0.486,0.8,0.533,0.0,7.7,3.7,13.6,0.9,1.7,9.7,15.6,0.0,0.0,0.0,0.039,-3.9,-2.1,-5.9,-0.1,2025
99,Donte DiVincenzo,SG,28,MIN,6,161,9.4,0.492,0.75,0.161,2.9,9.7,6.4,18.8,1.8,0.0,14.3,19.2,-0.1,0.1,0.0,0.012,-2.8,-0.8,-3.6,-0.1,2025
100,Luka Dončić,PG,25,DAL,5,187,17.7,0.489,0.387,0.274,1.6,22.5,11.6,26.7,1.3,1.5,7.9,34.4,0.0,0.2,0.3,0.074,1.4,-1.3,0.1,0.1,2025
101,Luguentz Dort,SG,25,OKC,6,162,17.0,0.674,0.551,0.204,4.4,8.4,6.5,6.6,2.0,3.0,1.8,14.1,0.4,0.4,0.9,0.259,1.4,1.8,3.2,0.2,2025
102,Ayo Dosunmu,SG,25,CHI,6,160,6.9,0.422,0.538,0.058,1.2,18.6,10.0,22.0,0.0,1.6,13.0,15.7,-0.2,0.2,0.0,0.01,-4.6,-0.1,-4.7,-0.1,2025
103,Jeff Dowtin,PG,27,PHI,2,4,-9.4,0.0,0.0,0.0,0.0,0.0,0.0,0.0,0.0,0.0,0.0,10.6,0.0,0.0,0.0,-0.271,-13.9,-6.6,-20.5,0.0,2025
104,PJ Dozier,SG,28,MIN,1,3,51.3,1.064,1.0,2.0,0.0,37.4,19.1,0.0,0.0,0.0,0.0,27.7,0.0,0.0,0.0,0.323,24.8,5.1,29.9,0.0,2025
105,Andre Drummond,C,31,PHI,5,142,12.3,0.474,0.081,0.514,15.5,32.9,23.2,3.4,2.8,2.1,20.9,17.1,-0.1,0.2,0.1,0.027,-5.2,-1.5,-6.8,-0.2,2025
106,Chris Duarte,SG,27,CHI,2,6,41.7,1.5,1.0,0.0,0.0,0.0,0.0,33.6,0.0,0.0,0.0,13.7,0.0,0.0,0.1,0.402,22.6,5.4,27.9,0.0,2025
107,Alex Ducas,SG,24,OKC,4,7,-15.4,0.0,0.667,0.0,0.0,0.0,0.0,0.0,0.0,0.0,0.0,18.0,-0.1,0.0,-0.1,-0.379,-17.9,-6.8,-24.7,0.0,2025
108,Kris Dunn,PG,30,LAC,6,129,15.1,0.687,0.516,0.129,5.7,18.9,12.1,16.9,2.6,0.0,17.6,13.0,0.2,0.2,0.4,0.148,0.1,2.2,2.3,0.1,2025
109,Ryan Dunn,SF,22,PHO,6,107,11.8,0.603,0.718,0.0,3.2,9.3,6.4,7.5,1.4,1.6,4.9,17.0,0.1,0.1,0.2,0.101,-1.4,-0.6,-2.0,0.0,2025
110,Kevin Durant,SF,36,PHO,6,236,18.4,0.637,0.327,0.385,0.5,17.2,9.4,13.5,1.0,3.2,14.1,26.7,0.2,0.3,0.6,0.114,1.2,0.2,1.4,0.2,2025
111,Jalen Duren,C,21,DET,6,146,18.9,0.799,0.0,0.696,14.1,27.2,20.7,16.5,0.3,4.6,25.0,11.9,0.4,0.1,0.5,0.167,0.2,1.2,1.4,0.1,2025
112,Tari Eason,SF,23,HOU,6,123,26.1,0.639,0.32,0.18,10.3,12.7,11.4,12.5,5.2,4.4,6.9,19.2,0.4,0.3,0.7,0.271,5.7,4.9,10.6,0.4,2025
113,Zach Edey,C,22,MEM,7,128,15.8,0.579,0.06,0.24,15.5,17.2,16.4,3.4,1.4,2.3,9.8,19.5,0.2,0.2,0.3,0.116,-2.3,-2.2,-4.5,-0.1,2025
114,Anthony Edwards,SG,23,MIN,6,231,17.1,0.595,0.569,0.223,0.5,16.0,8.4,15.5,1.1,1.1,12.8,31.4,0.1,0.2,0.2,0.044,2.0,-1.9,0.1,0.1,2025
115,Kessler Edwards,SF,24,DAL,1,1,0.0,,,,0.0,0.0,0.0,0.0,0.0,0.0,,0.0,0.0,0.0,0.0,-0.004,-6.4,-4.0,-10.4,0.0,2025
116,Keon Ellis,SG,25,SAC,5,89,16.5,0.679,0.579,0.368,5.3,7.3,6.3,7.3,3.7,7.8,12.0,12.0,0.2,0.2,0.3,0.179,0.6,3.5,4.0,0.1,2025
117,Drew Eubanks,C,27,UTA,4,50,14.6,0.67,0.222,0.556,12.0,16.2,14.1,16.6,0.9,6.9,30.9,13.1,0.0,0.0,0.1,0.07,-2.2,1.7,-0.5,0.0,2025
118,Bruno Fernando,C,26,TOR,4,38,12.0,0.509,0.0,0.333,26.5,24.2,25.4,6.9,1.2,7.0,30.4,20.9,0.0,0.0,0.0,-0.019,-7.4,-2.4,-9.8,-0.1,2025
119,Kyle Filipowski,C,21,UTA,5,72,8.5,0.568,0.545,0.091,4.2,23.9,14.0,12.7,0.7,0.0,20.8,16.3,-0.1,0.0,0.0,-0.009,-4.1,-0.6,-4.7,0.0,2025
120,Dorian Finney-Smith,PF,31,BRK,6,173,10.7,0.493,0.636,0.2,6.0,15.8,10.8,8.6,2.5,2.3,9.1,16.3,0.0,0.2,0.2,0.049,-2.9,-0.3,-3.2,-0.1,2025
121,Adam Flagler,SG,25,OKC,4,7,37.5,1.5,1.0,0.0,0.0,13.9,7.1,0.0,6.7,0.0,0.0,12.0,0.0,0.0,0.1,0.429,9.7,11.0,20.7,0.0,2025
122,Simone Fontecchio,SF,29,DET,6,112,6.7,0.515,0.677,0.29,5.1,12.1,8.6,2.5,0.0,0.9,12.5,15.5,0.0,0.0,0.0,-0.007,-3.2,-3.0,-6.1,-0.1,2025
123,De'Aaron Fox,PG,27,SAC,6,225,17.7,0.582,0.383,0.299,3.1,12.1,7.8,23.2,3.2,0.0,17.1,27.7,0.1,0.3,0.4,0.09,-0.9,-0.7,-1.5,0.0,2025
124,Enrique Freeman,PF,24,IND,2,16,9.1,1.064,0.0,2.0,7.4,0.0,3.5,0.0,0.0,5.6,34.7,7.7,0.0,0.0,0.0,0.068,-3.8,-2.6,-6.4,0.0,2025
125,Johnny Furphy,SG,20,IND,1,5,-22.2,0.0,0.333,0.0,0.0,0.0,0.0,0.0,0.0,0.0,0.0,25.8,-0.1,0.0,-0.1,-0.65,-21.1,-13.6,-34.7,0.0,2025
126,Daniel Gafford,PF,26,DAL,5,93,23.1,0.644,0.0,0.29,14.9,16.3,15.6,13.2,1.1,7.3,7.9,17.4,0.3,0.1,0.5,0.24,1.5,0.7,2.1,0.1,2025
127,Darius Garland,PG,25,CLE,7,197,19.7,0.617,0.49,0.125,2.5,5.4,4.1,30.9,1.9,1.4,14.4,26.2,0.5,0.3,0.8,0.184,2.5,-0.8,1.7,0.2,2025
128,Luka Garza,PF,26,MIN,1,3,-8.4,0.0,1.0,0.0,0.0,37.4,19.1,0.0,0.0,0.0,0.0,14.7,0.0,0.0,0.0,-0.313,-12.7,-6.5,-19.1,0.0,2025
129,Keyonte George,SG,21,UTA,6,190,6.3,0.417,0.573,0.236,2.1,8.0,5.0,36.7,0.7,0.0,18.3,25.7,-0.5,0.0,-0.5,-0.121,-3.9,-4.2,-8.1,-0.3,2025
130,Kyshawn George,SG,21,WAS,5,127,5.1,0.345,0.629,0.171,2.5,13.7,7.9,12.3,1.8,5.9,11.7,13.7,-0.2,0.1,-0.1,-0.055,-7.4,0.2,-7.2,-0.2,2025
131,Taj Gibson,PF,39,CHO,1,4,24.2,0.25,0.0,0.0,100.0,0.0,55.4,0.0,0.0,0.0,0.0,41.2,0.0,0.0,0.0,-0.011,2.1,-19.4,-17.3,0.0,2025
132,Josh Giddey,SG,22,CHI,6,174,16.1,0.524,0.288,0.342,6.2,20.4,13.4,32.9,1.0,0.5,15.2,23.3,0.1,0.2,0.3,0.095,0.9,0.2,1.1,0.1,2025
133,Shai Gilgeous-Alexander,SG,26,OKC,6,189,28.9,0.581,0.355,0.298,3.8,16.9,10.5,34.3,2.7,3.6,7.4,32.9,0.6,0.6,1.2,0.31,7.3,3.5,10.8,0.6,2025
134,Anthony Gill,PF,32,WAS,3,6,7.0,0.333,0.333,0.0,0.0,0.0,0.0,48.8,7.7,0.0,25.0,27.2,0.0,0.0,0.0,-0.177,-7.9,4.0,-3.9,0.0,2025
135,Collin Gillespie,PG,25,PHO,1,3,26.6,0.75,0.5,0.0,0.0,0.0,0.0,0.0,0.0,0.0,0.0,29.7,0.0,0.0,0.0,0.155,10.8,-0.4,10.4,0.0,2025
136,Rudy Gobert,C,32,MIN,6,199,14.4,0.636,0.0,0.561,8.9,26.5,17.9,6.5,1.0,3.0,15.0,13.4,0.3,0.2,0.5,0.129,-2.2,0.2,-1.9,0.0,2025
137,Aaron Gordon,PF,29,DEN,6,208,19.9,0.661,0.294,0.382,9.5,15.1,12.2,15.0,1.2,0.9,9.1,17.5,0.7,0.1,0.8,0.195,4.0,-1.4,2.6,0.2,2025
138,Eric Gordon,SG,36,PHI,5,113,8.3,0.554,0.552,0.414,0.9,3.4,2.0,9.8,0.0,0.9,8.0,14.0,0.1,0.0,0.1,0.031,-2.6,-2.8,-5.4,-0.1,2025
139,Jazian Gortman,PG,21,DAL,1,1,-50.3,,,,0.0,0.0,0.0,0.0,0.0,0.0,100.0,42.6,0.0,0.0,0.0,-1.408,-35.9,-21.7,-57.6,0.0,2025
140,Jerami Grant,PF,30,POR,7,233,12.5,0.504,0.492,0.212,1.3,13.9,7.4,9.2,1.2,4.6,9.8,24.9,-0.1,0.2,0.1,0.016,-0.4,-0.8,-1.2,0.0,2025
141,A.J. Green,SG,25,MIL,5,36,15.5,0.715,1.0,0.182,0.0,5.9,2.9,11.8,1.3,0.0,7.8,15.4,0.1,0.0,0.1,0.131,2.8,-1.5,1.3,0.0,2025
142,Draymond Green,PF,34,GSW,6,161,11.8,0.577,0.469,0.438,4.0,15.6,10.0,19.1,1.8,4.9,22.4,12.8,0.2,0.4,0.5,0.163,-2.8,3.1,0.3,0.1,2025
143,Jalen Green,SG,22,HOU,6,208,16.4,0.538,0.484,0.238,1.4,13.4,7.0,15.0,1.2,1.3,9.4,29.1,0.2,0.2,0.4,0.102,2.9,-0.9,2.1,0.2,2025
144,Javonte Green,SG,31,NOP,6,124,15.1,0.71,0.45,0.45,6.1,14.3,10.2,4.3,3.5,3.7,14.3,9.5,0.2,0.2,0.4,0.138,-0.7,1.8,1.1,0.1,2025
145,Jeff Green,PF,38,HOU,1,3,5.1,,,,0.0,0.0,0.0,41.0,0.0,0.0,,0.0,0.0,0.0,0.0,0.144,-5.3,3.8,-1.5,0.0,2025
146,Josh Green,SG,24,CHO,4,84,12.2,0.663,0.714,0.095,2.6,5.4,4.0,9.8,1.7,3.5,4.4,11.2,0.2,0.0,0.2,0.114,-0.6,0.2,-0.4,0.0,2025
147,Quentin Grimes,SG,24,DAL,5,56,3.5,0.44,0.563,0.313,1.8,11.6,6.5,2.3,0.9,1.7,9.9,15.4,-0.1,0.0,0.0,-0.024,-7.4,-2.5,-9.8,-0.1,2025
148,Mouhamed Gueye,PF,22,ATL,1,3,11.1,0.5,0.5,0.0,0.0,0.0,0.0,0.0,0.0,0.0,0.0,27.5,0.0,0.0,0.0,-0.088,0.6,-5.1,-4.5,0.0,2025
149,Rui Hachimura,PF,26,LAL,6,204,13.0,0.53,0.253,0.213,8.6,14.9,11.7,6.9,0.9,0.9,5.7,18.0,0.2,0.1,0.3,0.066,-0.1,-2.5,-2.6,0.0,2025
150,Tyrese Haliburton,PG,24,IND,6,206,12.1,0.447,0.581,0.209,3.5,11.0,7.4,29.3,1.6,1.3,10.5,21.9,0.0,0.1,0.1,0.015,-1.4,-1.8,-3.2,-0.1,2025
151,Tim Hardaway Jr.,SG,32,DET,6,178,12.1,0.671,0.74,0.3,0.6,3.8,2.2,9.1,0.3,0.0,6.6,14.8,0.4,0.0,0.4,0.11,0.8,-2.1,-1.3,0.0,2025
152,James Harden,SG,35,LAC,6,213,18.7,0.514,0.519,0.407,2.0,25.4,13.4,47.5,2.3,2.9,20.6,31.8,0.0,0.4,0.4,0.08,3.1,1.8,4.9,0.4,2025
153,Jaden Hardy,SG,22,DAL,5,54,3.4,0.472,0.667,0.133,3.7,6.0,4.8,9.7,0.9,1.8,23.9,16.5,-0.1,0.0,-0.1,-0.057,-6.7,-2.5,-9.2,-0.1,2025
154,Gary Harris,SG,30,ORL,6,107,5.5,0.462,0.808,0.0,2.0,8.3,5.1,3.8,0.4,3.5,7.1,11.1,-0.1,0.1,0.0,0.012,-3.5,-1.5,-5.0,-0.1,2025
155,Tobias Harris,PF,32,DET,6,199,10.2,0.474,0.314,0.157,2.9,25.6,14.3,9.9,1.0,3.9,12.8,18.7,-0.2,0.2,0.0,0.007,-4.6,0.0,-4.6,-0.1,2025
156,Josh Hart,SG,29,NYK,5,178,17.9,0.657,0.447,0.34,8.2,25.5,16.9,13.2,2.0,0.0,18.2,16.6,0.4,0.2,0.5,0.148,1.2,0.1,1.3,0.1,2025
157,Sam Hauser,PF,27,BOS,4,75,13.9,0.558,0.769,0.0,7.5,21.9,14.5,9.4,0.6,1.2,7.1,15.9,0.1,0.1,0.2,0.126,0.5,-1.8,-1.3,0.0,2025
158,Jordan Hawkins,SG,22,NOP,6,192,13.2,0.59,0.513,0.295,1.7,15.0,8.3,5.5,0.3,0.5,8.3,21.0,0.3,0.0,0.3,0.074,-0.3,-3.5,-3.8,-0.1,2025
159,Jaxson Hayes,C,24,LAL,6,94,16.9,0.959,0.0,0.462,12.5,18.6,15.5,10.1,1.0,3.9,24.2,9.3,0.3,0.1,0.4,0.183,-0.2,0.8,0.5,0.1,2025
160,Scoot Henderson,PG,20,POR,7,181,11.9,0.517,0.308,0.346,2.2,10.4,6.2,30.3,1.1,0.0,17.5,24.4,0.0,0.1,0.0,0.01,-1.9,-2.2,-4.1,-0.1,2025
161,Taylor Hendricks,PF,21,UTA,3,75,7.2,0.354,0.667,0.222,6.7,13.5,10.1,4.1,3.1,4.6,9.2,11.8,-0.1,0.1,0.0,-0.003,-5.8,0.8,-5.0,-0.1,2025
162,Tyler Herro,SG,25,MIA,5,150,20.6,0.627,0.547,0.24,0.7,16.1,8.4,26.6,1.0,0.7,9.8,26.5,0.4,0.2,0.6,0.176,4.0,-0.4,3.7,0.2,2025
163,Buddy Hield,SG,32,GSW,6,152,27.3,0.697,0.637,0.11,3.5,13.2,8.5,16.7,1.9,1.7,7.7,28.6,0.6,0.3,0.9,0.297,9.9,0.6,10.5,0.5,2025
164,Haywood Highsmith,SF,28,MIA,3,53,12.1,0.523,0.333,0.083,3.8,15.2,9.5,8.3,3.7,1.8,7.4,11.0,0.0,0.1,0.1,0.112,-3.9,1.8,-2.1,0.0,2025
165,Aaron Holiday,PG,28,HOU,2,19,15.0,0.6,0.8,0.0,0.0,0.0,0.0,37.2,2.6,0.0,16.7,12.9,0.0,0.0,0.1,0.156,4.3,-0.3,4.0,0.0,2025
166,Jrue Holiday,PG,34,BOS,7,214,12.4,0.636,0.524,0.222,2.1,12.1,7.0,15.0,0.5,0.4,14.8,16.2,0.4,0.1,0.5,0.114,-0.5,-1.4,-1.9,0.0,2025
167,Ron Holland,SF,19,DET,6,88,10.4,0.54,0.344,0.094,1.3,21.9,11.6,5.5,1.7,1.1,13.0,18.9,0.0,0.1,0.0,0.014,-5.2,-0.3,-5.5,-0.1,2025
168,Richaun Holmes,PF,31,WAS,1,3,-11.8,0.0,0.0,0.0,0.0,0.0,0.0,0.0,0.0,0.0,0.0,13.6,0.0,0.0,0.0,-0.367,-13.5,-9.4,-22.9,0.0,2025
169,Chet Holmgren,PF,22,OKC,6,173,24.4,0.634,0.343,0.443,5.9,27.5,17.0,15.2,2.2,11.1,16.9,24.5,0.2,0.7,0.9,0.257,1.9,5.4,7.3,0.4,2025
170,Al Horford,C,38,BOS,6,152,14.5,0.676,0.676,0.0,4.4,17.0,10.6,12.4,1.9,1.8,10.5,10.7,0.3,0.2,0.5,0.169,1.4,1.4,2.9,0.2,2025
171,Talen Horton-Tucker,SG,24,CHI,4,20,3.4,0.525,0.667,1.333,4.9,14.4,9.7,12.8,0.0,0.0,38.7,15.9,0.0,0.0,0.0,-0.071,-4.9,-2.0,-7.0,0.0,2025
172,Caleb Houstan,SF,22,ORL,3,14,9.1,0.75,1.0,0.0,0.0,7.9,3.9,0.0,0.0,0.0,0.0,12.2,0.0,0.0,0.0,0.116,-2.9,-1.6,-4.5,0.0,2025
173,Jett Howard,SF,21,ORL,6,55,13.1,0.591,0.864,0.0,1.9,18.2,9.9,2.8,0.0,3.4,0.0,17.0,0.1,0.1,0.1,0.103,1.0,-1.6,-0.7,0.0,2025
174,Kevin Huerter,SG,26,SAC,5,130,14.9,0.617,0.681,0.0,1.8,10.0,6.1,9.9,1.8,3.0,4.1,16.1,0.2,0.1,0.4,0.132,0.7,0.0,0.8,0.1,2025
175,Jay Huff,C,26,MEM,7,116,23.5,0.81,0.614,0.182,2.8,13.8,8.6,6.3,0.8,7.8,5.9,17.7,0.4,0.1,0.6,0.242,5.9,0.7,6.6,0.3,2025
176,Ariel Hukporti,C,22,NYK,4,29,-0.4,0.0,0.0,0.0,0.0,28.8,14.6,0.0,0.0,15.0,75.0,6.2,-0.1,0.0,-0.1,-0.104,-10.4,2.6,-7.7,0.0,2025
177,De'Andre Hunter,SF,27,ATL,2,59,19.0,0.606,0.417,0.542,3.7,20.6,12.1,10.3,1.6,1.7,0.0,20.8,0.2,0.0,0.2,0.181,0.7,-1.9,-1.2,0.0,2025
178,Bones Hyland,PG,24,LAC,1,4,20.4,0.5,0.667,0.0,0.0,0.0,0.0,0.0,0.0,25.8,0.0,31.7,0.0,0.0,0.0,0.083,11.8,2.8,14.6,0.0,2025
179,Oso Ighodaro,PF,22,PHO,4,30,4.7,0.667,0.0,0.0,11.3,19.8,15.8,0.0,0.0,2.8,40.0,7.4,0.0,0.0,0.0,0.055,-6.9,-1.1,-8.0,0.0,2025
180,Joe Ingles,SF,37,MIN,5,26,4.6,0.0,1.0,0.0,9.0,0.0,4.4,37.5,0.0,0.0,33.3,5.1,0.0,0.0,0.0,0.053,-4.0,0.0,-4.1,0.0,2025
181,Brandon Ingram,SF,27,NOP,6,198,20.3,0.579,0.327,0.124,4.9,16.2,10.5,24.4,1.2,1.9,10.5,28.2,0.4,0.1,0.5,0.115,3.2,-1.7,1.4,0.2,2025
182,Kyrie Irving,PG,32,DAL,5,184,22.1,0.602,0.333,0.146,4.9,8.2,6.5,25.0,1.9,1.0,8.1,25.7,0.6,0.1,0.7,0.185,6.1,-1.0,5.1,0.3,2025
183,Jonathan Isaac,PF,27,ORL,3,42,17.1,0.477,0.667,0.267,15.1,15.9,15.5,3.5,4.6,6.8,10.7,19.0,0.0,0.1,0.1,0.108,0.4,1.2,1.6,0.0,2025
184,Jaden Ivey,SG,22,DET,6,187,16.9,0.583,0.36,0.27,6.1,10.3,8.2,18.5,1.6,0.0,13.8,26.8,0.2,0.1,0.3,0.076,1.0,-1.6,-0.5,0.1,2025
185,Andre Jackson Jr.,SG,23,MIL,5,47,4.6,0.507,0.5,0.25,4.5,15.8,10.2,14.0,4.0,2.0,40.3,13.7,-0.1,0.1,0.0,-0.05,-10.0,2.4,-7.6,-0.1,2025
186,Isaiah Jackson,PF,23,IND,5,84,18.7,0.6,0.0,0.609,15.5,21.9,18.8,8.5,1.7,8.5,14.6,17.5,0.1,0.1,0.2,0.127,-1.3,1.0,-0.4,0.0,2025
187,Jaren Jackson Jr.,C,25,MEM,5,132,22.3,0.651,0.242,0.424,4.2,15.2,9.9,4.9,2.8,3.8,9.3,26.6,0.2,0.2,0.5,0.165,1.5,0.6,2.1,0.1,2025
188,Quenton Jackson,PG,26,IND,1,4,43.5,0.532,1.0,2.0,29.7,0.0,14.1,57.5,12.1,0.0,0.0,20.2,0.0,0.0,0.0,0.568,11.4,11.6,23.0,0.0,2025
189,Reggie Jackson,PG,34,PHI,2,12,-2.0,0.25,0.667,0.0,0.0,0.0,0.0,38.1,0.0,0.0,14.3,24.7,-0.1,0.0,-0.1,-0.264,-7.2,-8.7,-15.9,0.0,2025
190,Trayce Jackson-Davis,PF,24,GSW,6,107,23.2,0.795,0.0,0.3,5.0,21.6,13.6,20.7,0.5,2.5,8.1,14.5,0.5,0.2,0.7,0.319,3.5,2.4,5.9,0.2,2025
191,Bronny James,SG,20,LAL,3,8,13.3,0.25,0.5,0.0,14.6,0.0,7.3,33.8,5.9,0.0,0.0,21.1,0.0,0.0,0.0,-0.016,-0.5,1.0,0.6,0.0,2025
192,LeBron James,SF,40,LAL,6,204,20.0,0.61,0.358,0.337,0.6,22.3,11.5,33.2,0.5,1.4,13.5,26.1,0.4,0.1,0.5,0.118,3.9,-0.8,3.0,0.3,2025
193,Jaime Jaquez Jr.,SF,23,MIA,5,125,10.9,0.463,0.267,0.289,9.8,20.9,15.4,14.6,1.6,0.0,15.1,20.7,-0.1,0.2,0.1,0.037,-4.0,-1.1,-5.1,-0.1,2025
194,Trey Jemison,C,25,NOP,1,1,110.0,0.5,0.0,0.0,100.0,0.0,100.0,0.0,0.0,0.0,0.0,83.8,0.0,0.0,0.0,1.088,42.8,-22.7,20.1,0.0,2025
195,Daniss Jenkins,PG,23,DET,2,5,-18.3,0.0,1.0,0.0,0.0,0.0,0.0,0.0,0.0,0.0,0.0,17.4,0.0,0.0,0.0,-0.421,-21.6,-8.2,-29.9,0.0,2025
196,Ty Jerome,SG,27,CLE,7,103,28.9,0.697,0.286,0.405,3.6,13.5,8.9,29.3,4.2,0.0,9.2,23.1,0.5,0.2,0.7,0.348,5.7,3.2,8.9,0.3,2025
197,Isaiah Joe,SG,25,OKC,6,116,11.6,0.585,0.829,0.049,2.7,7.5,5.2,9.1,1.6,0.0,6.7,16.3,0.1,0.3,0.4,0.158,-0.8,-0.1,-1.0,0.0,2025
198,AJ Johnson,SG,20,MIL,3,6,2.3,0.333,0.0,0.0,0.0,17.7,8.8,0.0,0.0,0.0,0.0,21.6,0.0,0.0,0.0,-0.186,-9.3,-5.8,-15.1,0.0,2025
199,Cameron Johnson,PF,28,BRK,6,203,13.3,0.567,0.704,0.183,1.1,14.6,7.8,13.0,1.2,1.5,3.8,16.8,0.3,0.1,0.4,0.102,0.9,-1.0,-0.2,0.1,2025
200,Jalen Johnson,SF,23,ATL,6,222,12.5,0.488,0.282,0.412,6.4,23.4,14.8,19.4,2.3,2.2,17.3,22.5,-0.2,0.1,0.0,-0.01,-3.4,-1.4,-4.9,-0.2,2025
201,James Johnson,PF,37,IND,1,4,22.2,1.0,0.0,0.0,0.0,0.0,0.0,40.4,0.0,22.4,50.0,21.5,0.0,0.0,0.0,0.003,3.2,9.4,12.6,0.0,2025
202,Keldon Johnson,SF,25,SAS,6,167,11.3,0.5,0.435,0.232,4.7,17.7,11.5,3.8,1.8,0.0,8.4,21.5,-0.1,0.3,0.2,0.062,-3.1,-1.4,-4.4,-0.1,2025
203,Keon Johnson,SG,22,BRK,5,44,14.2,0.529,0.529,0.0,5.3,29.7,17.3,6.7,2.2,2.2,5.6,17.6,0.0,0.1,0.1,0.08,-2.2,0.2,-2.0,0.0,2025
204,Nikola Jokić,C,29,DEN,6,226,33.0,0.668,0.233,0.353,10.6,25.4,17.7,46.8,1.9,2.6,13.0,28.4,1.2,0.3,1.5,0.315,11.8,3.1,14.8,0.9,2025
205,Colby Jones,SG,22,SAC,3,7,-3.8,,,,0.0,0.0,0.0,0.0,0.0,14.1,100.0,6.1,0.0,0.0,0.0,-0.14,-10.1,0.1,-10.0,0.0,2025
206,Derrick Jones Jr.,SF,27,LAC,6,170,10.2,0.547,0.389,0.074,6.2,8.5,7.3,5.2,2.6,1.2,13.9,16.1,0.0,0.2,0.2,0.06,-2.6,0.3,-2.4,0.0,2025
207,Dillon Jones,SF,23,OKC,6,25,8.6,0.438,0.625,0.0,8.2,15.5,12.0,15.3,1.9,0.0,11.1,15.1,0.0,0.1,0.1,0.127,-5.7,-0.4,-6.2,0.0,2025
208,Herbert Jones,SF,26,NOP,4,113,7.5,0.522,0.44,0.08,3.8,5.9,4.9,4.8,3.0,0.8,16.2,11.5,0.0,0.1,0.0,0.011,-5.1,-0.8,-5.9,-0.1,2025
209,Isaac Jones,PF,24,SAC,2,5,-13.1,0.0,0.0,0.0,0.0,0.0,0.0,0.0,0.0,0.0,0.0,8.5,0.0,0.0,0.0,-0.202,-19.2,-4.7,-23.9,0.0,2025
210,Kai Jones,C,24,LAC,6,58,16.6,0.644,0.0,0.455,16.4,13.3,14.9,7.3,0.0,8.9,13.2,11.1,0.1,0.1,0.2,0.171,-0.2,0.2,0.0,0.0,2025
211,Spencer Jones,SF,23,DEN,1,2,31.1,,,,0.0,56.2,27.0,0.0,24.3,0.0,,0.0,0.0,0.0,0.0,0.379,-0.6,19.8,19.3,0.0,2025
212,Tre Jones,PG,25,SAS,1,16,13.0,0.399,0.0,2.0,7.0,0.0,3.3,23.4,3.1,0.0,0.0,10.2,0.0,0.0,0.0,0.148,-1.0,0.7,-0.4,0.0,2025
213,Tyus Jones,PG,28,PHO,6,191,16.3,0.588,0.529,0.078,2.4,9.8,6.4,32.1,2.0,0.9,8.7,13.5,0.5,0.2,0.7,0.178,1.3,1.3,2.6,0.2,2025
214,DeAndre Jordan,C,36,DEN,1,14,6.6,0.381,0.0,0.286,44.5,24.1,34.7,11.3,0.0,0.0,33.7,35.4,-0.1,0.0,-0.1,-0.278,-10.9,-10.0,-20.8,-0.1,2025
215,Cory Joseph,PG,33,ORL,3,14,21.4,0.75,0.75,0.0,0.0,7.9,3.9,32.3,0.0,6.8,0.0,12.2,0.1,0.0,0.1,0.27,6.5,1.4,7.9,0.0,2025
216,Nikola Jović,PF,21,MIA,5,117,12.3,0.521,0.625,0.125,3.5,18.0,10.8,13.2,2.5,0.8,10.6,17.4,0.0,0.2,0.2,0.085,-2.3,0.7,-1.6,0.0,2025
217,Johnny Juzang,SG,23,UTA,3,47,8.1,0.543,0.769,0.462,4.3,4.3,4.3,3.5,3.0,0.0,16.1,16.1,0.0,0.0,0.0,0.018,-5.4,-0.4,-5.8,0.0,2025
218,Yuki Kawamura,PG,23,MEM,5,11,-14.7,0.0,1.0,0.0,0.0,0.0,0.0,9.9,0.0,0.0,20.0,18.5,-0.1,0.0,-0.1,-0.429,-16.5,-8.4,-24.9,-0.1,2025
219,Walker Kessler,C,23,UTA,6,162,20.6,0.639,0.0,0.514,14.2,27.5,20.8,7.7,1.2,9.6,15.0,13.4,0.3,0.2,0.5,0.15,-0.3,1.3,1.0,0.1,2025
220,Corey Kispert,SF,25,WAS,5,152,7.2,0.503,0.648,0.111,0.0,10.0,4.9,8.3,0.6,0.0,6.6,16.3,0.0,0.0,-0.1,-0.022,-4.4,-3.3,-7.6,-0.2,2025
221,Maxi Kleber,PF,33,DAL,2,31,7.4,0.5,0.4,0.0,0.0,17.4,8.3,12.2,0.0,3.1,0.0,6.9,0.0,0.0,0.1,0.084,-3.8,0.1,-3.6,0.0,2025
222,Dalton Knecht,SF,23,LAL,6,102,11.2,0.595,0.639,0.167,1.1,9.1,5.2,9.7,0.9,0.0,9.4,17.6,0.1,0.0,0.1,0.052,-1.0,-2.2,-3.3,0.0,2025
223,Tyler Kolek,PG,23,NYK,3,14,20.5,0.814,0.2,0.8,0.0,8.5,4.3,0.0,3.6,0.0,30.7,31.2,0.0,0.0,0.0,0.071,-0.8,-1.4,-2.1,0.0,2025
224,John Konchar,SG,28,MEM,3,57,14.3,0.966,1.0,0.667,5.8,19.3,12.9,6.2,1.6,3.5,20.5,7.0,0.1,0.1,0.2,0.164,1.3,1.1,2.4,0.1,2025
225,Luke Kornet,C,29,BOS,7,133,18.7,0.752,0.0,0.75,13.5,11.5,12.5,11.9,1.5,4.9,13.1,9.8,0.5,0.2,0.7,0.25,1.4,1.6,2.9,0.2,2025
226,Vit Krejci,PG,24,ATL,4,56,6.6,0.527,0.5,0.5,1.9,7.9,4.9,9.9,2.5,1.7,19.0,15.5,0.0,0.0,0.0,-0.032,-6.1,-1.1,-7.2,-0.1,2025
227,Jonathan Kuminga,PF,22,GSW,6,141,13.9,0.536,0.262,0.508,5.3,11.4,8.5,9.0,2.1,1.9,13.9,25.8,0.0,0.3,0.3,0.105,-3.1,-1.1,-4.3,-0.1,2025
228,Kyle Kuzma,PF,29,WAS,3,92,10.2,0.432,0.346,0.308,5.6,18.9,12.1,18.0,0.5,1.0,10.6,29.3,-0.2,0.0,-0.2,-0.09,-2.9,-3.4,-6.3,-0.1,2025
229,Jock Landale,C,29,HOU,4,36,25.3,0.763,0.167,0.333,13.5,12.4,13.0,14.1,0.0,0.0,6.8,16.7,0.2,0.0,0.2,0.284,7.7,-0.6,7.1,0.1,2025
230,Jake LaRavia,PF,23,MEM,7,178,10.1,0.532,0.39,0.488,7.4,16.9,12.4,14.6,0.8,1.1,16.7,13.7,0.1,0.2,0.3,0.069,-2.5,-0.7,-3.2,-0.1,2025
231,Pelle Larsson,SG,23,MIA,2,20,18.2,0.9,0.4,0.0,0.0,5.0,2.5,16.9,5.0,0.0,28.6,15.1,0.0,0.0,0.1,0.136,-0.1,5.3,5.2,0.0,2025
232,Zach LaVine,SG,29,CHI,6,208,15.6,0.648,0.516,0.29,0.9,14.3,7.7,12.6,1.1,1.2,17.3,25.0,0.1,0.3,0.3,0.08,0.8,-0.8,-0.1,0.1,2025
233,Damion Lee,SG,32,PHO,1,18,1.7,0.333,0.667,0.0,0.0,16.5,8.8,15.0,0.0,0.0,25.0,9.9,0.0,0.0,0.0,-0.044,-7.7,0.2,-7.5,0.0,2025
234,Alex Len,C,31,SAC,4,27,8.6,0.425,0.2,0.4,0.0,36.2,18.8,23.1,1.8,7.3,33.8,14.1,-0.1,0.1,0.0,0.002,-6.2,4.7,-1.5,0.0,2025
235,Malevy Leons,F,25,OKC,2,7,-4.1,0.174,0.5,1.0,14.6,0.0,7.1,15.8,0.0,0.0,0.0,17.3,0.0,0.0,0.0,-0.056,-16.2,-4.6,-20.9,0.0,2025
236,Caris LeVert,SG,30,CLE,6,130,23.3,0.731,0.477,0.273,1.9,7.4,4.9,26.5,2.2,2.1,9.2,18.2,0.6,0.2,0.8,0.281,5.4,1.5,6.9,0.3,2025
237,Damian Lillard,PG,34,MIL,6,214,23.0,0.625,0.577,0.471,3.0,11.9,7.4,29.7,0.7,0.9,10.7,28.3,0.7,0.0,0.8,0.173,5.8,-2.2,3.6,0.3,2025
238,Dereck Lively II,C,20,DAL,5,118,21.6,0.707,0.0,0.407,13.4,20.2,16.7,17.0,2.1,4.1,13.6,13.3,0.4,0.2,0.6,0.243,1.0,1.5,2.5,0.1,2025
239,Kevon Looney,PF,28,GSW,6,97,21.5,0.515,0.0,0.615,25.5,24.8,25.2,14.6,3.5,3.6,13.1,16.5,0.3,0.3,0.6,0.288,-0.4,1.7,1.3,0.1,2025
240,Brook Lopez,C,36,MIL,6,184,10.4,0.493,0.576,0.186,4.0,13.9,8.9,7.5,1.0,7.6,13.5,17.3,-0.1,0.2,0.0,0.002,-3.2,-0.4,-3.6,-0.1,2025
241,Kyle Lowry,PG,38,PHI,5,111,19.0,0.826,0.826,0.478,0.9,12.5,6.0,18.8,3.5,0.9,12.6,12.1,0.4,0.1,0.5,0.213,2.1,2.5,4.5,0.2,2025
242,Trey Lyles,PF,29,SAC,6,97,7.6,0.386,0.75,0.143,3.6,20.1,12.2,6.4,2.4,5.1,9.2,14.4,-0.1,0.2,0.0,0.015,-5.0,0.3,-4.7,-0.1,2025
243,Sandro Mamukelashvili,PF,25,SAS,4,26,15.8,0.77,0.5,0.125,4.3,35.4,20.6,6.3,0.0,3.7,26.2,19.0,0.0,0.1,0.1,0.113,-0.7,0.9,0.3,0.0,2025
244,Terance Mann,SG,28,LAC,6,141,7.1,0.435,0.294,0.265,7.5,10.2,8.8,11.6,1.4,0.0,9.5,12.6,0.0,0.1,0.1,0.05,-4.7,-0.4,-5.2,-0.1,2025
245,Tre Mann,PG,23,CHO,6,166,19.1,0.588,0.391,0.141,4.5,9.0,6.7,21.4,1.2,1.8,11.7,27.5,0.4,0.0,0.4,0.109,2.8,-2.0,0.8,0.1,2025
246,Lauri Markkanen,PF,27,UTA,4,114,16.6,0.564,0.385,0.519,7.0,18.7,12.8,11.7,0.4,0.0,9.9,25.2,0.2,0.0,0.2,0.085,2.1,-2.5,-0.4,0.0,2025
247,Naji Marshall,SF,27,DAL,5,90,8.4,0.351,0.333,0.19,2.2,14.4,8.0,19.6,2.2,1.1,8.1,11.7,0.0,0.1,0.1,0.04,-4.4,0.5,-3.9,0.0,2025
248,Caleb Martin,SF,29,PHI,5,168,7.0,0.444,0.265,0.653,8.3,15.0,11.3,11.1,0.6,1.8,19.2,19.7,-0.3,0.1,-0.2,-0.059,-5.8,-2.8,-8.7,-0.3,2025
249,Cody Martin,SF,29,CHO,6,144,14.9,0.611,0.542,0.208,6.0,15.1,10.4,8.0,1.3,2.1,8.7,16.4,0.3,0.0,0.3,0.109,-0.2,-1.0,-1.2,0.0,2025
250,Jaylen Martin,SF,21,BRK,2,3,34.4,1.5,1.0,0.0,0.0,0.0,0.0,0.0,0.0,0.0,0.0,14.3,0.0,0.0,0.0,0.198,16.8,4.1,20.9,0.0,2025
251,KJ Martin,SF,24,PHI,5,104,11.5,0.696,0.077,0.615,3.8,14.6,8.6,7.3,0.9,4.7,0.0,6.7,0.2,0.1,0.3,0.136,-3.0,0.8,-2.2,0.0,2025
252,Tyrese Martin,SG,25,BRK,1,1,0.0,,,,0.0,0.0,0.0,0.0,0.0,0.0,,0.0,0.0,0.0,0.0,-0.013,-4.8,-2.2,-6.9,0.0,2025
253,Garrison Mathews,SG,28,ATL,5,117,16.1,0.721,0.881,0.167,0.9,3.8,2.3,10.4,2.4,0.8,6.2,16.9,0.3,0.0,0.3,0.124,2.6,-1.1,1.5,0.1,2025
254,Bennedict Mathurin,SG,22,IND,6,161,16.6,0.658,0.333,0.55,5.2,14.8,10.2,10.2,0.3,0.0,12.9,22.9,0.3,0.0,0.3,0.104,0.7,-3.1,-2.4,0.0,2025
255,Karlo Matković,PF,23,NOP,2,5,23.9,1.0,0.0,0.0,65.2,22.2,43.9,0.0,0.0,18.3,66.7,25.1,0.0,0.0,0.0,-0.068,-3.2,-4.7,-8.0,0.0,2025
256,Tyrese Maxey,PG,24,PHI,5,205,17.3,0.503,0.438,0.315,0.0,10.5,4.6,23.7,1.9,1.4,6.9,32.8,0.1,0.1,0.2,0.05,2.0,-1.4,0.6,0.1,2025
257,Miles McBride,PG,24,NYK,5,129,17.3,0.658,0.565,0.13,2.8,7.4,5.1,12.8,2.4,0.8,11.0,18.9,0.3,0.1,0.4,0.144,1.9,-0.2,1.7,0.1,2025
258,Jared McCain,PG,20,PHI,5,64,18.4,0.54,0.303,0.212,6.3,15.8,10.5,18.6,0.8,0.0,7.7,25.8,0.1,0.0,0.1,0.084,1.3,-2.3,-1.0,0.0,2025
259,Mac McClung,SG,26,ORL,1,5,14.5,,,,0.0,22.2,10.8,49.7,0.0,0.0,,0.0,0.0,0.0,0.0,0.213,1.4,2.8,4.1,0.0,2025
260,CJ McCollum,SG,33,NOP,4,137,16.6,0.554,0.523,0.092,0.8,10.5,5.6,18.7,3.2,2.7,10.6,23.1,0.1,0.1,0.2,0.075,1.0,-0.2,0.9,0.1,2025
261,T.J. McConnell,PG,32,IND,6,102,17.4,0.556,0.044,0.044,2.3,12.7,7.8,40.8,2.4,0.0,17.9,23.6,0.1,0.0,0.1,0.051,-0.3,-1.3,-1.6,0.0,2025
262,Jaden McDaniels,PF,24,MIN,6,168,8.0,0.511,0.429,0.041,4.9,4.7,4.8,10.4,1.2,3.1,13.8,15.2,0.0,0.1,0.1,0.016,-4.4,-0.6,-5.0,-0.1,2025
263,Doug McDermott,SF,33,SAC,4,27,6.3,0.536,0.889,0.556,0.0,4.0,2.1,0.0,0.0,0.0,0.0,17.7,0.0,0.0,0.0,0.04,-3.3,-4.1,-7.4,0.0,2025
264,Jordan McLaughlin,PG,28,SAC,4,17,-4.1,0.0,0.0,0.0,0.0,0.0,0.0,13.4,5.6,0.0,75.0,10.1,-0.1,0.0,-0.1,-0.175,-13.3,0.9,-12.3,0.0,2025
265,De'Anthony Melton,PG,26,GSW,3,50,9.2,0.455,0.75,0.1,2.2,6.0,4.2,21.0,2.9,3.5,12.6,20.0,0.0,0.1,0.1,0.095,-5.3,1.6,-3.8,0.0,2025
266,Sam Merrill,SG,28,CLE,7,137,11.7,0.629,0.921,0.105,0.9,5.5,3.4,9.5,1.7,0.7,2.5,13.0,0.3,0.2,0.4,0.154,-0.4,0.2,-0.2,0.1,2025
267,Vasilije Micić,PG,31,CHO,3,45,-2.5,0.194,0.389,0.0,11.9,15.2,13.5,8.5,1.1,0.0,18.2,20.1,-0.2,0.0,-0.2,-0.25,-10.9,-4.8,-15.7,-0.2,2025
268,Brandon Miller,SF,22,CHO,2,42,16.6,0.472,0.5,0.136,2.6,10.9,6.6,25.2,3.5,2.3,4.1,23.8,0.1,0.0,0.1,0.104,1.4,1.9,3.2,0.1,2025
269,Jordan Miller,SF,25,LAC,1,4,-7.1,0.568,,,0.0,0.0,0.0,0.0,0.0,0.0,53.2,19.8,0.0,0.0,0.0,-0.285,-11.3,-5.2,-16.5,0.0,2025
270,Dariq Whitehead,SF,20,BRK,1,2,-43.5,,,,0.0,59.3,29.3,0.0,0.0,0.0,100.0,42.9,-0.1,0.0,-0.1,-1.322,-41.7,-10.0,-51.7,0.0,2025
271,Patty Mills,PG,36,UTA,6,94,3.4,0.4,0.8,0.0,1.1,4.3,2.7,10.0,2.0,1.8,20.0,10.8,-0.2,0.0,-0.1,-0.063,-6.2,0.0,-6.2,-0.1,2025
272,Shake Milton,SG,28,BRK,5,43,4.1,0.375,0.875,0.0,0.0,8.3,4.1,14.2,1.1,0.0,0.0,8.0,0.0,0.0,0.0,0.021,-4.8,-1.3,-6.1,0.0,2025
273,Josh Minott,SF,22,MIN,1,10,1.6,0.5,0.5,0.0,0.0,22.4,11.5,0.0,0.0,0.0,20.0,22.1,0.0,0.0,0.0,-0.14,-11.4,-3.4,-14.8,0.0,2025
274,Yves Missi,C,20,NOP,6,125,15.6,0.485,0.0,0.424,14.8,16.8,15.8,10.0,1.2,7.3,9.3,14.5,0.1,0.1,0.2,0.095,-2.4,-1.1,-3.4,0.0,2025
275,Ajay Mitchell,SG,22,OKC,6,84,8.9,0.548,0.238,0.095,2.4,10.4,6.5,13.7,2.2,1.1,18.6,13.5,0.0,0.2,0.2,0.123,-5.1,1.3,-3.9,0.0,2025
276,Davion Mitchell,PG,26,TOR,7,204,7.3,0.486,0.482,0.107,1.1,7.9,4.4,26.8,1.9,1.7,27.3,15.9,-0.2,0.0,-0.2,-0.046,-4.5,-1.6,-6.1,-0.2,2025
277,Donovan Mitchell,SG,28,CLE,7,207,22.7,0.608,0.423,0.185,3.0,7.3,5.3,22.4,2.3,0.4,10.8,33.3,0.5,0.3,0.7,0.171,3.0,-1.2,1.8,0.2,2025
278,Evan Mobley,C,23,CLE,7,207,21.0,0.624,0.132,0.209,5.4,26.4,16.7,12.8,1.6,4.8,13.1,24.1,0.4,0.4,0.8,0.186,-0.2,1.4,1.1,0.2,2025
279,Jonathan Mogbo,PF,23,TOR,7,120,19.0,0.586,0.152,0.667,15.9,13.4,14.7,14.2,3.6,4.4,15.8,17.0,0.3,0.1,0.3,0.138,0.1,0.9,1.0,0.1,2025
280,Malik Monk,SG,26,SAC,6,166,15.0,0.562,0.492,0.215,0.0,13.1,6.8,18.9,1.1,1.2,5.3,19.3,0.3,0.1,0.4,0.117,0.1,-1.1,-1.0,0.0,2025
281,Moses Moody,SG,22,GSW,6,110,15.0,0.681,0.674,0.209,2.0,8.2,5.2,11.7,0.9,0.8,14.6,21.0,0.2,0.2,0.4,0.154,1.1,-1.4,-0.2,0.0,2025
282,Wendell Moore Jr.,SG,23,DET,2,7,9.9,1.0,0.0,0.0,0.0,16.2,8.1,21.7,0.0,0.0,50.0,12.4,0.0,0.0,0.0,-0.005,-3.4,-1.8,-5.3,0.0,2025
283,Ja Morant,PG,25,MEM,6,166,20.8,0.567,0.291,0.523,2.0,16.9,9.8,52.4,1.1,0.6,19.7,32.3,0.3,0.2,0.4,0.124,2.7,-1.9,0.7,0.1,2025
284,Monte Morris,PG,29,PHO,6,56,15.9,0.512,0.588,0.471,4.0,8.8,6.6,23.4,2.6,1.5,4.6,17.1,0.1,0.1,0.2,0.151,0.3,1.7,2.0,0.1,2025
285,Dejounte Murray,PG,28,NOP,1,30,16.9,0.387,0.2,0.467,0.0,29.5,14.6,47.4,1.6,0.0,5.2,26.7,0.0,0.0,0.0,0.059,-3.5,-1.6,-5.0,0.0,2025
286,Jamal Murray,PG,27,DEN,5,174,12.7,0.49,0.315,0.301,1.8,12.3,6.8,18.3,1.7,0.0,6.8,21.3,0.1,0.1,0.3,0.072,-2.0,-1.8,-3.8,-0.1,2025
287,Keegan Murray,SF,24,SAC,6,226,12.3,0.545,0.52,0.147,7.3,16.3,12.0,6.7,0.8,1.8,5.9,16.0,0.2,0.2,0.5,0.097,-1.3,-1.9,-3.3,-0.1,2025
288,Kris Murray,SF,24,POR,7,119,9.6,0.504,0.452,0.419,7.5,11.4,9.4,8.5,1.6,0.8,14.0,14.6,0.0,0.1,0.1,0.022,-1.9,-1.2,-3.1,0.0,2025
289,Svi Mykhailiuk,SF,27,UTA,1,15,5.2,0.5,0.833,0.0,0.0,6.8,3.4,23.5,3.1,0.0,25.0,21.6,0.0,0.0,0.0,-0.087,-5.1,-1.6,-6.7,0.0,2025
290,Larry Nance Jr.,PF,32,ATL,3,38,18.5,0.679,0.429,0.0,14.4,2.9,8.7,17.0,2.4,2.6,17.6,18.4,0.1,0.0,0.1,0.099,2.1,-2.1,-0.1,0.0,2025
291,Andrew Nembhard,SG,25,IND,5,126,7.9,0.454,0.257,0.229,0.0,7.7,4.0,26.2,1.9,0.0,18.9,16.2,-0.1,0.0,-0.1,-0.026,-4.8,-1.9,-6.7,-0.1,2025
292,Aaron Nesmith,SF,25,IND,6,136,12.1,0.659,0.306,0.361,3.5,15.9,10.0,6.0,1.4,1.3,10.7,14.8,0.2,0.1,0.3,0.097,-2.7,-0.8,-3.5,-0.1,2025
293,Georges Niang,PF,31,CLE,7,128,7.3,0.516,0.714,0.057,4.8,16.8,11.2,7.3,1.1,0.7,16.3,14.6,-0.1,0.2,0.1,0.048,-4.0,-1.0,-5.1,-0.1,2025
294,Zeke Nnaji,PF,24,DEN,2,6,33.6,0.75,0.25,0.0,0.0,0.0,0.0,48.2,0.0,16.1,0.0,27.8,0.0,0.0,0.0,0.331,2.9,8.4,11.3,0.0,2025
295,Jusuf Nurkić,C,30,PHO,6,133,6.2,0.489,0.4,0.575,6.0,33.5,20.6,9.9,0.7,2.5,29.5,23.8,-0.5,0.3,-0.2,-0.069,-9.0,-0.2,-9.2,-0.2,2025
296,Royce O'Neale,SF,31,PHO,6,155,15.4,0.647,0.667,0.205,5.1,21.7,14.0,16.2,1.3,3.2,14.1,14.2,0.3,0.3,0.5,0.166,0.8,1.8,2.6,0.2,2025
297,Onyeka Okongwu,C,24,ATL,5,122,19.8,0.683,0.243,0.514,7.2,16.3,11.7,10.1,1.1,3.2,4.2,16.0,0.4,0.0,0.4,0.175,2.5,-1.3,1.3,0.1,2025
298,Isaac Okoro,SG,24,CLE,7,133,11.0,0.586,0.48,0.44,6.5,8.9,7.8,6.8,2.2,2.0,6.3,10.5,0.2,0.2,0.4,0.151,-1.7,0.9,-0.8,0.0,2025
299,Kelly Oubre Jr.,SF,29,PHI,5,166,11.5,0.498,0.39,0.232,4.2,12.2,7.7,4.5,1.8,0.6,8.1,25.1,-0.1,0.1,0.0,0.003,-2.7,-2.6,-5.2,-0.1,2025
300,Chris Paul,PG,39,SAS,6,175,18.5,0.665,0.6,0.12,1.9,12.3,7.3,45.1,1.7,0.5,19.8,16.2,0.5,0.3,0.7,0.204,3.1,0.3,3.3,0.2,2025
301,Cameron Payne,PG,30,NYK,5,77,12.7,0.419,0.455,0.03,4.7,10.9,7.8,27.5,2.0,1.4,5.6,20.6,0.0,0.1,0.1,0.063,-1.8,-0.5,-2.4,0.0,2025
302,Gary Payton II,PG,32,GSW,6,67,19.3,0.674,0.316,0.211,6.4,6.0,6.2,14.2,4.3,1.3,8.8,14.3,0.2,0.2,0.4,0.263,0.1,3.8,3.9,0.1,2025
303,Drew Peterson,PF,25,BOS,2,6,8.3,0.0,1.0,0.0,0.0,19.6,9.6,0.0,8.1,31.1,50.0,14.2,0.0,0.0,0.0,-0.151,-9.3,12.2,3.0,0.0,2025
304,Julian Phillips,SF,21,CHI,6,83,7.1,0.496,0.696,0.217,3.6,6.9,5.3,4.9,2.7,0.0,13.7,14.4,-0.1,0.1,0.1,0.031,-5.2,0.5,-4.7,-0.1,2025
305,Jalen Pickett,SG,25,DEN,2,4,-9.3,0.0,1.0,0.0,0.0,0.0,0.0,0.0,0.0,0.0,0.0,10.4,0.0,0.0,0.0,-0.242,-11.5,-6.1,-17.6,0.0,2025
306,Scotty Pippen Jr.,PG,24,MEM,7,176,16.7,0.606,0.304,0.304,2.5,10.2,6.6,38.4,2.4,1.7,21.1,18.6,0.3,0.2,0.5,0.143,0.0,0.1,0.1,0.1,2025
307,Mason Plumlee,C,34,PHO,6,103,12.3,0.564,0.0,0.875,9.9,22.1,16.4,8.2,1.4,4.1,15.3,11.3,0.1,0.2,0.3,0.137,-4.0,1.0,-3.0,0.0,2025
308,Brandin Podziemski,SG,21,GSW,6,184,8.5,0.428,0.451,0.085,5.3,13.1,9.3,19.5,1.1,1.9,14.0,19.5,-0.1,0.4,0.2,0.063,-4.6,-0.7,-5.3,-0.2,2025
309,Jakob Poeltl,C,29,TOR,7,228,17.7,0.618,0.0,0.306,14.2,27.7,20.9,12.3,1.0,3.9,18.9,17.8,0.3,0.1,0.4,0.093,-0.9,-0.9,-1.8,0.0,2025
310,Jordan Poole,SG,25,WAS,5,152,21.2,0.646,0.551,0.231,1.4,2.9,2.1,29.0,4.2,1.9,16.5,27.6,0.3,0.1,0.4,0.115,4.3,0.5,4.7,0.3,2025
311,Craig Porter Jr.,PG,24,CLE,4,19,14.0,0.4,0.4,0.0,0.0,16.9,9.1,24.6,0.0,9.4,0.0,11.5,0.0,0.0,0.1,0.13,-0.3,1.4,1.1,0.0,2025
312,Kevin Porter Jr.,SG,24,LAC,6,96,4.6,0.385,0.309,0.091,5.5,18.4,11.8,21.6,2.5,1.1,20.8,31.7,-0.5,0.2,-0.3,-0.175,-8.7,-1.8,-10.6,-0.2,2025
313,Michael Porter Jr.,SF,26,DEN,6,218,14.1,0.569,0.482,0.108,3.8,17.5,10.4,10.3,1.3,0.4,6.5,17.8,0.3,0.2,0.5,0.101,0.9,-1.7,-0.8,0.1,2025
314,Bobby Portis,PF,29,MIL,6,145,13.2,0.517,0.254,0.032,8.8,24.9,16.8,6.5,1.3,1.9,15.8,22.6,-0.2,0.1,0.0,-0.016,-2.8,-2.5,-5.3,-0.1,2025
315,Dwight Powell,C,33,DAL,4,10,26.5,1.042,0.0,1.0,29.8,0.0,15.5,0.0,0.0,0.0,25.8,16.5,0.1,0.0,0.1,0.301,3.2,-4.2,-1.0,0.0,2025
316,Norman Powell,SG,31,LAC,6,198,20.1,0.641,0.477,0.183,1.1,8.4,4.6,9.3,1.2,1.0,8.5,27.5,0.4,0.2,0.6,0.144,5.4,-1.0,4.4,0.3,2025
317,Taurean Prince,PF,30,MIL,6,185,12.4,0.73,0.595,0.0,3.4,14.9,9.2,7.4,2.1,0.0,11.9,9.8,0.3,0.1,0.4,0.104,-0.4,-0.2,-0.6,0.1,2025
318,Payton Pritchard,SG,27,BOS,7,195,19.0,0.66,0.846,0.154,3.5,9.0,6.2,13.6,2.2,0.0,6.7,19.6,0.7,0.2,0.9,0.209,3.4,0.1,3.5,0.3,2025
319,Olivier-Maxence Prosper,PF,22,DAL,3,7,-2.2,,,,0.0,0.0,0.0,0.0,0.0,0.0,,0.0,0.0,0.0,0.0,-0.002,-9.5,-3.1,-12.6,0.0,2025
320,Trevelin Queen,SG,27,ORL,1,3,-16.5,,,,0.0,0.0,0.0,0.0,0.0,0.0,100.0,14.2,0.0,0.0,0.0,-0.445,-16.6,-7.3,-23.8,0.0,2025
321,Neemias Queta,C,25,BOS,6,73,18.5,0.718,0.05,0.1,18.4,20.9,19.7,6.2,0.0,1.3,12.6,14.0,0.3,0.1,0.3,0.216,0.0,-1.9,-1.9,0.0,2025
322,Immanuel Quickley,PG,25,TOR,1,14,25.0,0.604,0.444,0.444,0.0,16.4,8.1,46.6,3.4,0.0,15.7,36.7,0.0,0.0,0.0,0.169,5.4,-0.4,5.1,0.0,2025
323,Lester Quiñones,SG,24,PHI,1,3,10.2,0.0,1.0,0.0,33.3,0.0,18.6,45.1,0.0,0.0,0.0,14.1,0.0,0.0,0.0,-0.079,4.0,-5.3,-1.3,0.0,2025
324,Julius Randle,PF,30,MIN,6,206,21.7,0.698,0.286,0.381,5.7,16.9,11.4,24.4,0.7,0.0,15.5,24.9,0.7,0.1,0.8,0.184,3.5,-0.6,2.9,0.3,2025
325,Duop Reath,C,28,POR,4,14,13.3,0.5,0.667,0.0,7.0,7.5,7.2,21.8,0.0,7.0,14.3,20.3,0.0,0.0,0.0,0.028,2.5,-1.4,1.1,0.0,2025
326,Austin Reaves,SG,26,LAL,6,206,16.5,0.623,0.486,0.361,4.5,13.0,8.8,21.0,1.8,1.3,16.1,20.4,0.3,0.1,0.4,0.104,1.3,-0.3,1.0,0.2,2025
327,Cam Reddish,SF,25,LAL,1,9,-8.1,0.0,0.0,0.0,0.0,13.0,6.5,0.0,0.0,0.0,50.0,9.4,0.0,0.0,-0.1,-0.267,-10.0,-4.8,-14.8,0.0,2025
328,Paul Reed,PF,25,DET,2,14,17.2,0.46,0.2,0.2,16.3,8.1,12.2,21.7,3.5,13.9,26.9,23.1,0.0,0.0,0.0,0.011,-2.3,3.1,0.8,0.0,2025
329,Alex Reese,PF,25,OKC,1,2,54.0,1.0,0.0,0.0,51.2,0.0,24.9,0.0,0.0,0.0,0.0,21.0,0.0,0.0,0.0,0.635,21.8,-3.9,17.9,0.0,2025
330,Antonio Reeves,SG,24,NOP,2,5,-51.8,0.0,0.667,0.0,0.0,22.2,11.0,0.0,0.0,0.0,14.3,58.7,-0.1,0.0,-0.1,-1.416,-45.2,-25.0,-70.2,-0.1,2025
331,Naz Reid,C,25,MIN,6,149,18.3,0.706,0.51,0.314,2.4,25.6,14.2,11.7,0.3,2.3,13.4,19.9,0.3,0.1,0.5,0.155,1.6,0.3,1.9,0.1,2025
332,Nick Richards,C,27,CHO,5,137,20.9,0.644,0.03,0.667,15.7,25.0,20.2,9.4,0.7,8.6,14.1,14.9,0.4,0.1,0.5,0.16,-0.1,0.0,-0.1,0.1,2025
333,Josh Richardson,SG,31,MIA,1,16,-8.1,0.0,0.5,0.0,6.4,0.0,3.2,7.9,0.0,0.0,0.0,10.8,-0.1,0.0,-0.1,-0.189,-13.4,-1.8,-15.2,-0.1,2025
334,Zaccharie Risacher,SF,19,ATL,6,145,4.6,0.393,0.474,0.211,5.3,7.6,6.4,5.9,1.3,4.0,10.1,19.7,-0.3,0.0,-0.3,-0.109,-6.5,-3.7,-10.2,-0.3,2025
335,Liam Robbins,C,25,MIL,1,5,7.5,0.532,0.0,2.0,0.0,0.0,0.0,0.0,0.0,0.0,0.0,16.2,0.0,0.0,0.0,-0.087,-2.5,-4.2,-6.7,0.0,2025
336,Duncan Robinson,SF,30,MIA,4,65,-0.3,0.35,0.733,0.0,0.0,6.2,3.1,4.6,0.0,3.0,6.3,21.3,-0.2,0.0,-0.2,-0.135,-9.3,-4.8,-14.1,-0.2,2025
337,Jeremiah Robinson-Earl,PF,24,NOP,6,57,14.5,0.718,0.429,0.214,11.4,11.7,11.5,10.1,0.8,0.0,20.7,14.2,0.1,0.0,0.1,0.102,-0.1,-2.3,-2.4,0.0,2025
338,David Roddy,PF,23,ATL,4,98,16.3,0.65,0.448,0.379,2.2,23.6,12.9,12.1,2.4,2.0,12.9,16.3,0.1,0.1,0.2,0.103,0.4,-0.2,0.3,0.1,2025
339,Ryan Rollins,PG,22,MIL,4,10,17.4,0.798,1.0,2.0,0.0,0.0,0.0,13.4,0.0,9.3,21.0,20.5,0.0,0.0,0.0,0.173,2.4,0.3,2.8,0.0,2025
340,Terry Rozier,PG,30,MIA,5,163,14.9,0.565,0.571,0.2,0.6,13.6,7.1,21.8,0.9,1.2,10.6,22.6,0.2,0.2,0.4,0.106,0.5,-0.9,-0.4,0.1,2025
341,Rayan Rupert,SG,20,POR,6,70,17.1,0.678,0.435,0.13,4.2,10.4,7.2,4.7,3.4,1.4,7.6,15.3,0.1,0.1,0.2,0.151,0.9,1.5,2.4,0.1,2025
342,D'Angelo Russell,PG,28,LAL,6,186,12.3,0.539,0.548,0.21,1.9,6.9,4.4,25.8,1.3,0.5,11.7,17.4,0.2,0.0,0.3,0.068,-1.0,-1.6,-2.6,0.0,2025
343,Domantas Sabonis,C,28,SAC,6,221,23.8,0.711,0.162,0.514,10.1,29.0,19.9,25.7,0.9,0.9,16.6,21.0,0.9,0.3,1.2,0.252,3.7,0.7,4.4,0.4,2025
344,Tidjane Salaün,PF,19,CHO,4,60,8.3,0.466,0.833,0.167,3.6,17.1,10.2,8.5,1.6,0.0,7.2,9.5,0.0,0.0,0.0,0.032,-1.9,-1.3,-3.2,0.0,2025
345,Adama Sanogo,C,22,CHI,2,9,12.8,0.5,0.0,0.0,10.9,0.0,5.4,18.3,0.0,0.0,0.0,18.2,0.0,0.0,0.0,0.106,-0.6,-0.7,-1.3,0.0,2025
346,Gui Santos,PF,22,GSW,4,15,1.4,0.521,0.5,1.0,0.0,26.8,13.9,16.0,0.0,0.0,41.0,13.7,0.0,0.0,0.0,0.003,-11.6,0.0,-11.6,0.0,2025
347,Dario Šarić,PF,30,DEN,5,44,-1.6,0.194,0.25,0.167,9.4,10.2,9.8,2.8,1.1,0.0,13.4,14.1,-0.2,0.0,-0.1,-0.148,-9.7,-5.4,-15.2,-0.1,2025
348,Alex Sarr,PF,19,WAS,5,124,14.4,0.476,0.521,0.167,6.7,20.1,13.3,9.2,1.1,10.6,5.5,17.9,0.0,0.1,0.1,0.054,-2.5,0.3,-2.2,0.0,2025
349,Marcus Sasser,PG,24,DET,3,24,10.1,0.667,0.333,0.0,4.8,4.7,4.7,17.4,2.1,0.0,25.0,7.2,0.0,0.0,0.0,0.073,-3.6,-0.6,-4.3,0.0,2025
350,Baylor Scheierman,SG,24,BOS,2,10,8.0,0.515,0.667,0.667,0.0,11.8,5.7,0.0,0.0,0.0,0.0,16.6,0.0,0.0,0.0,0.075,-6.2,-1.2,-7.4,0.0,2025
351,Dennis Schröder,PG,31,BRK,6,210,21.2,0.68,0.471,0.264,0.6,9.0,4.7,35.2,1.6,0.0,14.1,23.1,0.8,0.1,0.8,0.191,4.9,-1.6,3.3,0.3,2025
352,Alperen Sengun,C,22,HOU,6,169,19.7,0.466,0.12,0.373,14.9,30.4,22.1,20.9,2.3,2.1,11.0,26.2,0.1,0.3,0.5,0.131,1.4,1.0,2.4,0.2,2025
353,Brice Sensabaugh,SF,21,UTA,6,89,11.6,0.629,0.643,0.179,5.6,9.1,7.4,8.1,1.6,0.0,18.8,17.0,0.0,0.0,0.0,0.025,-0.4,-1.5,-2.0,0.0,2025
354,Collin Sexton,SG,26,UTA,6,141,11.5,0.578,0.232,0.571,0.7,9.3,5.0,18.9,1.7,0.6,20.4,25.3,-0.1,0.1,0.0,-0.005,-3.6,-1.2,-4.7,-0.1,2025
355,Terrence Shannon Jr.,SG,24,MIN,1,3,0.0,,,,0.0,0.0,0.0,0.0,0.0,0.0,,0.0,0.0,0.0,0.0,-0.01,-6.0,-2.8,-8.8,0.0,2025
356,Jamal Shead,PG,22,TOR,7,130,7.8,0.454,0.348,0.174,0.9,5.3,3.1,35.1,1.1,0.7,22.0,19.7,-0.1,-0.1,-0.1,-0.049,-3.8,-3.9,-7.7,-0.2,2025
357,Ben Sheppard,SG,23,IND,6,109,13.7,0.726,0.71,0.0,3.3,10.9,7.3,6.4,0.4,1.6,3.1,12.6,0.3,0.0,0.3,0.112,1.6,-1.8,-0.2,0.0,2025
358,Reed Sheppard,SG,20,HOU,6,50,7.5,0.5,0.467,0.0,1.9,6.7,4.2,23.1,1.0,1.8,21.1,15.5,0.0,0.0,0.0,0.024,-3.7,-0.4,-4.1,0.0,2025
359,Pascal Siakam,PF,30,IND,6,199,21.4,0.626,0.33,0.182,7.8,16.3,12.2,25.6,1.2,0.9,8.7,22.5,0.6,0.1,0.7,0.162,4.9,-0.8,4.1,0.3,2025
360,Ben Simmons,PG,28,BRK,5,122,11.5,0.652,0.0,0.182,5.7,23.3,14.4,33.9,1.2,3.2,41.7,14.3,0.0,0.1,0.2,0.059,-3.3,1.8,-1.5,0.0,2025
361,Anfernee Simons,SG,25,POR,7,239,12.3,0.498,0.492,0.28,0.8,7.9,4.2,24.9,1.2,0.4,12.5,25.8,0.0,0.1,0.1,0.011,0.1,-2.3,-2.3,0.0,2025
362,Jericho Sims,C,26,NYK,5,69,8.7,0.667,0.0,0.0,14.1,22.5,18.4,1.7,0.0,4.7,33.3,5.8,0.1,0.1,0.1,0.079,-3.4,-1.8,-5.2,-0.1,2025
363,Marcus Smart,PG,30,MEM,5,99,6.2,0.36,0.529,0.324,5.6,6.1,5.8,17.0,2.8,3.0,15.3,18.8,-0.2,0.1,-0.1,-0.034,-6.5,-0.8,-7.3,-0.1,2025
364,Dru Smith,SG,27,MIA,4,28,7.2,0.333,0.167,0.0,7.3,17.9,12.6,9.9,0.0,13.9,25.0,12.4,-0.1,0.1,0.0,-0.016,-6.4,1.4,-4.9,0.0,2025
365,Jabari Smith Jr.,PF,21,HOU,6,196,13.3,0.545,0.515,0.288,7.9,18.8,13.0,5.3,0.8,1.4,7.5,16.7,0.3,0.2,0.5,0.128,-0.6,-1.0,-1.6,0.0,2025
366,Jalen Smith,PF,24,CHI,5,68,25.7,0.697,0.567,0.5,13.0,26.8,20.0,4.9,1.3,1.2,5.2,23.3,0.3,0.1,0.4,0.271,5.3,-0.6,4.7,0.1,2025
367,Nick Smith Jr.,SG,20,CHO,1,10,3.6,0.4,0.4,0.0,0.0,11.4,5.5,0.0,0.0,0.0,0.0,20.6,0.0,0.0,0.0,-0.095,-9.0,-3.9,-12.9,0.0,2025
368,Tyler Smith,PF,20,MIL,5,15,10.9,0.7,0.6,0.0,7.1,14.2,10.6,0.0,0.0,0.0,16.7,17.2,0.0,0.0,0.0,0.039,-4.2,-3.8,-8.1,0.0,2025
369,Jeremy Sochan,PF,21,SAS,6,193,17.1,0.553,0.133,0.301,9.3,18.5,14.1,17.7,1.5,1.5,13.0,24.2,0.2,0.3,0.5,0.124,-0.1,0.1,0.0,0.1,2025
370,Pat Spencer,PG,28,GSW,2,4,33.9,0.667,0.0,0.0,0.0,0.0,0.0,62.3,0.0,0.0,0.0,31.5,0.0,0.0,0.0,0.333,6.7,-2.0,4.6,0.0,2025
371,Jaden Springer,PG,22,BOS,3,8,6.5,0.266,0.0,2.0,28.0,14.7,21.5,14.6,0.0,0.0,34.7,15.4,0.0,0.0,0.0,-0.039,-2.7,-3.3,-6.0,0.0,2025
372,Isaiah Stewart,C,23,DET,6,117,12.8,0.556,0.214,0.5,16.6,22.3,19.5,14.8,2.1,5.8,36.9,10.0,0.1,0.2,0.2,0.09,-3.8,2.3,-1.5,0.0,2025
373,Julian Strawther,SG,22,DEN,6,113,13.5,0.696,0.486,0.2,2.8,8.0,5.3,6.6,3.0,0.0,13.6,16.3,0.2,0.1,0.3,0.114,-2.2,0.2,-2.0,0.0,2025
374,Jalen Suggs,SG,23,ORL,6,171,22.7,0.624,0.588,0.275,1.2,20.2,10.5,26.8,3.9,2.8,14.3,26.1,0.3,0.3,0.6,0.18,3.5,2.9,6.4,0.4,2025
375,Jae'Sean Tate,SF,29,HOU,1,2,14.0,,,,0.0,55.9,26.0,61.6,0.0,0.0,,0.0,0.0,0.0,0.0,0.31,-4.0,9.5,5.5,0.0,2025
376,Jayson Tatum,SF,26,BOS,7,246,27.3,0.632,0.568,0.468,2.3,22.9,12.4,22.3,2.6,1.5,10.2,32.4,0.9,0.4,1.3,0.26,6.4,1.3,7.7,0.6,2025
377,Garrett Temple,SG,38,TOR,2,9,12.4,0.5,0.5,0.0,0.0,0.0,0.0,28.2,5.3,0.0,0.0,8.9,0.0,0.0,0.0,0.125,-3.7,3.5,-0.3,0.0,2025
378,Dalen Terry,SG,22,CHI,6,56,5.6,0.44,0.182,0.545,1.8,8.6,5.2,7.1,2.4,3.0,12.8,11.4,0.0,0.1,0.0,0.039,-8.4,1.7,-6.7,-0.1,2025
379,Daniel Theis,C,32,NOP,6,93,11.9,0.469,0.333,0.381,5.8,26.2,15.9,17.2,1.0,5.9,16.9,13.3,0.0,0.1,0.1,0.059,-3.7,0.7,-3.0,0.0,2025
380,Cam Thomas,SG,23,BRK,6,207,20.3,0.592,0.418,0.385,2.2,9.7,5.9,13.6,1.6,0.0,8.9,32.5,0.4,0.1,0.5,0.117,2.3,-2.6,-0.3,0.1,2025
381,Amen Thompson,SF,22,HOU,6,136,12.6,0.565,0.186,0.442,7.8,17.3,12.2,11.2,1.1,1.3,20.2,19.3,0.0,0.2,0.2,0.064,-2.1,-0.4,-2.5,0.0,2025
382,Klay Thompson,SG,34,DAL,5,147,15.7,0.597,0.766,0.047,2.7,8.1,5.3,6.1,2.0,0.0,3.0,19.5,0.3,0.1,0.4,0.129,2.5,-1.4,1.1,0.1,2025
383,Tristan Thompson,PF,33,CLE,4,23,9.3,0.61,0.0,0.833,0.0,23.3,12.5,5.8,0.0,0.0,19.6,19.4,0.0,0.0,0.0,-0.023,-4.5,-2.6,-7.1,0.0,2025
384,Xavier Tillman Sr.,PF,26,BOS,6,77,5.1,0.361,0.556,0.0,7.3,18.3,12.7,6.6,1.9,0.0,14.3,11.6,-0.1,0.1,0.0,0.01,-5.7,-1.0,-6.7,-0.1,2025
385,Jacob Toppin,SF,24,NYK,3,10,8.5,0.5,0.5,0.0,0.0,11.9,6.0,12.3,0.0,0.0,0.0,8.9,0.0,0.0,0.0,0.056,-2.9,-2.5,-5.4,0.0,2025
386,Obi Toppin,PF,26,IND,6,125,17.0,0.657,0.442,0.302,6.6,11.2,9.0,11.7,1.6,1.4,12.6,19.2,0.3,0.0,0.3,0.111,1.8,-1.3,0.5,0.1,2025
387,Karl-Anthony Towns,C,29,NYK,5,154,29.4,0.68,0.239,0.338,8.7,34.9,21.9,14.8,1.3,2.1,6.9,25.4,0.8,0.2,1.0,0.305,6.7,0.3,7.0,0.4,2025
388,Luke Travers,SG,23,CLE,1,4,74.7,1.064,0.0,2.0,31.0,26.8,28.8,70.3,0.0,22.4,0.0,20.5,0.1,0.0,0.1,1.181,34.7,15.9,50.5,0.1,2025
389,Gary Trent Jr.,SG,26,MIL,6,186,4.3,0.454,0.692,0.231,0.0,5.1,2.6,4.3,1.5,0.0,8.0,14.4,-0.2,0.0,-0.2,-0.045,-6.4,-1.9,-8.3,-0.3,2025
390,Myles Turner,C,28,IND,5,152,9.8,0.559,0.429,0.339,1.6,19.2,10.8,8.5,1.3,5.3,20.9,23.0,-0.2,0.1,-0.1,-0.041,-5.4,-0.8,-6.2,-0.2,2025
391,Hunter Tyson,PF,24,DEN,3,33,11.0,0.541,0.429,0.429,3.1,17.0,9.8,16.1,0.0,0.0,0.0,10.5,0.1,0.0,0.1,0.125,-2.1,-1.3,-3.4,0.0,2025
392,Jaylon Tyson,SG,22,CLE,4,21,2.0,0.717,0.5,0.5,0.0,20.4,11.0,11.0,0.0,0.0,38.1,16.4,0.0,0.0,0.0,-0.001,-9.1,-1.8,-10.9,0.0,2025
393,Jonas Valančiūnas,C,32,WAS,5,104,18.6,0.607,0.044,0.267,11.0,27.1,18.9,20.5,0.9,0.9,19.3,24.4,0.1,0.1,0.2,0.07,-0.3,-1.4,-1.7,0.0,2025
394,Fred VanVleet,PG,30,HOU,6,227,10.0,0.431,0.679,0.231,2.6,6.9,4.6,20.9,2.0,0.4,4.4,16.1,0.2,0.2,0.4,0.084,-2.4,0.1,-2.2,0.0,2025
395,Gabe Vincent,PG,28,LAL,6,106,1.6,0.352,0.593,0.0,2.2,5.5,3.9,4.8,1.8,0.0,10.0,11.9,-0.2,0.0,-0.2,-0.075,-8.0,-1.6,-9.6,-0.2,2025
396,Nikola Vučević,C,34,CHI,6,200,22.5,0.673,0.322,0.23,8.8,23.0,16.0,17.0,0.5,1.7,9.5,21.7,0.7,0.3,0.9,0.225,4.2,0.2,4.4,0.3,2025
397,Dean Wade,PF,28,CLE,7,167,11.2,0.539,0.805,0.195,3.0,17.4,10.7,9.1,2.6,0.0,4.3,12.2,0.2,0.3,0.5,0.131,-1.4,1.0,-0.4,0.1,2025
398,Franz Wagner,SF,23,ORL,6,160,20.1,0.589,0.361,0.193,4.6,15.3,9.8,26.2,2.4,1.2,12.6,27.4,0.2,0.2,0.4,0.129,1.8,0.3,2.1,0.2,2025
399,Moritz Wagner,C,27,ORL,6,103,18.3,0.66,0.326,0.488,5.1,23.8,14.2,6.8,1.4,1.8,16.1,25.7,0.1,0.1,0.3,0.122,-1.7,-0.6,-2.4,0.0,2025
400,Jabari Walker,SF,22,POR,6,75,10.8,0.49,0.304,0.348,10.5,18.1,14.2,5.9,0.6,1.3,10.2,16.0,0.0,0.0,0.1,0.052,-3.2,-2.0,-5.2,-0.1,2025
401,Jarace Walker,PF,21,IND,6,54,12.9,0.582,0.5,0.222,6.6,12.0,9.4,12.8,5.4,0.0,23.3,20.5,0.0,0.1,0.0,0.036,-3.2,1.2,-2.0,0.0,2025
402,Cason Wallace,SG,21,OKC,6,152,11.8,0.529,0.432,0.023,2.7,10.2,6.6,7.7,3.4,1.9,8.3,13.4,0.0,0.5,0.5,0.152,-3.0,2.8,-0.2,0.1,2025
403,Keaton Wallace,PG,25,ATL,4,49,18.4,0.865,0.769,0.154,0.0,11.3,5.6,15.3,0.9,2.0,6.7,12.5,0.2,0.0,0.2,0.166,3.5,-0.3,3.2,0.1,2025
404,Jordan Walsh,SF,20,BOS,6,57,2.2,0.333,0.833,0.0,2.0,6.2,4.0,2.2,0.9,1.6,0.0,9.0,-0.1,0.0,0.0,-0.011,-5.5,-1.2,-6.7,-0.1,2025
405,Ja'Kobe Walter,SG,20,TOR,2,32,1.6,0.223,0.333,0.556,10.5,18.0,14.2,7.2,0.0,2.8,0.0,14.1,-0.1,0.0,-0.1,-0.093,-8.4,-3.8,-12.2,-0.1,2025
406,Kel'el Ware,C,20,MIA,2,9,-7.5,0.25,0.5,0.0,0.0,33.5,16.8,0.0,0.0,0.0,20.0,24.0,-0.1,0.0,-0.1,-0.299,-16.6,-5.8,-22.4,0.0,2025
407,P.J. Washington,PF,26,DAL,5,164,12.6,0.483,0.471,0.078,6.0,19.1,12.3,6.7,3.0,3.5,8.7,15.0,0.0,0.3,0.3,0.08,-2.4,0.5,-1.9,0.0,2025
408,Lindy Waters III,SG,27,GSW,6,90,18.6,0.693,0.679,0.071,3.6,10.0,6.9,16.6,1.6,1.0,0.0,13.5,0.3,0.2,0.5,0.277,2.3,0.6,2.9,0.1,2025
409,Peyton Watson,SG,22,DEN,6,95,5.3,0.33,0.286,0.286,7.7,9.5,8.5,5.5,2.6,3.1,7.1,18.6,-0.2,0.1,-0.1,-0.044,-7.0,-2.1,-9.0,-0.2,2025
410,Jaylen Wells,SF,21,MEM,7,174,9.0,0.512,0.477,0.185,5.1,9.8,7.5,9.0,0.5,0.6,9.1,18.0,0.0,0.1,0.1,0.036,-2.0,-2.6,-4.7,-0.1,2025
411,Victor Wembanyama,PF,21,SAS,6,186,19.0,0.54,0.461,0.281,7.2,25.8,16.9,17.1,1.6,9.3,17.4,28.1,-0.1,0.5,0.4,0.106,-0.5,2.4,1.9,0.2,2025
412,Blake Wesley,SG,21,SAS,6,47,4.2,0.42,0.35,0.3,4.8,4.3,4.5,19.5,0.0,0.0,18.1,25.4,-0.1,0.0,-0.1,-0.099,-5.6,-4.3,-9.9,-0.1,2025
413,Russell Westbrook,PG,36,DEN,6,136,8.7,0.359,0.339,0.5,4.6,11.6,7.9,26.5,4.3,2.8,16.0,24.9,-0.4,0.2,-0.1,-0.05,-6.0,0.3,-5.7,-0.1,2025
414,Coby White,PG,24,CHI,6,203,14.4,0.588,0.629,0.247,1.0,11.3,6.2,20.1,1.6,0.4,13.2,22.9,0.1,0.3,0.4,0.092,-0.2,-0.4,-0.6,0.1,2025
415,Derrick White,SG,30,BOS,7,235,19.7,0.646,0.656,0.204,2.4,12.0,7.1,17.2,1.2,3.2,6.5,19.7,0.8,0.3,1.1,0.219,3.8,0.3,4.1,0.4,2025
416,Cam Whitmore,SF,20,HOU,6,67,8.6,0.43,0.39,0.244,5.8,10.0,7.8,5.2,0.0,1.4,6.2,29.4,-0.1,0.0,-0.1,-0.047,-4.7,-3.9,-8.7,-0.1,2025
417,Aaron Wiggins,SG,26,OKC,6,125,16.7,0.599,0.36,0.04,4.9,15.5,10.4,11.5,2.2,1.5,10.5,19.1,0.1,0.4,0.5,0.193,0.1,1.5,1.6,0.1,2025
418,Andrew Wiggins,SF,29,GSW,4,107,22.8,0.665,0.469,0.306,8.1,14.1,11.2,12.6,0.9,2.5,8.3,23.8,0.4,0.2,0.6,0.267,5.7,-0.1,5.6,0.2,2025
419,Brandon Williams,PG,25,DAL,1,1,-37.6,0.0,0.0,0.0,0.0,0.0,0.0,0.0,0.0,0.0,0.0,42.6,0.0,0.0,0.0,-1.011,-28.9,-16.3,-45.2,0.0,2025
420,Cody Williams,SG,20,UTA,6,134,0.7,0.286,0.629,0.114,3.0,9.8,6.4,6.9,1.1,0.6,12.0,12.6,-0.3,0.0,-0.3,-0.11,-8.4,-1.8,-10.1,-0.3,2025
421,Grant Williams,PF,26,CHO,6,160,11.2,0.613,0.737,0.263,4.7,10.7,7.6,15.0,1.8,1.2,17.5,13.2,0.3,0.0,0.3,0.079,-1.7,-0.3,-2.0,0.0,2025
422,Jalen Williams,SG,23,OKC,6,186,16.6,0.505,0.302,0.188,3.3,17.7,10.7,25.2,3.0,1.5,12.6,26.9,-0.1,0.6,0.5,0.138,-1.0,2.3,1.3,0.2,2025
423,Jeenathan Williams,SG,25,HOU,1,2,74.0,1.5,1.0,0.0,0.0,100.0,52.0,0.0,0.0,0.0,0.0,20.4,0.0,0.0,0.0,0.509,28.7,13.4,42.1,0.0,2025
424,Patrick Williams,PF,23,CHI,6,169,5.9,0.39,0.5,0.135,4.7,15.3,10.1,8.8,1.6,1.5,15.4,15.8,-0.3,0.2,-0.1,-0.028,-5.1,-0.5,-5.7,-0.2,2025
425,Ziaire Williams,SF,23,BRK,6,119,19.4,0.666,0.375,0.146,6.8,14.0,10.3,11.9,2.8,2.5,12.1,20.9,0.2,0.1,0.4,0.151,1.8,0.6,2.4,0.1,2025
426,Zion Williamson,PF,24,NOP,5,157,18.2,0.501,0.07,0.547,9.7,18.3,14.0,30.0,0.9,3.5,14.4,33.3,0.0,0.1,0.1,0.029,0.0,-1.4,-1.5,0.0,2025
427,Jalen Wilson,PF,24,BRK,6,132,11.6,0.636,0.625,0.406,5.3,12.6,8.9,12.1,1.1,0.0,15.7,14.5,0.2,0.0,0.3,0.097,-1.5,-1.4,-2.9,0.0,2025
428,James Wiseman,C,23,IND,1,5,32.1,0.615,0.25,0.5,0.0,21.6,11.3,0.0,0.0,0.0,0.0,42.0,0.0,0.0,0.0,0.249,5.6,-5.7,-0.1,0.0,2025
429,Delon Wright,PG,32,MIL,6,87,5.6,0.577,0.538,0.0,0.0,4.9,2.4,8.9,1.1,2.1,18.8,7.9,0.0,0.0,0.0,0.007,-4.8,-1.0,-5.8,-0.1,2025
430,Guerschon Yabusele,PF,29,PHI,5,98,13.0,0.587,0.607,0.214,7.1,15.5,10.8,16.8,3.5,2.0,22.7,17.1,0.0,0.1,0.1,0.065,-2.5,1.3,-1.3,0.0,2025
431,Trae Young,PG,26,ATL,6,234,19.9,0.575,0.5,0.508,3.3,11.3,7.3,47.6,1.6,0.8,19.1,31.4,0.4,0.0,0.4,0.081,3.5,-3.8,-0.2,0.1,2025
432,Ivica Zubac,C,27,LAC,6,206,19.3,0.586,0.0,0.408,11.8,29.5,20.4,11.9,1.2,2.5,12.7,21.0,0.3,0.3,0.6,0.143,0.9,-0.1,0.7,0.1,2025
